image_id,selected_path,arps_score,fallback_used,contrast,sharpness,noise,illumination_variation,vessel_similarity,delta_noise,delta_contrast,selection_reason
aptos_1770,PATH_B,0.4096,False,19.2563,631.9194,1.4826,18.1481,0.9081,0.0,0.5896,Selected PATH_B with highest valid ARPS score (0.4096) satisfying all retinal preservation constraints.
aptos_2005,PATH_C,0.8976,False,15.5565,3124.3681,2.9652,7.8066,0.9718,1.4826,0.1759,Selected PATH_C with highest valid ARPS score (0.8976) satisfying all retinal preservation constraints.
aptos_3314,PATH_C,0.9407,False,15.7829,2811.1064,2.9652,7.4406,0.9733,1.4826,-2.0883,Selected PATH_C with highest valid ARPS score (0.9407) satisfying all retinal preservation constraints.
aptos_0209,PATH_A,1.4517,False,15.2988,2524.1438,2.9652,10.3357,0.9809,1.4826,4.9512,Selected PATH_A with highest valid ARPS score (1.4517) satisfying all retinal preservation constraints.
aptos_3120,PATH_C,1.4464,False,15.0643,960.3401,2.9652,7.2005,0.9712,1.4826,3.6001,Selected PATH_C with highest valid ARPS score (1.4464) satisfying all retinal preservation constraints.
aptos_3118,PATH_A,1.4496,False,14.6532,1202.2532,2.9652,11.5998,0.9689,1.4826,4.9237,Selected PATH_A with highest valid ARPS score (1.4496) satisfying all retinal preservation constraints.
aptos_1842,PATH_A,1.4019,False,24.035,3553.5414,2.9652,20.5479,0.9785,1.4826,4.4176,Selected PATH_A with highest valid ARPS score (1.4019) satisfying all retinal preservation constraints.
aptos_3095,PATH_C,0.9166,False,16.325,3157.149,2.9652,6.788,0.9715,1.4826,0.7486,Selected PATH_C with highest valid ARPS score (0.9166) satisfying all retinal preservation constraints.
aptos_3434,PATH_A,1.394,False,24.151,2605.0755,2.9652,19.2373,0.9734,1.4826,1.9632,Selected PATH_A with highest valid ARPS score (1.3940) satisfying all retinal preservation constraints.
aptos_2273,PATH_A,1.4399,False,18.8746,3775.2593,2.9652,13.3029,0.9845,1.4826,5.7027,Selected PATH_A with highest valid ARPS score (1.4399) satisfying all retinal preservation constraints.
aptos_3119,PATH_B,0.4043,False,18.0503,618.7787,1.4826,15.1744,0.9232,0.0,0.5949,Selected PATH_B with highest valid ARPS score (0.4043) satisfying all retinal preservation constraints.
aptos_2638,PATH_A,1.3612,False,22.4857,6288.8612,4.4478,17.0573,0.9807,1.4826,1.9284,Selected PATH_A with highest valid ARPS score (1.3612) satisfying all retinal preservation constraints.
aptos_1477,PATH_A,1.4298,False,17.3999,2625.5986,2.9652,13.9676,0.9394,1.4826,4.7057,Selected PATH_A with highest valid ARPS score (1.4298) satisfying all retinal preservation constraints.
aptos_1764,PATH_C,1.4346,False,13.2379,1528.5896,2.9652,6.6808,0.9745,1.4826,1.7283,Selected PATH_C with highest valid ARPS score (1.4346) satisfying all retinal preservation constraints.
aptos_2412,PATH_A,1.4194,False,18.8676,3489.3953,2.9652,15.0859,0.9758,1.4826,3.8098,Selected PATH_A with highest valid ARPS score (1.4194) satisfying all retinal preservation constraints.
aptos_1448,PATH_A,1.3808,False,23.0963,1718.6893,2.9652,27.0855,0.9694,1.4826,3.8565,Selected PATH_A with highest valid ARPS score (1.3808) satisfying all retinal preservation constraints.
aptos_1914,PATH_A,0.9954,False,18.3306,3476.2514,2.9652,15.4153,0.9728,1.4826,0.9788,Selected PATH_A with highest valid ARPS score (0.9954) satisfying all retinal preservation constraints.
aptos_2559,PATH_A,1.394,False,21.0196,5731.2401,4.4478,17.219,0.9803,1.4826,2.0802,Selected PATH_A with highest valid ARPS score (1.3940) satisfying all retinal preservation constraints.
aptos_1048,PATH_A,1.4303,False,20.1562,2654.195,2.9652,15.5622,0.9839,1.4826,5.6997,Selected PATH_A with highest valid ARPS score (1.4303) satisfying all retinal preservation constraints.
aptos_1357,PATH_C,1.4545,False,14.1807,1214.8111,2.9652,6.6759,0.9785,1.4826,3.9668,Selected PATH_C with highest valid ARPS score (1.4545) satisfying all retinal preservation constraints.
aptos_3570,PATH_A,1.5365,False,21.8115,1652.5698,1.4826,22.2133,0.9767,0.0,4.2604,Selected PATH_A with highest valid ARPS score (1.5365) satisfying all retinal preservation constraints.
aptos_0999,PATH_C,1.5995,False,20.4451,1106.9127,1.4826,6.4102,0.9786,0.0,6.4851,Selected PATH_C with highest valid ARPS score (1.5995) satisfying all retinal preservation constraints.
aptos_2206,PATH_A,1.3785,False,23.0588,1569.6301,2.9652,29.081,0.9791,1.4826,4.3542,Selected PATH_A with highest valid ARPS score (1.3785) satisfying all retinal preservation constraints.
aptos_2497,PATH_C,1.0022,False,14.1302,2870.5545,2.9652,8.2554,0.9752,1.4826,-2.0213,Selected PATH_C with highest valid ARPS score (1.0022) satisfying all retinal preservation constraints.
aptos_1618,PATH_B,0.5321,False,19.508,626.0334,1.4826,28.1404,0.8826,-1.4826,4.0294,Selected PATH_B with highest valid ARPS score (0.5321) satisfying all retinal preservation constraints.
aptos_1568,PATH_A,1.3915,False,21.19,2676.206,2.9652,25.4907,0.9788,1.4826,4.4827,Selected PATH_A with highest valid ARPS score (1.3915) satisfying all retinal preservation constraints.
aptos_1969,PATH_A,1.3761,False,24.4472,1155.8095,2.9652,26.1284,0.9721,1.4826,2.3981,Selected PATH_A with highest valid ARPS score (1.3761) satisfying all retinal preservation constraints.
aptos_1996,PATH_A,1.5339,False,19.4805,788.2505,1.4826,26.0282,0.9765,0.0,4.9689,Selected PATH_A with highest valid ARPS score (1.5339) satisfying all retinal preservation constraints.
aptos_1670,PATH_C,0.9276,False,15.1292,3182.2457,2.9652,7.7731,0.9774,1.4826,-1.0323,Selected PATH_C with highest valid ARPS score (0.9276) satisfying all retinal preservation constraints.
aptos_1375,PATH_A,1.3837,False,24.8092,2673.3688,1.4826,30.1693,0.9742,0.0,5.0526,Selected PATH_A with highest valid ARPS score (1.3837) satisfying all retinal preservation constraints.
aptos_2515,PATH_C,1.3156,False,13.1995,2114.8239,2.9652,8.6334,0.9737,1.4826,-2.8874,Selected PATH_C with highest valid ARPS score (1.3156) satisfying all retinal preservation constraints.
aptos_1413,PATH_B,0.4041,False,16.0475,569.0066,1.4826,15.4787,0.9106,0.0,1.639,Selected PATH_B with highest valid ARPS score (0.4041) satisfying all retinal preservation constraints.
aptos_2154,PATH_B,0.4078,False,15.4154,614.9687,1.4826,13.7386,0.9121,0.0,0.5037,Selected PATH_B with highest valid ARPS score (0.4078) satisfying all retinal preservation constraints.
aptos_0981,PATH_C,0.8919,False,16.3493,3236.9498,2.9652,8.1264,0.963,1.4826,0.5648,Selected PATH_C with highest valid ARPS score (0.8919) satisfying all retinal preservation constraints.
aptos_1225,PATH_A,1.4149,False,17.3978,1074.3123,2.9652,17.879,0.9689,1.4826,4.0103,Selected PATH_A with highest valid ARPS score (1.4149) satisfying all retinal preservation constraints.
aptos_3174,PATH_A,1.5533,False,17.0155,1081.6927,1.4826,22.2919,0.9764,0.0,5.2747,Selected PATH_A with highest valid ARPS score (1.5533) satisfying all retinal preservation constraints.
aptos_2113,PATH_C,0.9508,False,14.5799,2827.2597,2.9652,8.6052,0.9738,1.4826,-1.0966,Selected PATH_C with highest valid ARPS score (0.9508) satisfying all retinal preservation constraints.
aptos_1935,PATH_C,1.5899,False,15.6075,782.6697,1.4826,6.5942,0.953,0.0,5.0238,Selected PATH_C with highest valid ARPS score (1.5899) satisfying all retinal preservation constraints.
aptos_1760,PATH_A,1.4276,False,16.0794,2162.5246,2.9652,12.1937,0.9729,1.4826,3.2717,Selected PATH_A with highest valid ARPS score (1.4276) satisfying all retinal preservation constraints.
aptos_0284,PATH_A,1.0146,False,16.8592,4666.006,2.9652,12.174,0.9686,1.4826,1.92,Selected PATH_A with highest valid ARPS score (1.0146) satisfying all retinal preservation constraints.
aptos_0813,PATH_B,0.4779,False,28.4486,865.6228,1.4826,22.3568,0.8919,0.0,1.205,Selected PATH_B with highest valid ARPS score (0.4779) satisfying all retinal preservation constraints.
aptos_3197,PATH_A,1.4484,False,16.054,2318.2482,2.9652,10.885,0.9818,1.4826,5.0262,Selected PATH_A with highest valid ARPS score (1.4484) satisfying all retinal preservation constraints.
aptos_1999,PATH_B,0.5768,False,18.6792,326.916,1.4826,16.7116,0.8821,0.0,1.5663,Selected PATH_B with highest valid ARPS score (0.5768) satisfying all retinal preservation constraints.
aptos_1123,PATH_A,1.4042,False,18.8435,2153.7284,2.9652,21.2102,0.9688,1.4826,4.1652,Selected PATH_A with highest valid ARPS score (1.4042) satisfying all retinal preservation constraints.
aptos_1882,PATH_A,1.5138,False,22.9803,978.4138,1.4826,29.1105,0.9605,0.0,4.0913,Selected PATH_A with highest valid ARPS score (1.5138) satisfying all retinal preservation constraints.
aptos_3116,PATH_A,1.3766,False,26.4029,1771.9695,2.9652,28.3208,0.9785,1.4826,4.1149,Selected PATH_A with highest valid ARPS score (1.3766) satisfying all retinal preservation constraints.
aptos_2163,PATH_A,1.38,False,25.4225,2792.8554,2.9652,23.8638,0.9757,1.4826,1.7804,Selected PATH_A with highest valid ARPS score (1.3800) satisfying all retinal preservation constraints.
aptos_0068,PATH_B,0.3913,False,16.8206,512.7195,1.4826,15.5015,0.8969,0.0,-0.0527,Selected PATH_B with highest valid ARPS score (0.3913) satisfying all retinal preservation constraints.
aptos_1531,PATH_C,0.9684,False,13.5646,2774.9582,2.9652,8.904,0.9665,1.4826,-4.1811,Selected PATH_C with highest valid ARPS score (0.9684) satisfying all retinal preservation constraints.
aptos_1515,PATH_A,1.4475,False,18.0918,2296.5353,2.9652,14.227,0.974,1.4826,6.5373,Selected PATH_A with highest valid ARPS score (1.4475) satisfying all retinal preservation constraints.
aptos_1221,PATH_A,1.4288,False,14.8906,2033.6181,2.9652,15.5287,0.9721,1.4826,4.1426,Selected PATH_A with highest valid ARPS score (1.4288) satisfying all retinal preservation constraints.
aptos_3039,PATH_B,0.5088,False,21.589,713.6083,1.4826,19.0867,0.9106,0.0,-0.5712,Selected PATH_B with highest valid ARPS score (0.5088) satisfying all retinal preservation constraints.
aptos_0739,PATH_A,1.4567,False,13.8579,2528.2502,2.9652,12.1742,0.9525,1.4826,5.3297,Selected PATH_A with highest valid ARPS score (1.4567) satisfying all retinal preservation constraints.
aptos_1029,PATH_A,1.5429,False,14.8068,784.7546,1.4826,24.657,0.9749,0.0,4.2773,Selected PATH_A with highest valid ARPS score (1.5429) satisfying all retinal preservation constraints.
aptos_0065,PATH_A,1.5322,False,22.4339,1613.5895,1.4826,26.1535,0.9758,0.0,5.526,Selected PATH_A with highest valid ARPS score (1.5322) satisfying all retinal preservation constraints.
aptos_1190,PATH_A,1.4304,False,17.8982,2776.7328,2.9652,15.2569,0.9792,1.4826,5.0113,Selected PATH_A with highest valid ARPS score (1.4304) satisfying all retinal preservation constraints.
aptos_0667,PATH_A,1.3991,False,26.9311,3931.5736,2.9652,19.7481,0.9808,1.4826,3.7617,Selected PATH_A with highest valid ARPS score (1.3991) satisfying all retinal preservation constraints.
aptos_2392,PATH_A,1.4969,False,24.4628,740.873,1.4826,32.5383,0.9671,0.0,2.6925,Selected PATH_A with highest valid ARPS score (1.4969) satisfying all retinal preservation constraints.
aptos_2036,PATH_A,1.3889,False,22.1341,2073.8996,2.9652,19.3374,0.9801,1.4826,0.5362,Selected PATH_A with highest valid ARPS score (1.3889) satisfying all retinal preservation constraints.
aptos_1049,PATH_C,1.4625,False,16.7125,655.6583,1.4826,6.8616,0.9599,0.0,5.2715,Selected PATH_C with highest valid ARPS score (1.4625) satisfying all retinal preservation constraints.
aptos_0154,PATH_B,0.5308,False,21.7895,411.8891,1.4826,30.521,0.899,0.0,1.6089,Selected PATH_B with highest valid ARPS score (0.5308) satisfying all retinal preservation constraints.
aptos_3451,PATH_A,1.4196,False,16.6845,1977.3977,2.9652,16.2281,0.9773,1.4826,3.779,Selected PATH_A with highest valid ARPS score (1.4196) satisfying all retinal preservation constraints.
aptos_3204,PATH_A,1.4983,False,24.7232,2266.5222,1.4826,35.9229,0.9677,0.0,5.0514,Selected PATH_A with highest valid ARPS score (1.4983) satisfying all retinal preservation constraints.
aptos_2252,PATH_C,0.6464,False,11.2178,976.0935,1.4826,12.3853,0.9616,0.0,-3.6605,Selected PATH_C with highest valid ARPS score (0.6464) satisfying all retinal preservation constraints.
aptos_0790,PATH_A,1.4685,False,14.8958,2138.1886,2.9652,12.4434,0.9816,1.4826,6.4022,Selected PATH_A with highest valid ARPS score (1.4685) satisfying all retinal preservation constraints.
aptos_3052,PATH_A,1.4156,False,17.92,1902.9695,2.9652,20.6575,0.9779,1.4826,5.0842,Selected PATH_A with highest valid ARPS score (1.4156) satisfying all retinal preservation constraints.
aptos_2057,PATH_C,1.1241,False,18.801,1674.6195,2.9652,7.6077,0.9798,1.4826,6.4985,Selected PATH_C with highest valid ARPS score (1.1241) satisfying all retinal preservation constraints.
aptos_2110,PATH_B,0.383,False,15.2401,538.836,1.4826,13.8348,0.9098,0.0,0.4713,Selected PATH_B with highest valid ARPS score (0.3830) satisfying all retinal preservation constraints.
aptos_3388,PATH_A,1.4361,False,16.9665,2383.4378,2.9652,14.1869,0.9716,1.4826,5.0882,Selected PATH_A with highest valid ARPS score (1.4361) satisfying all retinal preservation constraints.
aptos_0937,PATH_A,1.409,False,27.221,2486.7039,2.9652,16.3744,0.9807,1.4826,3.8778,Selected PATH_A with highest valid ARPS score (1.4090) satisfying all retinal preservation constraints.
aptos_0250,PATH_C,0.9842,False,15.6936,3610.0181,2.9652,7.8219,0.973,1.4826,-3.5452,Selected PATH_C with highest valid ARPS score (0.9842) satisfying all retinal preservation constraints.
aptos_1550,PATH_A,1.3978,False,18.9554,1447.8135,2.9652,18.9284,0.9754,1.4826,2.0714,Selected PATH_A with highest valid ARPS score (1.3978) satisfying all retinal preservation constraints.
aptos_3346,PATH_A,1.2468,False,14.6429,430.6747,1.4826,29.6726,0.954,1.4826,3.8078,Selected PATH_A with highest valid ARPS score (1.2468) satisfying all retinal preservation constraints.
aptos_1499,PATH_A,1.006,False,19.1403,3905.5383,2.9652,15.8053,0.9345,1.4826,-1.2978,Selected PATH_A with highest valid ARPS score (1.0060) satisfying all retinal preservation constraints.
aptos_0174,PATH_A,1.5245,False,23.6329,1915.0981,1.4826,26.2731,0.9604,0.0,4.7304,Selected PATH_A with highest valid ARPS score (1.5245) satisfying all retinal preservation constraints.
aptos_1179,PATH_A,1.4146,False,15.9889,1928.0174,2.9652,19.8276,0.9789,1.4826,4.1804,Selected PATH_A with highest valid ARPS score (1.4146) satisfying all retinal preservation constraints.
aptos_1905,PATH_A,1.4203,False,18.3587,1531.7645,2.9652,21.5846,0.9702,1.4826,6.0516,Selected PATH_A with highest valid ARPS score (1.4203) satisfying all retinal preservation constraints.
aptos_1480,PATH_C,0.9442,False,13.6923,2587.147,2.9652,8.3239,0.9741,1.4826,-2.052,Selected PATH_C with highest valid ARPS score (0.9442) satisfying all retinal preservation constraints.
aptos_2016,PATH_A,1.4049,False,17.5373,1602.3405,2.9652,19.6129,0.9789,1.4826,3.2749,Selected PATH_A with highest valid ARPS score (1.4049) satisfying all retinal preservation constraints.
aptos_0076,PATH_A,1.4237,False,19.6264,3258.838,2.9652,13.7887,0.9814,1.4826,4.0011,Selected PATH_A with highest valid ARPS score (1.4237) satisfying all retinal preservation constraints.
aptos_0649,PATH_A,1.5138,False,22.1519,1446.5128,1.4826,28.4345,0.9737,0.0,3.4209,Selected PATH_A with highest valid ARPS score (1.5138) satisfying all retinal preservation constraints.
aptos_0602,PATH_A,1.412,False,19.62,2176.4863,2.9652,24.3519,0.9647,1.4826,6.4508,Selected PATH_A with highest valid ARPS score (1.4120) satisfying all retinal preservation constraints.
aptos_3300,PATH_A,1.2758,False,32.1129,1658.7192,1.4826,33.0024,0.9685,0.0,1.7869,Selected PATH_A with highest valid ARPS score (1.2758) satisfying all retinal preservation constraints.
aptos_2863,PATH_A,1.4134,False,21.1408,5710.187,4.4478,17.9015,0.9794,1.4826,-0.1685,Selected PATH_A with highest valid ARPS score (1.4134) satisfying all retinal preservation constraints.
aptos_2484,PATH_A,1.4666,False,16.9639,2871.093,2.9652,11.3542,0.9758,1.4826,6.9762,Selected PATH_A with highest valid ARPS score (1.4666) satisfying all retinal preservation constraints.
aptos_1164,PATH_A,1.4264,False,15.1869,1542.6022,2.9652,12.0913,0.9737,1.4826,2.9046,Selected PATH_A with highest valid ARPS score (1.4264) satisfying all retinal preservation constraints.
aptos_3648,PATH_A,1.5819,False,16.6675,1646.2882,1.4826,14.0468,0.9786,0.0,5.6509,Selected PATH_A with highest valid ARPS score (1.5819) satisfying all retinal preservation constraints.
aptos_0660,PATH_C,1.4059,False,13.9529,1746.6787,2.9652,8.3796,0.963,1.4826,-2.1018,Selected PATH_C with highest valid ARPS score (1.4059) satisfying all retinal preservation constraints.
aptos_1583,PATH_A,1.4013,False,21.9899,2324.8269,2.9652,16.8128,0.9724,1.4826,1.9085,Selected PATH_A with highest valid ARPS score (1.4013) satisfying all retinal preservation constraints.
aptos_0254,PATH_C,0.7278,False,15.4819,2321.0685,2.9652,6.7161,0.9593,1.4826,0.7952,Selected PATH_C with highest valid ARPS score (0.7278) satisfying all retinal preservation constraints.
aptos_0658,PATH_A,1.4133,False,15.9577,1835.7596,2.9652,15.7517,0.9729,1.4826,2.7007,Selected PATH_A with highest valid ARPS score (1.4133) satisfying all retinal preservation constraints.
aptos_2872,PATH_C,0.9778,False,15.3362,3179.1306,2.9652,8.4198,0.9769,1.4826,-0.7438,Selected PATH_C with highest valid ARPS score (0.9778) satisfying all retinal preservation constraints.
aptos_1281,PATH_A,1.4449,False,15.2269,2736.8682,2.9652,11.1116,0.983,1.4826,4.5065,Selected PATH_A with highest valid ARPS score (1.4449) satisfying all retinal preservation constraints.
aptos_2217,PATH_A,1.3945,False,19.2366,1996.1663,2.9652,21.9288,0.9753,1.4826,3.0169,Selected PATH_A with highest valid ARPS score (1.3945) satisfying all retinal preservation constraints.
aptos_0509,PATH_A,1.4236,False,16.8622,2568.4324,2.9652,13.5445,0.973,1.4826,3.4128,Selected PATH_A with highest valid ARPS score (1.4236) satisfying all retinal preservation constraints.
aptos_0221,PATH_B,0.4799,False,28.3501,573.2992,1.4826,25.8281,0.9078,0.0,-0.9899,Selected PATH_B with highest valid ARPS score (0.4799) satisfying all retinal preservation constraints.
aptos_1513,PATH_A,1.4387,False,15.6135,2102.8872,2.9652,15.6363,0.9753,1.4826,5.2489,Selected PATH_A with highest valid ARPS score (1.4387) satisfying all retinal preservation constraints.
aptos_1005,PATH_C,1.1621,False,18.5603,2228.0551,2.9652,8.2549,0.9717,1.4826,1.201,Selected PATH_C with highest valid ARPS score (1.1621) satisfying all retinal preservation constraints.
aptos_2813,PATH_A,1.4042,False,21.7651,2576.9699,2.9652,17.368,0.9775,1.4826,2.7494,Selected PATH_A with highest valid ARPS score (1.4042) satisfying all retinal preservation constraints.
aptos_1769,PATH_C,0.6674,False,17.7703,1159.5468,1.4826,11.4303,0.9644,0.0,-2.2142,Selected PATH_C with highest valid ARPS score (0.6674) satisfying all retinal preservation constraints.
aptos_1794,PATH_A,1.4479,False,17.5925,2714.1659,2.9652,13.4502,0.9779,1.4826,6.1771,Selected PATH_A with highest valid ARPS score (1.4479) satisfying all retinal preservation constraints.
aptos_0468,PATH_A,1.3757,False,27.798,4340.6684,2.9652,26.841,0.9799,1.4826,3.0216,Selected PATH_A with highest valid ARPS score (1.3757) satisfying all retinal preservation constraints.
aptos_0500,PATH_C,0.7216,False,14.2888,790.5598,1.4826,12.0724,0.9511,0.0,-4.1469,Selected PATH_C with highest valid ARPS score (0.7216) satisfying all retinal preservation constraints.
aptos_1345,PATH_A,1.4982,False,31.8346,1231.7723,1.4826,31.118,0.9756,0.0,2.4754,Selected PATH_A with highest valid ARPS score (1.4982) satisfying all retinal preservation constraints.
aptos_0506,PATH_B,0.4073,False,21.3001,599.6704,1.4826,19.5024,0.9071,0.0,0.8507,Selected PATH_B with highest valid ARPS score (0.4073) satisfying all retinal preservation constraints.
aptos_3171,PATH_A,1.3868,False,19.4312,2351.7491,2.9652,21.4245,0.9726,1.4826,1.3816,Selected PATH_A with highest valid ARPS score (1.3868) satisfying all retinal preservation constraints.
aptos_3520,PATH_A,1.4183,False,18.2222,2090.5392,2.9652,15.2772,0.9782,1.4826,3.5675,Selected PATH_A with highest valid ARPS score (1.4183) satisfying all retinal preservation constraints.
aptos_1998,PATH_C,1.4166,False,13.7336,2088.339,2.9652,7.4905,0.9741,1.4826,-0.5762,Selected PATH_C with highest valid ARPS score (1.4166) satisfying all retinal preservation constraints.
aptos_3606,PATH_A,1.3974,False,23.028,3156.882,2.9652,20.5875,0.9694,1.4826,3.4978,Selected PATH_A with highest valid ARPS score (1.3974) satisfying all retinal preservation constraints.
aptos_1909,PATH_A,1.3728,False,30.0351,4570.0307,2.9652,27.8234,0.9779,1.4826,3.2607,Selected PATH_A with highest valid ARPS score (1.3728) satisfying all retinal preservation constraints.
aptos_1074,PATH_A,1.3875,False,22.9874,1785.5505,2.9652,23.3867,0.9642,1.4826,3.1708,Selected PATH_A with highest valid ARPS score (1.3875) satisfying all retinal preservation constraints.
aptos_2938,PATH_A,1.4237,False,20.0129,2341.1676,2.9652,17.262,0.9743,1.4826,5.5143,Selected PATH_A with highest valid ARPS score (1.4237) satisfying all retinal preservation constraints.
aptos_1412,PATH_C,1.44,False,19.0615,1742.869,2.9652,6.9675,0.9719,1.4826,3.5279,Selected PATH_C with highest valid ARPS score (1.4400) satisfying all retinal preservation constraints.
aptos_3661,PATH_A,1.5111,False,17.5682,847.4486,1.4826,31.844,0.9451,0.0,3.9626,Selected PATH_A with highest valid ARPS score (1.5111) satisfying all retinal preservation constraints.
aptos_0489,PATH_A,1.3692,False,28.8769,3906.2216,2.9652,25.5506,0.9727,1.4826,0.128,Selected PATH_A with highest valid ARPS score (1.3692) satisfying all retinal preservation constraints.
aptos_2239,PATH_C,1.0718,False,14.0127,3050.9375,2.9652,8.5106,0.9741,1.4826,-3.2796,Selected PATH_C with highest valid ARPS score (1.0718) satisfying all retinal preservation constraints.
aptos_0459,PATH_A,1.4188,False,18.6843,2321.4616,2.9652,19.859,0.9771,1.4826,5.4183,Selected PATH_A with highest valid ARPS score (1.4188) satisfying all retinal preservation constraints.
aptos_2172,PATH_C,1.2067,False,11.8944,1716.0697,2.9652,9.7929,0.9765,1.4826,-2.313,Selected PATH_C with highest valid ARPS score (1.2067) satisfying all retinal preservation constraints.
aptos_1889,PATH_A,1.4313,False,15.7194,2451.4648,2.9652,15.8223,0.9752,1.4826,4.6692,Selected PATH_A with highest valid ARPS score (1.4313) satisfying all retinal preservation constraints.
aptos_2201,PATH_A,1.5141,False,23.9379,1431.4866,1.4826,32.9639,0.9447,0.0,6.4179,Selected PATH_A with highest valid ARPS score (1.5141) satisfying all retinal preservation constraints.
aptos_0538,PATH_A,1.3759,False,23.0814,1717.6709,2.9652,30.5287,0.9786,1.4826,4.6405,Selected PATH_A with highest valid ARPS score (1.3759) satisfying all retinal preservation constraints.
aptos_2028,PATH_A,1.3977,False,20.7185,2017.813,2.9652,24.4088,0.9799,1.4826,4.8482,Selected PATH_A with highest valid ARPS score (1.3977) satisfying all retinal preservation constraints.
aptos_1456,PATH_A,1.4031,False,22.4379,2409.0552,2.9652,21.2294,0.9758,1.4826,4.7107,Selected PATH_A with highest valid ARPS score (1.4031) satisfying all retinal preservation constraints.
aptos_0239,PATH_A,1.3935,False,21.6459,2324.6526,2.9652,22.5147,0.9701,1.4826,3.5644,Selected PATH_A with highest valid ARPS score (1.3935) satisfying all retinal preservation constraints.
aptos_0881,PATH_C,1.4268,False,13.1891,1370.7246,2.9652,7.1173,0.976,1.4826,0.8468,Selected PATH_C with highest valid ARPS score (1.4268) satisfying all retinal preservation constraints.
aptos_3600,PATH_A,1.5652,False,15.3085,755.5254,1.4826,20.3715,0.9595,0.0,5.386,Selected PATH_A with highest valid ARPS score (1.5652) satisfying all retinal preservation constraints.
aptos_0112,PATH_A,1.3685,False,24.2907,1992.8914,2.9652,30.096,0.9762,1.4826,3.1445,Selected PATH_A with highest valid ARPS score (1.3685) satisfying all retinal preservation constraints.
aptos_0564,PATH_A,1.3915,False,22.2185,2588.0598,2.9652,17.8792,0.978,1.4826,0.1668,Selected PATH_A with highest valid ARPS score (1.3915) satisfying all retinal preservation constraints.
aptos_2573,PATH_A,1.4293,False,18.0645,2418.8238,2.9652,11.8628,0.9802,1.4826,3.7114,Selected PATH_A with highest valid ARPS score (1.4293) satisfying all retinal preservation constraints.
aptos_0448,PATH_A,1.0077,False,17.9439,2788.8196,2.9652,15.7769,0.9623,1.4826,1.459,Selected PATH_A with highest valid ARPS score (1.0077) satisfying all retinal preservation constraints.
aptos_0922,PATH_A,1.3893,False,20.9722,1889.1827,2.9652,22.8051,0.9695,1.4826,2.8477,Selected PATH_A with highest valid ARPS score (1.3893) satisfying all retinal preservation constraints.
aptos_2320,PATH_C,1.1351,False,13.9012,3382.2395,2.9652,8.1757,0.9795,1.4826,-0.3367,Selected PATH_C with highest valid ARPS score (1.1351) satisfying all retinal preservation constraints.
aptos_0279,PATH_A,1.4482,False,16.4385,2663.1838,2.9652,13.8328,0.9717,1.4826,5.9234,Selected PATH_A with highest valid ARPS score (1.4482) satisfying all retinal preservation constraints.
aptos_1245,PATH_A,1.4018,False,19.7029,1780.7052,2.9652,17.5966,0.9721,1.4826,2.2345,Selected PATH_A with highest valid ARPS score (1.4018) satisfying all retinal preservation constraints.
aptos_1551,PATH_A,1.4427,False,16.5702,2302.7395,2.9652,13.8236,0.9813,1.4826,5.4364,Selected PATH_A with highest valid ARPS score (1.4427) satisfying all retinal preservation constraints.
aptos_2383,PATH_A,1.4309,False,18.4712,1839.7451,2.9652,14.9887,0.9717,1.4826,5.2044,Selected PATH_A with highest valid ARPS score (1.4309) satisfying all retinal preservation constraints.
aptos_1962,PATH_A,1.4043,False,22.4125,3374.2888,2.9652,18.1287,0.9821,1.4826,3.2263,Selected PATH_A with highest valid ARPS score (1.4043) satisfying all retinal preservation constraints.
aptos_3557,PATH_A,1.4007,False,22.9024,2939.0625,2.9652,22.2864,0.9817,1.4826,4.8311,Selected PATH_A with highest valid ARPS score (1.4007) satisfying all retinal preservation constraints.
aptos_3012,PATH_C,0.9227,False,16.669,3312.4006,2.9652,8.3114,0.9744,1.4826,-0.7784,Selected PATH_C with highest valid ARPS score (0.9227) satisfying all retinal preservation constraints.
aptos_3296,PATH_B,0.3987,False,15.0762,601.4634,1.4826,14.0174,0.9165,0.0,-0.2937,Selected PATH_B with highest valid ARPS score (0.3987) satisfying all retinal preservation constraints.
aptos_0064,PATH_A,1.3386,False,35.0485,3098.3405,2.9652,37.6117,0.9821,1.4826,1.302,Selected PATH_A with highest valid ARPS score (1.3386) satisfying all retinal preservation constraints.
aptos_0421,PATH_C,1.4689,False,14.3377,2090.6842,2.9652,6.2946,0.9842,1.4826,5.0639,Selected PATH_C with highest valid ARPS score (1.4689) satisfying all retinal preservation constraints.
aptos_1443,PATH_A,1.3843,False,21.6184,3219.208,2.9652,24.274,0.9733,1.4826,2.7092,Selected PATH_A with highest valid ARPS score (1.3843) satisfying all retinal preservation constraints.
aptos_1047,PATH_A,1.1634,False,20.6168,3881.4513,2.9652,17.8438,0.9749,1.4826,1.829,Selected PATH_A with highest valid ARPS score (1.1634) satisfying all retinal preservation constraints.
aptos_1775,PATH_A,1.4021,False,25.5754,2436.5646,2.9652,17.4642,0.9729,1.4826,2.8777,Selected PATH_A with highest valid ARPS score (1.4021) satisfying all retinal preservation constraints.
aptos_2468,PATH_C,0.8292,False,15.5126,2875.1589,2.9652,7.4455,0.9671,1.4826,1.571,Selected PATH_C with highest valid ARPS score (0.8292) satisfying all retinal preservation constraints.
aptos_0439,PATH_A,1.4481,False,16.8716,2861.6695,2.9652,14.2102,0.9186,1.4826,6.4543,Selected PATH_A with highest valid ARPS score (1.4481) satisfying all retinal preservation constraints.
aptos_3191,PATH_A,1.3917,False,20.0503,2633.0945,2.9652,19.3289,0.9791,1.4826,1.1158,Selected PATH_A with highest valid ARPS score (1.3917) satisfying all retinal preservation constraints.
aptos_0079,PATH_A,1.4117,False,20.2265,2198.7952,2.9652,17.7247,0.9828,1.4826,3.961,Selected PATH_A with highest valid ARPS score (1.4117) satisfying all retinal preservation constraints.
aptos_0063,PATH_A,1.3944,False,20.7225,2174.6324,2.9652,20.0917,0.969,1.4826,2.3232,Selected PATH_A with highest valid ARPS score (1.3944) satisfying all retinal preservation constraints.
aptos_2225,PATH_C,0.9021,False,14.552,3164.8269,2.9652,8.7889,0.9728,1.4826,-1.9794,Selected PATH_C with highest valid ARPS score (0.9021) satisfying all retinal preservation constraints.
aptos_1444,PATH_C,1.3144,False,11.7318,1859.8229,2.9652,11.7276,0.9595,1.4826,-4.7797,Selected PATH_C with highest valid ARPS score (1.3144) satisfying all retinal preservation constraints.
aptos_3126,PATH_A,1.3329,False,38.2888,6157.9098,2.9652,40.9017,0.9838,1.4826,2.8767,Selected PATH_A with highest valid ARPS score (1.3329) satisfying all retinal preservation constraints.
aptos_1490,PATH_B,0.3946,False,18.2757,584.3664,1.4826,16.1817,0.9152,0.0,-0.344,Selected PATH_B with highest valid ARPS score (0.3946) satisfying all retinal preservation constraints.
aptos_0725,PATH_C,1.5054,False,13.9955,1074.3143,2.9652,6.3425,0.9727,1.4826,7.4308,Selected PATH_C with highest valid ARPS score (1.5054) satisfying all retinal preservation constraints.
aptos_3173,PATH_B,0.492,False,23.6405,682.4947,1.4826,21.9702,0.9158,0.0,1.8526,Selected PATH_B with highest valid ARPS score (0.4920) satisfying all retinal preservation constraints.
aptos_2662,PATH_A,1.3502,False,35.101,4004.5867,2.9652,32.6496,0.9808,1.4826,0.3631,Selected PATH_A with highest valid ARPS score (1.3502) satisfying all retinal preservation constraints.
aptos_2832,PATH_A,1.421,False,20.1741,3000.4612,2.9652,15.2281,0.9781,1.4826,4.3568,Selected PATH_A with highest valid ARPS score (1.4210) satisfying all retinal preservation constraints.
aptos_1303,PATH_A,1.3844,False,24.9513,2186.3096,1.4826,32.3961,0.9555,0.0,4.1138,Selected PATH_A with highest valid ARPS score (1.3844) satisfying all retinal preservation constraints.
aptos_1479,PATH_A,1.4494,False,18.6862,4753.5234,2.9652,13.0615,0.9766,1.4826,6.608,Selected PATH_A with highest valid ARPS score (1.4494) satisfying all retinal preservation constraints.
aptos_1789,PATH_C,0.949,False,15.7191,3182.4115,2.9652,8.9738,0.975,1.4826,-0.679,Selected PATH_C with highest valid ARPS score (0.9490) satisfying all retinal preservation constraints.
aptos_0205,PATH_A,1.4154,False,18.1291,2369.9834,2.9652,17.946,0.97,1.4826,4.2621,Selected PATH_A with highest valid ARPS score (1.4154) satisfying all retinal preservation constraints.
aptos_3221,PATH_C,0.9149,False,14.1605,3023.172,2.9652,7.5078,0.972,1.4826,-1.6172,Selected PATH_C with highest valid ARPS score (0.9149) satisfying all retinal preservation constraints.
aptos_2235,PATH_C,0.7795,False,16.0627,2900.2736,2.9652,6.7012,0.9704,1.4826,0.5086,Selected PATH_C with highest valid ARPS score (0.7795) satisfying all retinal preservation constraints.
aptos_0656,PATH_B,0.5506,False,17.641,519.7682,1.4826,23.4387,0.8724,-1.4826,3.6906,Selected PATH_B with highest valid ARPS score (0.5506) satisfying all retinal preservation constraints.
aptos_2495,PATH_A,1.4069,False,16.9688,2046.9733,2.9652,18.0461,0.9737,1.4826,2.8805,Selected PATH_A with highest valid ARPS score (1.4069) satisfying all retinal preservation constraints.
aptos_0301,PATH_A,1.3577,False,28.4153,4714.2168,2.9652,30.8995,0.9813,1.4826,1.1236,Selected PATH_A with highest valid ARPS score (1.3577) satisfying all retinal preservation constraints.
aptos_2106,PATH_B,0.3912,False,17.974,599.1254,1.4826,16.4603,0.9034,0.0,0.712,Selected PATH_B with highest valid ARPS score (0.3912) satisfying all retinal preservation constraints.
aptos_2834,PATH_A,1.1234,False,19.3059,4910.5854,2.9652,13.9759,0.9763,1.4826,1.7664,Selected PATH_A with highest valid ARPS score (1.1234) satisfying all retinal preservation constraints.
aptos_0984,PATH_A,1.4334,False,15.649,2397.737,2.9652,15.7963,0.9778,1.4826,4.8277,Selected PATH_A with highest valid ARPS score (1.4334) satisfying all retinal preservation constraints.
aptos_1778,PATH_C,0.8032,False,15.1624,2589.2931,2.9652,7.0919,0.9674,1.4826,0.8011,Selected PATH_C with highest valid ARPS score (0.8032) satisfying all retinal preservation constraints.
aptos_0777,PATH_A,1.4155,False,19.332,2204.8315,2.9652,14.9367,0.9681,1.4826,3.3133,Selected PATH_A with highest valid ARPS score (1.4155) satisfying all retinal preservation constraints.
aptos_2441,PATH_A,1.3814,False,21.2624,1814.1176,2.9652,26.452,0.9841,1.4826,3.1508,Selected PATH_A with highest valid ARPS score (1.3814) satisfying all retinal preservation constraints.
aptos_2612,PATH_A,1.4291,False,18.477,1569.2585,2.9652,17.1196,0.9717,1.4826,5.6768,Selected PATH_A with highest valid ARPS score (1.4291) satisfying all retinal preservation constraints.
aptos_2887,PATH_A,1.4278,False,16.0797,2333.0417,2.9652,14.0992,0.9615,1.4826,4.0109,Selected PATH_A with highest valid ARPS score (1.4278) satisfying all retinal preservation constraints.
aptos_2500,PATH_C,1.4353,False,13.8735,1520.324,2.9652,7.7581,0.9717,1.4826,2.2895,Selected PATH_C with highest valid ARPS score (1.4353) satisfying all retinal preservation constraints.
aptos_3127,PATH_C,1.1007,False,17.4845,1923.7688,2.9652,7.1747,0.9742,1.4826,5.1778,Selected PATH_C with highest valid ARPS score (1.1007) satisfying all retinal preservation constraints.
aptos_1839,PATH_A,1.5446,False,16.2267,919.8724,1.4826,21.5644,0.9702,0.0,3.9773,Selected PATH_A with highest valid ARPS score (1.5446) satisfying all retinal preservation constraints.
aptos_2015,PATH_A,1.4077,False,18.0661,1387.1261,2.9652,22.1694,0.9797,1.4826,4.6889,Selected PATH_A with highest valid ARPS score (1.4077) satisfying all retinal preservation constraints.
aptos_3622,PATH_B,0.3874,True,19.6135,405.5712,1.4826,21.4239,0.8428,0.0,0.5204,No candidate met all strict constraints. Selected PATH_B under documented fallback policy (least constraint penalty violation).
aptos_3025,PATH_A,1.3852,False,27.5315,2829.4035,2.9652,26.2951,0.9746,1.4826,5.0151,Selected PATH_A with highest valid ARPS score (1.3852) satisfying all retinal preservation constraints.
aptos_3034,PATH_A,1.4018,False,18.8976,2471.5218,2.9652,19.4683,0.9783,1.4826,2.984,Selected PATH_A with highest valid ARPS score (1.4018) satisfying all retinal preservation constraints.
aptos_3628,PATH_A,1.5341,False,23.1893,1841.547,1.4826,24.5921,0.9845,0.0,5.1922,Selected PATH_A with highest valid ARPS score (1.5341) satisfying all retinal preservation constraints.
aptos_1197,PATH_A,1.5636,False,18.21,1381.8603,1.4826,12.5727,0.9675,0.0,3.6344,Selected PATH_A with highest valid ARPS score (1.5636) satisfying all retinal preservation constraints.
aptos_2982,PATH_A,1.4147,False,19.9572,2582.6963,2.9652,16.5201,0.9694,1.4826,3.9967,Selected PATH_A with highest valid ARPS score (1.4147) satisfying all retinal preservation constraints.
aptos_1419,PATH_B,0.4106,False,19.7534,698.7297,1.4826,16.5063,0.9167,0.0,1.1431,Selected PATH_B with highest valid ARPS score (0.4106) satisfying all retinal preservation constraints.
aptos_2973,PATH_A,1.425,False,17.8091,2012.6891,2.9652,15.5945,0.9806,1.4826,4.4655,Selected PATH_A with highest valid ARPS score (1.4250) satisfying all retinal preservation constraints.
aptos_0579,PATH_C,1.2822,False,15.3553,1643.188,2.9652,7.7462,0.9783,1.4826,5.797,Selected PATH_C with highest valid ARPS score (1.2822) satisfying all retinal preservation constraints.
aptos_2318,PATH_A,1.4366,False,13.7393,1799.2841,2.9652,14.6894,0.971,1.4826,4.2768,Selected PATH_A with highest valid ARPS score (1.4366) satisfying all retinal preservation constraints.
aptos_1761,PATH_A,1.4511,False,12.6565,1378.8666,2.9652,11.5767,0.9645,1.4826,4.3687,Selected PATH_A with highest valid ARPS score (1.4511) satisfying all retinal preservation constraints.
aptos_3085,PATH_B,0.4083,False,15.6042,600.5613,1.4826,14.5692,0.9041,0.0,-0.306,Selected PATH_B with highest valid ARPS score (0.4083) satisfying all retinal preservation constraints.
aptos_0340,PATH_A,1.3534,False,27.5716,2315.7557,2.9652,31.1577,0.9733,1.4826,0.1273,Selected PATH_A with highest valid ARPS score (1.3534) satisfying all retinal preservation constraints.
aptos_2721,PATH_C,0.9466,False,14.5666,3001.1031,2.9652,7.9953,0.9734,1.4826,0.0036,Selected PATH_C with highest valid ARPS score (0.9466) satisfying all retinal preservation constraints.
aptos_1966,PATH_A,1.4262,False,16.2577,3256.0957,2.9652,14.1216,0.9704,1.4826,3.8124,Selected PATH_A with highest valid ARPS score (1.4262) satisfying all retinal preservation constraints.
aptos_3527,PATH_A,1.4749,False,24.276,787.7402,1.4826,42.8529,0.9468,0.0,4.5049,Selected PATH_A with highest valid ARPS score (1.4749) satisfying all retinal preservation constraints.
aptos_3596,PATH_B,0.3866,False,16.7166,486.2463,1.4826,15.5805,0.9055,0.0,0.0507,Selected PATH_B with highest valid ARPS score (0.3866) satisfying all retinal preservation constraints.
aptos_2487,PATH_A,1.3622,False,25.9453,2908.1588,2.9652,32.7061,0.9839,1.4826,3.4859,Selected PATH_A with highest valid ARPS score (1.3622) satisfying all retinal preservation constraints.
aptos_3502,PATH_C,0.6127,False,14.2114,985.0329,1.4826,14.2315,0.9595,0.0,-4.2285,Selected PATH_C with highest valid ARPS score (0.6127) satisfying all retinal preservation constraints.
aptos_0484,PATH_A,1.4505,False,19.4558,3359.1757,2.9652,14.5239,0.9818,1.4826,7.3422,Selected PATH_A with highest valid ARPS score (1.4505) satisfying all retinal preservation constraints.
aptos_0006,PATH_A,1.416,False,16.9528,2191.1612,2.9652,21.0738,0.9876,1.4826,4.9052,Selected PATH_A with highest valid ARPS score (1.4160) satisfying all retinal preservation constraints.
aptos_2207,PATH_B,0.4709,False,21.8906,602.3951,1.4826,26.1528,0.8979,0.0,4.3246,Selected PATH_B with highest valid ARPS score (0.4709) satisfying all retinal preservation constraints.
aptos_1035,PATH_A,1.4561,False,10.8582,1888.95,2.9652,12.2329,0.9715,1.4826,4.0881,Selected PATH_A with highest valid ARPS score (1.4561) satisfying all retinal preservation constraints.
aptos_3115,PATH_C,1.4661,False,19.9971,2405.4435,2.9652,6.714,0.9726,1.4826,6.9708,Selected PATH_C with highest valid ARPS score (1.4661) satisfying all retinal preservation constraints.
aptos_0477,PATH_A,1.5213,False,26.3737,984.945,1.4826,22.555,0.9841,0.0,1.5811,Selected PATH_A with highest valid ARPS score (1.5213) satisfying all retinal preservation constraints.
aptos_2953,PATH_B,0.5175,False,24.5525,654.2284,1.4826,20.979,0.9033,0.0,-0.9393,Selected PATH_B with highest valid ARPS score (0.5175) satisfying all retinal preservation constraints.
aptos_0740,PATH_C,0.9477,False,11.633,2081.7356,2.9652,8.72,0.9705,1.4826,-1.3063,Selected PATH_C with highest valid ARPS score (0.9477) satisfying all retinal preservation constraints.
aptos_3128,PATH_A,1.4022,False,24.8038,3039.9308,2.9652,20.9977,0.9782,1.4826,4.8663,Selected PATH_A with highest valid ARPS score (1.4022) satisfying all retinal preservation constraints.
aptos_1720,PATH_B,0.5294,False,14.3927,354.021,1.4826,20.9719,0.8721,0.0,2.6846,Selected PATH_B with highest valid ARPS score (0.5294) satisfying all retinal preservation constraints.
aptos_0609,PATH_A,1.4042,False,20.9205,2847.8238,2.9652,19.9069,0.9834,1.4826,3.8745,Selected PATH_A with highest valid ARPS score (1.4042) satisfying all retinal preservation constraints.
aptos_0099,PATH_A,1.4608,False,23.1091,6008.7058,4.4478,20.0394,0.9809,1.4826,1.7715,Selected PATH_A with highest valid ARPS score (1.4608) satisfying all retinal preservation constraints.
aptos_2410,PATH_A,1.4009,False,24.6158,1590.1898,2.9652,13.4226,0.977,1.4826,-0.752,Selected PATH_A with highest valid ARPS score (1.4009) satisfying all retinal preservation constraints.
aptos_0321,PATH_A,1.4882,False,22.9854,1394.8857,1.4826,25.7927,0.9582,0.0,2.2407,Selected PATH_A with highest valid ARPS score (1.4882) satisfying all retinal preservation constraints.
aptos_2960,PATH_A,1.3928,False,18.3848,2174.0678,2.9652,18.6915,0.9708,1.4826,1.004,Selected PATH_A with highest valid ARPS score (1.3928) satisfying all retinal preservation constraints.
aptos_0260,PATH_A,1.4817,False,19.6671,6260.0357,4.4478,15.2483,0.9783,1.4826,2.932,Selected PATH_A with highest valid ARPS score (1.4817) satisfying all retinal preservation constraints.
aptos_3077,PATH_A,1.0303,False,18.0194,3806.112,2.9652,14.2424,0.9665,1.4826,0.6446,Selected PATH_A with highest valid ARPS score (1.0303) satisfying all retinal preservation constraints.
aptos_2114,PATH_B,0.3997,False,15.8532,600.2877,1.4826,12.7406,0.9115,0.0,0.2253,Selected PATH_B with highest valid ARPS score (0.3997) satisfying all retinal preservation constraints.
aptos_1782,PATH_A,1.4063,False,21.5478,2563.529,2.9652,18.4974,0.9762,1.4826,3.752,Selected PATH_A with highest valid ARPS score (1.4063) satisfying all retinal preservation constraints.
aptos_3161,PATH_A,1.4207,False,17.5649,1897.2765,2.9652,16.0721,0.9782,1.4826,4.0547,Selected PATH_A with highest valid ARPS score (1.4207) satisfying all retinal preservation constraints.
aptos_2448,PATH_C,1.301,False,12.4568,1410.1117,2.9652,9.9159,0.9706,1.4826,-0.2429,Selected PATH_C with highest valid ARPS score (1.3010) satisfying all retinal preservation constraints.
aptos_3610,PATH_A,1.573,False,14.7676,1594.0733,1.4826,12.5446,0.9725,0.0,3.8925,Selected PATH_A with highest valid ARPS score (1.5730) satisfying all retinal preservation constraints.
aptos_1166,PATH_C,0.8694,False,14.6953,2742.8417,2.9652,8.4882,0.9737,1.4826,0.6324,Selected PATH_C with highest valid ARPS score (0.8694) satisfying all retinal preservation constraints.
aptos_2002,PATH_C,0.9398,False,16.1874,2027.2029,2.9652,7.7688,0.9762,1.4826,1.689,Selected PATH_C with highest valid ARPS score (0.9398) satisfying all retinal preservation constraints.
aptos_3422,PATH_A,1.3808,False,25.9768,5235.8203,2.9652,21.4316,0.9812,1.4826,-0.0809,Selected PATH_A with highest valid ARPS score (1.3808) satisfying all retinal preservation constraints.
aptos_1377,PATH_A,1.394,False,25.0,4633.1008,2.9652,24.5658,0.9819,1.4826,5.2253,Selected PATH_A with highest valid ARPS score (1.3940) satisfying all retinal preservation constraints.
aptos_0381,PATH_C,0.9714,False,13.712,3004.6776,2.9652,8.8927,0.9773,1.4826,-0.4106,Selected PATH_C with highest valid ARPS score (0.9714) satisfying all retinal preservation constraints.
aptos_2933,PATH_A,1.4172,False,19.9531,2729.6536,2.9652,14.0252,0.975,1.4826,3.1865,Selected PATH_A with highest valid ARPS score (1.4172) satisfying all retinal preservation constraints.
aptos_0011,PATH_A,1.4481,False,21.1647,3799.3165,2.9652,13.9269,0.9852,1.4826,7.5451,Selected PATH_A with highest valid ARPS score (1.4481) satisfying all retinal preservation constraints.
aptos_1692,PATH_A,1.4134,False,24.178,1600.3359,2.9652,12.3624,0.9641,1.4826,2.1186,Selected PATH_A with highest valid ARPS score (1.4134) satisfying all retinal preservation constraints.
aptos_1589,PATH_B,0.4101,False,19.3009,678.845,1.4826,16.577,0.9266,0.0,0.6717,Selected PATH_B with highest valid ARPS score (0.4101) satisfying all retinal preservation constraints.
aptos_0081,PATH_A,1.4009,False,20.0169,3037.3853,2.9652,18.9597,0.9848,1.4826,2.6552,Selected PATH_A with highest valid ARPS score (1.4009) satisfying all retinal preservation constraints.
aptos_2248,PATH_A,1.4165,False,16.3196,2671.7341,2.9652,14.4974,0.9779,1.4826,2.6694,Selected PATH_A with highest valid ARPS score (1.4165) satisfying all retinal preservation constraints.
aptos_3571,PATH_A,1.4083,False,18.2442,3060.2974,2.9652,16.13,0.9707,1.4826,2.4912,Selected PATH_A with highest valid ARPS score (1.4083) satisfying all retinal preservation constraints.
aptos_2178,PATH_A,1.3709,False,26.0828,3293.2648,2.9652,29.3595,0.9817,1.4826,3.3784,Selected PATH_A with highest valid ARPS score (1.3709) satisfying all retinal preservation constraints.
aptos_2269,PATH_A,1.4119,False,17.5222,2587.197,2.9652,16.9191,0.9736,1.4826,3.2315,Selected PATH_A with highest valid ARPS score (1.4119) satisfying all retinal preservation constraints.
aptos_0482,PATH_A,1.4136,False,23.7373,2249.8746,2.9652,16.9918,0.9762,1.4826,4.6985,Selected PATH_A with highest valid ARPS score (1.4136) satisfying all retinal preservation constraints.
aptos_3647,PATH_A,0.9874,False,15.7503,5074.0784,2.9652,10.1324,0.9667,1.4826,2.6379,Selected PATH_A with highest valid ARPS score (0.9874) satisfying all retinal preservation constraints.
aptos_2309,PATH_A,1.3879,False,19.55,2064.8651,2.9652,26.4464,0.9601,1.4826,4.1897,Selected PATH_A with highest valid ARPS score (1.3879) satisfying all retinal preservation constraints.
aptos_0908,PATH_A,1.3806,False,30.5193,3140.9876,2.9652,23.129,0.9795,1.4826,1.5608,Selected PATH_A with highest valid ARPS score (1.3806) satisfying all retinal preservation constraints.
aptos_1548,PATH_A,1.3519,False,30.0187,2629.025,2.9652,26.1752,0.9812,1.4826,-0.3796,Selected PATH_A with highest valid ARPS score (1.3519) satisfying all retinal preservation constraints.
aptos_2848,PATH_A,1.5291,False,21.6795,1339.899,1.4826,19.5922,0.9738,0.0,1.3308,Selected PATH_A with highest valid ARPS score (1.5291) satisfying all retinal preservation constraints.
aptos_2566,PATH_C,1.4351,False,11.7933,1232.9003,2.9652,7.5605,0.9763,1.4826,1.8363,Selected PATH_C with highest valid ARPS score (1.4351) satisfying all retinal preservation constraints.
aptos_1700,PATH_A,0.8496,False,17.16,3848.7381,2.9652,10.4432,0.9625,1.4826,1.2651,Selected PATH_A with highest valid ARPS score (0.8496) satisfying all retinal preservation constraints.
aptos_3315,PATH_A,1.4313,False,15.3765,1705.7517,2.9652,14.9046,0.9626,1.4826,4.4121,Selected PATH_A with highest valid ARPS score (1.4313) satisfying all retinal preservation constraints.
aptos_1367,PATH_B,0.3923,False,16.6872,579.242,1.4826,15.8812,0.9174,0.0,-0.0678,Selected PATH_B with highest valid ARPS score (0.3923) satisfying all retinal preservation constraints.
aptos_3611,PATH_A,1.4529,False,23.718,6049.7369,4.4478,21.0521,0.9816,1.4826,0.5058,Selected PATH_A with highest valid ARPS score (1.4529) satisfying all retinal preservation constraints.
aptos_2210,PATH_C,0.8804,False,13.1694,1918.0022,2.9652,7.8542,0.968,1.4826,-1.1817,Selected PATH_C with highest valid ARPS score (0.8804) satisfying all retinal preservation constraints.
aptos_0306,PATH_A,1.4851,False,29.8032,1829.1696,1.4826,38.0929,0.9691,0.0,4.315,Selected PATH_A with highest valid ARPS score (1.4851) satisfying all retinal preservation constraints.
aptos_0227,PATH_A,1.4308,False,13.491,1676.1463,2.9652,15.5171,0.9656,1.4826,3.952,Selected PATH_A with highest valid ARPS score (1.4308) satisfying all retinal preservation constraints.
aptos_2944,PATH_B,0.4004,False,18.4122,688.2388,1.4826,15.8969,0.9149,0.0,0.0618,Selected PATH_B with highest valid ARPS score (0.4004) satisfying all retinal preservation constraints.
aptos_2907,PATH_A,1.428,False,17.6725,2086.0452,2.9652,16.2237,0.9719,1.4826,5.0428,Selected PATH_A with highest valid ARPS score (1.4280) satisfying all retinal preservation constraints.
aptos_2686,PATH_C,1.4386,False,13.6183,1910.7156,2.9652,7.2973,0.9756,1.4826,3.1168,Selected PATH_C with highest valid ARPS score (1.4386) satisfying all retinal preservation constraints.
aptos_2372,PATH_A,1.3886,False,24.102,3210.102,2.9652,23.5212,0.9823,1.4826,3.3786,Selected PATH_A with highest valid ARPS score (1.3886) satisfying all retinal preservation constraints.
aptos_1237,PATH_A,1.406,False,22.9575,2082.1862,2.9652,18.9902,0.9754,1.4826,4.2101,Selected PATH_A with highest valid ARPS score (1.4060) satisfying all retinal preservation constraints.
aptos_1939,PATH_C,0.8805,False,13.9225,2529.9154,2.9652,8.121,0.9715,1.4826,-3.3579,Selected PATH_C with highest valid ARPS score (0.8805) satisfying all retinal preservation constraints.
aptos_1981,PATH_A,1.4123,False,20.7951,1626.3394,2.9652,19.6924,0.9752,1.4826,5.1005,Selected PATH_A with highest valid ARPS score (1.4123) satisfying all retinal preservation constraints.
aptos_2180,PATH_A,1.4516,False,17.0121,2960.0227,2.9652,12.6532,0.9755,1.4826,6.1148,Selected PATH_A with highest valid ARPS score (1.4516) satisfying all retinal preservation constraints.
aptos_2433,PATH_C,0.8768,False,15.3701,2528.1056,2.9652,7.4143,0.9671,1.4826,1.7965,Selected PATH_C with highest valid ARPS score (0.8768) satisfying all retinal preservation constraints.
aptos_3525,PATH_A,1.3944,False,19.3906,1713.0216,2.9652,20.4826,0.9677,1.4826,2.3882,Selected PATH_A with highest valid ARPS score (1.3944) satisfying all retinal preservation constraints.
aptos_0561,PATH_A,1.4209,False,18.0978,2016.0199,2.9652,15.4742,0.9722,1.4826,4.0343,Selected PATH_A with highest valid ARPS score (1.4209) satisfying all retinal preservation constraints.
aptos_0841,PATH_C,0.8452,False,15.1126,2600.4447,2.9652,7.4733,0.9655,1.4826,0.4478,Selected PATH_C with highest valid ARPS score (0.8452) satisfying all retinal preservation constraints.
aptos_3288,PATH_B,0.4775,False,20.1148,520.7402,1.4826,20.7556,0.8826,0.0,-0.6567,Selected PATH_B with highest valid ARPS score (0.4775) satisfying all retinal preservation constraints.
aptos_0862,PATH_C,1.4733,False,15.8479,1393.4872,2.9652,6.3851,0.977,1.4826,5.9897,Selected PATH_C with highest valid ARPS score (1.4733) satisfying all retinal preservation constraints.
aptos_0136,PATH_C,1.4671,False,14.6332,951.8359,2.9652,8.7076,0.9731,1.4826,5.5787,Selected PATH_C with highest valid ARPS score (1.4671) satisfying all retinal preservation constraints.
aptos_3361,PATH_C,0.8612,False,14.8149,2798.3828,2.9652,8.463,0.9761,1.4826,0.6647,Selected PATH_C with highest valid ARPS score (0.8612) satisfying all retinal preservation constraints.
aptos_0017,PATH_A,1.4931,False,29.153,1659.3363,1.4826,33.2719,0.9661,0.0,2.7439,Selected PATH_A with highest valid ARPS score (1.4931) satisfying all retinal preservation constraints.
aptos_0788,PATH_A,1.5675,False,15.8769,1172.4648,1.4826,22.0796,0.9735,0.0,6.06,Selected PATH_A with highest valid ARPS score (1.5675) satisfying all retinal preservation constraints.
aptos_3074,PATH_C,1.1069,False,13.3977,2246.0179,2.9652,7.4544,0.9793,1.4826,2.9887,Selected PATH_C with highest valid ARPS score (1.1069) satisfying all retinal preservation constraints.
aptos_2855,PATH_A,1.4514,False,14.3053,1699.3212,2.9652,11.5115,0.9639,1.4826,4.9455,Selected PATH_A with highest valid ARPS score (1.4514) satisfying all retinal preservation constraints.
aptos_2297,PATH_C,1.403,False,15.9818,1282.5218,2.9652,7.8828,0.9586,1.4826,-3.4926,Selected PATH_C with highest valid ARPS score (1.4030) satisfying all retinal preservation constraints.
aptos_3276,PATH_A,1.3747,False,25.7476,2684.2217,2.9652,27.6218,0.9744,1.4826,3.1736,Selected PATH_A with highest valid ARPS score (1.3747) satisfying all retinal preservation constraints.
aptos_2135,PATH_A,1.4515,False,12.9364,1899.8174,2.9652,13.9122,0.9776,1.4826,4.857,Selected PATH_A with highest valid ARPS score (1.4515) satisfying all retinal preservation constraints.
aptos_2643,PATH_C,0.8817,False,15.4462,2934.7407,2.9652,8.032,0.9727,1.4826,1.013,Selected PATH_C with highest valid ARPS score (0.8817) satisfying all retinal preservation constraints.
aptos_2577,PATH_C,0.9385,False,17.6717,3307.6488,2.9652,7.3398,0.9774,1.4826,1.8574,Selected PATH_C with highest valid ARPS score (0.9385) satisfying all retinal preservation constraints.
aptos_3615,PATH_A,1.4359,False,15.9759,2582.81,2.9652,14.8119,0.9471,1.4826,5.0944,Selected PATH_A with highest valid ARPS score (1.4359) satisfying all retinal preservation constraints.
aptos_3414,PATH_C,1.361,False,15.2858,1544.4654,2.9652,7.692,0.9738,1.4826,4.3867,Selected PATH_C with highest valid ARPS score (1.3610) satisfying all retinal preservation constraints.
aptos_1210,PATH_A,1.528,False,23.8807,1937.679,1.4826,28.1538,0.9712,0.0,6.1667,Selected PATH_A with highest valid ARPS score (1.5280) satisfying all retinal preservation constraints.
aptos_0114,PATH_A,1.3129,False,28.5809,1743.5621,2.9652,29.1611,0.9767,1.4826,0.9002,Selected PATH_A with highest valid ARPS score (1.3129) satisfying all retinal preservation constraints.
aptos_0837,PATH_A,1.444,False,14.2481,1827.7664,2.9652,13.723,0.9784,1.4826,4.7685,Selected PATH_A with highest valid ARPS score (1.4440) satisfying all retinal preservation constraints.
aptos_1755,PATH_C,0.873,False,14.6514,2662.3562,2.9652,7.2644,0.9712,1.4826,-0.2941,Selected PATH_C with highest valid ARPS score (0.8730) satisfying all retinal preservation constraints.
aptos_0085,PATH_A,1.3786,False,26.0902,2523.8675,2.9652,22.5031,0.9789,1.4826,0.2156,Selected PATH_A with highest valid ARPS score (1.3786) satisfying all retinal preservation constraints.
aptos_1772,PATH_A,1.4422,False,17.0355,2805.1365,2.9652,16.2062,0.9799,1.4826,6.1444,Selected PATH_A with highest valid ARPS score (1.4422) satisfying all retinal preservation constraints.
aptos_0665,PATH_A,1.4117,False,18.8861,2367.9814,2.9652,16.1847,0.9786,1.4826,3.074,Selected PATH_A with highest valid ARPS score (1.4117) satisfying all retinal preservation constraints.
aptos_1188,PATH_A,1.5294,False,20.8486,1060.5133,1.4826,21.5632,0.9681,0.0,2.5811,Selected PATH_A with highest valid ARPS score (1.5294) satisfying all retinal preservation constraints.
aptos_1722,PATH_C,0.8792,False,14.6369,2723.0139,2.9652,7.5752,0.9711,1.4826,-2.542,Selected PATH_C with highest valid ARPS score (0.8792) satisfying all retinal preservation constraints.
aptos_3443,PATH_A,1.4076,False,21.27,5758.422,4.4478,17.1645,0.9805,1.4826,-0.3266,Selected PATH_A with highest valid ARPS score (1.4076) satisfying all retinal preservation constraints.
aptos_1229,PATH_B,0.455,False,33.1091,437.2828,1.4826,22.5677,0.8742,0.0,-3.0762,Selected PATH_B with highest valid ARPS score (0.4550) satisfying all retinal preservation constraints.
aptos_3561,PATH_A,1.4138,False,16.755,1697.9248,2.9652,19.7553,0.9651,1.4826,4.3754,Selected PATH_A with highest valid ARPS score (1.4138) satisfying all retinal preservation constraints.
aptos_3213,PATH_B,0.401,False,19.7413,667.1869,1.4826,17.7938,0.9164,0.0,-0.0539,Selected PATH_B with highest valid ARPS score (0.4010) satisfying all retinal preservation constraints.
aptos_2983,PATH_C,0.7814,False,17.4081,534.864,1.4826,14.0585,0.942,0.0,5.502,Selected PATH_C with highest valid ARPS score (0.7814) satisfying all retinal preservation constraints.
aptos_1787,PATH_A,1.4061,False,24.9761,1831.1828,2.9652,15.3863,0.9741,1.4826,2.3296,Selected PATH_A with highest valid ARPS score (1.4061) satisfying all retinal preservation constraints.
aptos_1003,PATH_A,1.129,False,16.4884,3291.9568,2.9652,13.6167,0.9714,1.4826,1.903,Selected PATH_A with highest valid ARPS score (1.1290) satisfying all retinal preservation constraints.
aptos_3607,PATH_A,1.4272,False,16.641,1301.8941,2.9652,13.3523,0.9783,1.4826,3.7049,Selected PATH_A with highest valid ARPS score (1.4272) satisfying all retinal preservation constraints.
aptos_1614,PATH_B,0.3893,False,17.2369,518.6994,1.4826,16.1469,0.9078,0.0,0.0975,Selected PATH_B with highest valid ARPS score (0.3893) satisfying all retinal preservation constraints.
aptos_1938,PATH_A,1.3754,False,22.1037,2305.7236,2.9652,27.4118,0.9765,1.4826,2.7316,Selected PATH_A with highest valid ARPS score (1.3754) satisfying all retinal preservation constraints.
aptos_1059,PATH_C,0.9217,False,16.8906,3681.6248,2.9652,8.1632,0.9736,1.4826,-0.3509,Selected PATH_C with highest valid ARPS score (0.9217) satisfying all retinal preservation constraints.
aptos_1297,PATH_A,1.0968,False,32.2673,3683.5665,2.9652,32.7974,0.9716,1.4826,0.9662,Selected PATH_A with highest valid ARPS score (1.0968) satisfying all retinal preservation constraints.
aptos_0404,PATH_A,1.4097,False,20.0382,2791.356,2.9652,20.9905,0.9843,1.4826,4.971,Selected PATH_A with highest valid ARPS score (1.4097) satisfying all retinal preservation constraints.
aptos_2071,PATH_C,1.276,False,14.0867,2433.5696,2.9652,8.005,0.977,1.4826,-0.5055,Selected PATH_C with highest valid ARPS score (1.2760) satisfying all retinal preservation constraints.
aptos_1693,PATH_B,0.3795,False,17.5521,590.8622,1.4826,14.8428,0.8971,0.0,-1.8261,Selected PATH_B with highest valid ARPS score (0.3795) satisfying all retinal preservation constraints.
aptos_2681,PATH_A,1.4071,False,18.1111,2823.5787,2.9652,18.4847,0.9638,1.4826,3.3846,Selected PATH_A with highest valid ARPS score (1.4071) satisfying all retinal preservation constraints.
aptos_1529,PATH_A,1.4228,False,16.5055,2407.2997,2.9652,22.7556,0.9871,1.4826,5.8447,Selected PATH_A with highest valid ARPS score (1.4228) satisfying all retinal preservation constraints.
aptos_2327,PATH_C,0.7124,False,13.7199,889.4212,1.4826,10.1136,0.9546,0.0,-3.8427,Selected PATH_C with highest valid ARPS score (0.7124) satisfying all retinal preservation constraints.
aptos_0744,PATH_A,1.4165,False,17.3783,2455.8167,2.9652,18.8237,0.9712,1.4826,4.4978,Selected PATH_A with highest valid ARPS score (1.4165) satisfying all retinal preservation constraints.
aptos_0600,PATH_A,1.4573,False,21.4588,5217.5558,4.4478,18.6578,0.979,1.4826,-0.1177,Selected PATH_A with highest valid ARPS score (1.4573) satisfying all retinal preservation constraints.
aptos_0001,PATH_A,1.4609,False,13.7113,1610.59,2.9652,11.7714,0.9657,1.4826,5.4102,Selected PATH_A with highest valid ARPS score (1.4609) satisfying all retinal preservation constraints.
aptos_1681,PATH_A,1.3944,False,19.3893,2272.0443,2.9652,19.2868,0.9836,1.4826,1.5502,Selected PATH_A with highest valid ARPS score (1.3944) satisfying all retinal preservation constraints.
aptos_1783,PATH_C,0.7455,False,18.6516,4611.1519,2.9652,8.0588,0.9794,1.4826,0.2215,Selected PATH_C with highest valid ARPS score (0.7455) satisfying all retinal preservation constraints.
aptos_1269,PATH_A,1.4299,False,17.4054,1542.0451,2.9652,18.0437,0.9794,1.4826,5.6346,Selected PATH_A with highest valid ARPS score (1.4299) satisfying all retinal preservation constraints.
aptos_1404,PATH_A,1.3772,False,23.2909,2306.7724,2.9652,28.5652,0.9695,1.4826,4.0082,Selected PATH_A with highest valid ARPS score (1.3772) satisfying all retinal preservation constraints.
aptos_1471,PATH_C,1.4616,False,14.2267,1314.318,2.9652,9.0901,0.975,1.4826,5.1092,Selected PATH_C with highest valid ARPS score (1.4616) satisfying all retinal preservation constraints.
aptos_1920,PATH_A,1.4172,False,20.6357,1854.6776,2.9652,20.4252,0.9827,1.4826,5.9254,Selected PATH_A with highest valid ARPS score (1.4172) satisfying all retinal preservation constraints.
aptos_2541,PATH_A,1.374,False,26.4496,4227.0419,2.9652,24.236,0.9706,1.4826,0.5078,Selected PATH_A with highest valid ARPS score (1.3740) satisfying all retinal preservation constraints.
aptos_1236,PATH_C,1.4261,False,13.7607,1114.9909,2.9652,7.8777,0.9658,1.4826,1.1991,Selected PATH_C with highest valid ARPS score (1.4261) satisfying all retinal preservation constraints.
aptos_0009,PATH_A,1.428,False,17.6725,2086.0452,2.9652,16.2237,0.9719,1.4826,5.0428,Selected PATH_A with highest valid ARPS score (1.4280) satisfying all retinal preservation constraints.
aptos_3466,PATH_A,1.3687,False,27.1509,2708.441,2.9652,29.0638,0.9801,1.4826,2.7587,Selected PATH_A with highest valid ARPS score (1.3687) satisfying all retinal preservation constraints.
aptos_2928,PATH_C,1.0059,False,13.3291,2719.7521,2.9652,8.2758,0.9755,1.4826,0.058,Selected PATH_C with highest valid ARPS score (1.0059) satisfying all retinal preservation constraints.
aptos_2739,PATH_A,1.5067,False,26.2666,786.6803,1.4826,29.4915,0.9709,0.0,3.1237,Selected PATH_A with highest valid ARPS score (1.5067) satisfying all retinal preservation constraints.
aptos_2127,PATH_A,1.355,False,25.341,2031.8693,2.9652,33.7984,0.9782,1.4826,2.5246,Selected PATH_A with highest valid ARPS score (1.3550) satisfying all retinal preservation constraints.
aptos_2534,PATH_B,0.5824,False,19.2837,632.977,1.4826,19.302,0.9133,0.0,0.6961,Selected PATH_B with highest valid ARPS score (0.5824) satisfying all retinal preservation constraints.
aptos_0433,PATH_A,1.4287,False,17.0177,2864.0341,2.9652,15.2014,0.9699,1.4826,4.6333,Selected PATH_A with highest valid ARPS score (1.4287) satisfying all retinal preservation constraints.
aptos_1656,PATH_A,1.4297,False,17.6676,2693.2651,2.9652,15.426,0.9731,1.4826,4.9777,Selected PATH_A with highest valid ARPS score (1.4297) satisfying all retinal preservation constraints.
aptos_1684,PATH_A,1.4363,False,15.8777,1571.4077,2.9652,12.8257,0.9522,1.4826,4.5349,Selected PATH_A with highest valid ARPS score (1.4363) satisfying all retinal preservation constraints.
aptos_1509,PATH_C,0.7739,False,19.4202,3832.6323,2.9652,8.0133,0.9706,1.4826,-0.9377,Selected PATH_C with highest valid ARPS score (0.7739) satisfying all retinal preservation constraints.
aptos_0930,PATH_B,0.4431,False,23.6538,997.699,1.4826,15.2072,0.8805,0.0,2.5985,Selected PATH_B with highest valid ARPS score (0.4431) satisfying all retinal preservation constraints.
aptos_1591,PATH_C,1.0365,False,13.7897,1742.1988,2.9652,8.3288,0.9732,1.4826,-1.4947,Selected PATH_C with highest valid ARPS score (1.0365) satisfying all retinal preservation constraints.
aptos_1674,PATH_B,0.5234,False,17.9894,586.8458,1.4826,18.6971,0.8598,0.0,3.8083,Selected PATH_B with highest valid ARPS score (0.5234) satisfying all retinal preservation constraints.
aptos_3214,PATH_A,1.5287,False,19.9659,1277.082,1.4826,23.7793,0.96,0.0,3.5395,Selected PATH_A with highest valid ARPS score (1.5287) satisfying all retinal preservation constraints.
aptos_2827,PATH_A,1.4231,False,17.3891,2067.2481,2.9652,16.6781,0.975,1.4826,4.5317,Selected PATH_A with highest valid ARPS score (1.4231) satisfying all retinal preservation constraints.
aptos_0939,PATH_B,0.5185,False,19.5356,402.3533,1.4826,24.1676,0.8786,0.0,3.8267,Selected PATH_B with highest valid ARPS score (0.5185) satisfying all retinal preservation constraints.
aptos_1991,PATH_A,1.3629,False,37.9005,1442.2557,1.4826,39.9713,0.9625,0.0,1.0852,Selected PATH_A with highest valid ARPS score (1.3629) satisfying all retinal preservation constraints.
aptos_3211,PATH_A,1.4272,False,15.0339,2072.8786,2.9652,12.6259,0.9616,1.4826,3.2438,Selected PATH_A with highest valid ARPS score (1.4272) satisfying all retinal preservation constraints.
aptos_2046,PATH_C,1.4655,False,13.6782,697.8828,2.9652,8.3886,0.9623,1.4826,5.0995,Selected PATH_C with highest valid ARPS score (1.4655) satisfying all retinal preservation constraints.
aptos_1433,PATH_A,1.3764,False,23.917,1958.4091,2.9652,24.5052,0.9765,1.4826,1.2136,Selected PATH_A with highest valid ARPS score (1.3764) satisfying all retinal preservation constraints.
aptos_0290,PATH_A,1.1267,False,27.254,7050.022,2.9652,25.612,0.9739,1.4826,3.2805,Selected PATH_A with highest valid ARPS score (1.1267) satisfying all retinal preservation constraints.
aptos_1802,PATH_C,0.8605,False,14.8244,2760.215,2.9652,8.1042,0.971,1.4826,-0.9814,Selected PATH_C with highest valid ARPS score (0.8605) satisfying all retinal preservation constraints.
aptos_2388,PATH_A,1.416,False,21.4445,3714.7615,2.9652,15.3982,0.9682,1.4826,3.9799,Selected PATH_A with highest valid ARPS score (1.4160) satisfying all retinal preservation constraints.
aptos_2301,PATH_C,1.021,False,15.724,2673.8136,2.9652,7.9878,0.973,1.4826,0.4139,Selected PATH_C with highest valid ARPS score (1.0210) satisfying all retinal preservation constraints.
aptos_0358,PATH_A,1.2806,False,20.173,6937.5438,4.4478,13.7136,0.9785,1.4826,2.9838,Selected PATH_A with highest valid ARPS score (1.2806) satisfying all retinal preservation constraints.
aptos_3644,PATH_A,1.5133,False,25.4447,1004.0678,1.4826,28.9608,0.979,0.0,4.0681,Selected PATH_A with highest valid ARPS score (1.5133) satisfying all retinal preservation constraints.
aptos_2816,PATH_B,0.4067,False,20.1405,659.4818,1.4826,18.3201,0.9166,0.0,-0.4565,Selected PATH_B with highest valid ARPS score (0.4067) satisfying all retinal preservation constraints.
aptos_0019,PATH_A,1.4275,False,16.8281,3451.1244,2.9652,13.7841,0.9764,1.4826,3.9418,Selected PATH_A with highest valid ARPS score (1.4275) satisfying all retinal preservation constraints.
aptos_2469,PATH_A,1.3358,False,19.6895,6437.2288,4.4478,13.7009,0.9802,1.4826,2.1062,Selected PATH_A with highest valid ARPS score (1.3358) satisfying all retinal preservation constraints.
aptos_3660,PATH_B,0.3903,False,18.9439,576.2029,1.4826,15.5404,0.907,0.0,-0.5483,Selected PATH_B with highest valid ARPS score (0.3903) satisfying all retinal preservation constraints.
aptos_0177,PATH_A,1.3878,False,27.0575,2300.0829,2.9652,23.661,0.9737,1.4826,3.8177,Selected PATH_A with highest valid ARPS score (1.3878) satisfying all retinal preservation constraints.
aptos_0241,PATH_A,1.3755,False,34.8551,5166.6714,2.9652,24.6497,0.9707,1.4826,1.6981,Selected PATH_A with highest valid ARPS score (1.3755) satisfying all retinal preservation constraints.
aptos_0776,PATH_B,0.3942,False,16.9684,595.4382,1.4826,15.2348,0.912,0.0,0.0227,Selected PATH_B with highest valid ARPS score (0.3942) satisfying all retinal preservation constraints.
aptos_1445,PATH_B,0.3957,False,17.1618,592.201,1.4826,15.9872,0.9118,0.0,-0.4844,Selected PATH_B with highest valid ARPS score (0.3957) satisfying all retinal preservation constraints.
aptos_1394,PATH_A,1.4252,False,18.221,1730.1861,2.9652,13.7421,0.9745,1.4826,3.962,Selected PATH_A with highest valid ARPS score (1.4252) satisfying all retinal preservation constraints.
aptos_2623,PATH_C,0.7603,False,12.1314,1057.4881,1.4826,11.9349,0.9593,0.0,-1.8571,Selected PATH_C with highest valid ARPS score (0.7603) satisfying all retinal preservation constraints.
aptos_0807,PATH_A,1.413,False,19.2865,2723.8573,2.9652,24.4009,0.9701,1.4826,6.4217,Selected PATH_A with highest valid ARPS score (1.4130) satisfying all retinal preservation constraints.
aptos_1827,PATH_A,1.1364,False,33.4281,5411.6022,2.9652,34.5831,0.9746,1.4826,-0.4809,Selected PATH_A with highest valid ARPS score (1.1364) satisfying all retinal preservation constraints.
aptos_3349,PATH_A,1.3883,False,26.4638,2459.2651,2.9652,19.6407,0.9829,1.4826,0.6376,Selected PATH_A with highest valid ARPS score (1.3883) satisfying all retinal preservation constraints.
aptos_2029,PATH_B,0.5346,False,27.1096,504.4533,1.4826,21.5929,0.9023,0.0,1.7715,Selected PATH_B with highest valid ARPS score (0.5346) satisfying all retinal preservation constraints.
aptos_2192,PATH_C,1.4308,False,13.8598,1766.7612,2.9652,6.9355,0.9752,1.4826,1.3956,Selected PATH_C with highest valid ARPS score (1.4308) satisfying all retinal preservation constraints.
aptos_1112,PATH_A,1.4345,False,16.5416,2100.3612,2.9652,16.6222,0.9744,1.4826,5.4365,Selected PATH_A with highest valid ARPS score (1.4345) satisfying all retinal preservation constraints.
aptos_1216,PATH_A,1.3582,False,27.8495,1684.263,2.9652,36.9007,0.9688,1.4826,5.8151,Selected PATH_A with highest valid ARPS score (1.3582) satisfying all retinal preservation constraints.
aptos_0676,PATH_A,1.4272,False,16.3284,1803.204,2.9652,15.4346,0.9689,1.4826,4.3726,Selected PATH_A with highest valid ARPS score (1.4272) satisfying all retinal preservation constraints.
aptos_1867,PATH_A,1.4511,False,22.0943,4924.4671,4.4478,21.8017,0.9815,1.4826,0.5404,Selected PATH_A with highest valid ARPS score (1.4511) satisfying all retinal preservation constraints.
aptos_1147,PATH_A,1.4127,False,24.1964,2832.3371,2.9652,11.4868,0.9801,1.4826,1.0223,Selected PATH_A with highest valid ARPS score (1.4127) satisfying all retinal preservation constraints.
aptos_0767,PATH_B,0.3713,False,21.7435,575.9143,1.4826,18.9222,0.89,0.0,-2.0018,Selected PATH_B with highest valid ARPS score (0.3713) satisfying all retinal preservation constraints.
aptos_1554,PATH_C,1.3447,False,12.2272,1571.268,2.9652,8.959,0.9755,1.4826,0.7243,Selected PATH_C with highest valid ARPS score (1.3447) satisfying all retinal preservation constraints.
aptos_2449,PATH_A,1.3813,False,24.0641,3333.883,2.9652,27.0192,0.9787,1.4826,3.9538,Selected PATH_A with highest valid ARPS score (1.3813) satisfying all retinal preservation constraints.
aptos_3195,PATH_C,0.9161,False,14.6606,2948.7181,2.9652,7.7434,0.9728,1.4826,-2.4125,Selected PATH_C with highest valid ARPS score (0.9161) satisfying all retinal preservation constraints.
aptos_2732,PATH_A,1.3926,False,19.5616,2170.7962,2.9652,20.3212,0.9821,1.4826,1.8045,Selected PATH_A with highest valid ARPS score (1.3926) satisfying all retinal preservation constraints.
aptos_0272,PATH_A,1.3171,False,36.27,4056.7643,2.9652,32.922,0.9777,1.4826,0.1527,Selected PATH_A with highest valid ARPS score (1.3171) satisfying all retinal preservation constraints.
aptos_0101,PATH_C,1.5042,False,13.1172,899.4974,1.4826,7.7741,0.9629,0.0,0.8396,Selected PATH_C with highest valid ARPS score (1.5042) satisfying all retinal preservation constraints.
aptos_3643,PATH_B,0.391,False,16.2757,550.5277,1.4826,15.0763,0.9085,0.0,-0.449,Selected PATH_B with highest valid ARPS score (0.3910) satisfying all retinal preservation constraints.
aptos_0383,PATH_A,1.3431,False,30.3032,2601.6956,2.9652,35.9161,0.9763,1.4826,1.1532,Selected PATH_A with highest valid ARPS score (1.3431) satisfying all retinal preservation constraints.
aptos_2892,PATH_A,1.5246,False,23.1965,1666.0221,1.4826,21.5453,0.9747,0.0,1.6528,Selected PATH_A with highest valid ARPS score (1.5246) satisfying all retinal preservation constraints.
aptos_1342,PATH_C,0.6496,False,15.2794,971.8545,1.4826,10.9521,0.9652,0.0,-2.9831,Selected PATH_C with highest valid ARPS score (0.6496) satisfying all retinal preservation constraints.
aptos_1890,PATH_C,0.8909,False,14.324,1451.8082,2.9652,8.0437,0.9715,1.4826,1.7303,Selected PATH_C with highest valid ARPS score (0.8909) satisfying all retinal preservation constraints.
aptos_3507,PATH_A,1.4283,False,16.2001,3413.8498,2.9652,15.0557,0.978,1.4826,4.2742,Selected PATH_A with highest valid ARPS score (1.4283) satisfying all retinal preservation constraints.
aptos_2353,PATH_A,1.4755,False,28.7493,859.0084,1.4826,41.279,0.9706,0.0,3.9718,Selected PATH_A with highest valid ARPS score (1.4755) satisfying all retinal preservation constraints.
aptos_1536,PATH_B,0.3785,False,24.1599,1045.9318,1.4826,16.4595,0.9214,0.0,-2.3502,Selected PATH_B with highest valid ARPS score (0.3785) satisfying all retinal preservation constraints.
aptos_2157,PATH_A,1.3786,False,25.9434,2046.917,2.9652,24.9594,0.9634,1.4826,2.4987,Selected PATH_A with highest valid ARPS score (1.3786) satisfying all retinal preservation constraints.
aptos_2466,PATH_A,1.3922,False,20.8914,2182.0119,2.9652,20.6578,0.9813,1.4826,2.0399,Selected PATH_A with highest valid ARPS score (1.3922) satisfying all retinal preservation constraints.
aptos_2915,PATH_A,1.5007,False,23.0182,1934.7245,1.4826,28.2041,0.9382,0.0,1.014,Selected PATH_A with highest valid ARPS score (1.5007) satisfying all retinal preservation constraints.
aptos_1954,PATH_A,1.4165,False,22.7215,2098.2244,2.9652,18.4097,0.9692,1.4826,5.7265,Selected PATH_A with highest valid ARPS score (1.4165) satisfying all retinal preservation constraints.
aptos_0158,PATH_A,1.3972,False,22.2571,1958.0017,2.9652,23.9334,0.9836,1.4826,4.8697,Selected PATH_A with highest valid ARPS score (1.3972) satisfying all retinal preservation constraints.
aptos_1826,PATH_C,0.8908,False,14.4821,2453.246,2.9652,8.6831,0.9705,1.4826,-0.2461,Selected PATH_C with highest valid ARPS score (0.8908) satisfying all retinal preservation constraints.
aptos_2747,PATH_B,0.7391,False,20.4948,463.3975,0.0,20.2121,0.9044,-1.4826,3.2894,Selected PATH_B with highest valid ARPS score (0.7391) satisfying all retinal preservation constraints.
aptos_0344,PATH_A,1.4532,False,13.067,2216.638,2.9652,11.9435,0.9798,1.4826,4.6457,Selected PATH_A with highest valid ARPS score (1.4532) satisfying all retinal preservation constraints.
aptos_3059,PATH_B,0.5446,False,17.0324,338.0585,1.4826,24.3187,0.8939,0.0,3.4758,Selected PATH_B with highest valid ARPS score (0.5446) satisfying all retinal preservation constraints.
aptos_1070,PATH_A,1.2796,False,27.7882,1944.9369,2.9652,37.1372,0.9698,1.4826,2.1915,Selected PATH_A with highest valid ARPS score (1.2796) satisfying all retinal preservation constraints.
aptos_0555,PATH_A,1.3824,False,23.6089,2960.4476,2.9652,27.6567,0.9881,1.4826,4.3293,Selected PATH_A with highest valid ARPS score (1.3824) satisfying all retinal preservation constraints.
aptos_1428,PATH_A,1.4475,False,18.0918,2296.5353,2.9652,14.227,0.974,1.4826,6.5373,Selected PATH_A with highest valid ARPS score (1.4475) satisfying all retinal preservation constraints.
aptos_0175,PATH_A,1.4066,False,16.7993,1380.2272,2.9652,22.9342,0.9694,1.4826,4.5544,Selected PATH_A with highest valid ARPS score (1.4066) satisfying all retinal preservation constraints.
aptos_0450,PATH_A,1.1062,False,13.4997,3246.1442,2.9652,11.5373,0.9693,1.4826,0.629,Selected PATH_A with highest valid ARPS score (1.1062) satisfying all retinal preservation constraints.
aptos_2381,PATH_A,1.4055,False,18.9151,2392.6464,2.9652,18.5282,0.9823,1.4826,3.1072,Selected PATH_A with highest valid ARPS score (1.4055) satisfying all retinal preservation constraints.
aptos_2968,PATH_A,1.496,False,29.0585,1415.6018,1.4826,30.2253,0.9757,0.0,0.7322,Selected PATH_A with highest valid ARPS score (1.4960) satisfying all retinal preservation constraints.
aptos_1488,PATH_C,1.4397,False,14.0787,1599.6169,2.9652,7.3596,0.9752,1.4826,2.6779,Selected PATH_C with highest valid ARPS score (1.4397) satisfying all retinal preservation constraints.
aptos_1602,PATH_A,1.4823,False,15.2721,2859.4959,2.9652,9.21,0.9853,1.4826,6.8235,Selected PATH_A with highest valid ARPS score (1.4823) satisfying all retinal preservation constraints.
aptos_3631,PATH_A,1.4145,False,22.1847,2797.5435,2.9652,13.2488,0.9735,1.4826,2.5986,Selected PATH_A with highest valid ARPS score (1.4145) satisfying all retinal preservation constraints.
aptos_2672,PATH_A,1.4148,False,16.0219,2049.7424,2.9652,13.3493,0.9778,1.4826,1.907,Selected PATH_A with highest valid ARPS score (1.4148) satisfying all retinal preservation constraints.
aptos_3518,PATH_A,1.0434,False,21.2507,4023.6999,2.9652,17.5498,0.9651,1.4826,1.685,Selected PATH_A with highest valid ARPS score (1.0434) satisfying all retinal preservation constraints.
aptos_0925,PATH_A,1.4508,False,21.8851,4995.3289,4.4478,24.2713,0.9641,1.4826,2.3709,Selected PATH_A with highest valid ARPS score (1.4508) satisfying all retinal preservation constraints.
aptos_2548,PATH_A,1.3745,False,22.867,1883.3154,2.9652,28.0259,0.963,1.4826,3.1876,Selected PATH_A with highest valid ARPS score (1.3745) satisfying all retinal preservation constraints.
aptos_2151,PATH_A,1.4305,False,13.9731,1936.638,2.9652,17.7736,0.9635,1.4826,4.5931,Selected PATH_A with highest valid ARPS score (1.4305) satisfying all retinal preservation constraints.
aptos_2391,PATH_A,1.3635,False,24.7732,2077.524,2.9652,31.9565,0.9715,1.4826,3.3415,Selected PATH_A with highest valid ARPS score (1.3635) satisfying all retinal preservation constraints.
aptos_0463,PATH_C,0.9632,False,17.0656,3527.5888,2.9652,8.9397,0.9729,1.4826,0.8051,Selected PATH_C with highest valid ARPS score (0.9632) satisfying all retinal preservation constraints.
aptos_3089,PATH_C,0.7285,False,13.3825,1107.1879,1.4826,10.5537,0.9613,0.0,-0.7872,Selected PATH_C with highest valid ARPS score (0.7285) satisfying all retinal preservation constraints.
aptos_3355,PATH_B,0.655,False,19.6221,764.1601,1.4826,20.3689,0.9365,0.0,1.8118,Selected PATH_B with highest valid ARPS score (0.6550) satisfying all retinal preservation constraints.
aptos_1101,PATH_A,1.3584,False,33.687,2777.715,2.9652,28.2885,0.9787,1.4826,-1.3115,Selected PATH_A with highest valid ARPS score (1.3584) satisfying all retinal preservation constraints.
aptos_3559,PATH_C,1.1622,False,13.7391,2153.0018,2.9652,7.1259,0.9806,1.4826,3.698,Selected PATH_C with highest valid ARPS score (1.1622) satisfying all retinal preservation constraints.
aptos_2366,PATH_A,1.2979,False,20.0545,6890.248,4.4478,14.5375,0.9807,1.4826,2.2231,Selected PATH_A with highest valid ARPS score (1.2979) satisfying all retinal preservation constraints.
aptos_0479,PATH_A,1.2491,False,32.6269,1102.8279,1.4826,31.4475,0.9625,0.0,-0.408,Selected PATH_A with highest valid ARPS score (1.2491) satisfying all retinal preservation constraints.
aptos_0949,PATH_A,1.3074,False,27.4105,4442.4873,2.9652,21.4561,0.9765,1.4826,-0.2465,Selected PATH_A with highest valid ARPS score (1.3074) satisfying all retinal preservation constraints.
aptos_1923,PATH_A,1.4364,False,18.6927,4495.8925,2.9652,13.192,0.9816,1.4826,5.2388,Selected PATH_A with highest valid ARPS score (1.4364) satisfying all retinal preservation constraints.
aptos_0734,PATH_A,1.386,False,23.7876,3224.5439,2.9652,22.1888,0.9854,1.4826,1.8162,Selected PATH_A with highest valid ARPS score (1.3860) satisfying all retinal preservation constraints.
aptos_0808,PATH_C,1.427,False,13.7467,1120.1901,2.9652,7.7131,0.9687,1.4826,1.2319,Selected PATH_C with highest valid ARPS score (1.4270) satisfying all retinal preservation constraints.
aptos_1785,PATH_C,0.7368,False,13.8408,989.7756,1.4826,11.5337,0.9603,0.0,-0.2567,Selected PATH_C with highest valid ARPS score (0.7368) satisfying all retinal preservation constraints.
aptos_2569,PATH_A,1.4211,False,20.309,1876.5151,2.9652,17.9675,0.9727,1.4826,5.534,Selected PATH_A with highest valid ARPS score (1.4211) satisfying all retinal preservation constraints.
aptos_1182,PATH_A,1.4408,False,14.5607,2378.8545,2.9652,12.6783,0.9718,1.4826,4.406,Selected PATH_A with highest valid ARPS score (1.4408) satisfying all retinal preservation constraints.
aptos_1619,PATH_A,1.4509,False,14.0568,2041.5948,2.9652,11.838,0.9697,1.4826,4.863,Selected PATH_A with highest valid ARPS score (1.4509) satisfying all retinal preservation constraints.
aptos_0229,PATH_C,0.8808,False,15.4936,2906.7964,2.9652,8.6526,0.9686,1.4826,-1.9264,Selected PATH_C with highest valid ARPS score (0.8808) satisfying all retinal preservation constraints.
aptos_1191,PATH_A,1.4524,False,13.0269,1770.0501,2.9652,11.5703,0.9815,1.4826,4.5059,Selected PATH_A with highest valid ARPS score (1.4524) satisfying all retinal preservation constraints.
aptos_0702,PATH_A,1.5409,False,28.0628,1703.2291,1.4826,13.4498,0.9647,0.0,0.146,Selected PATH_A with highest valid ARPS score (1.5409) satisfying all retinal preservation constraints.
aptos_3510,PATH_B,0.4849,False,20.1664,1029.4159,1.4826,20.0174,0.9235,0.0,-1.8218,Selected PATH_B with highest valid ARPS score (0.4849) satisfying all retinal preservation constraints.
aptos_2796,PATH_A,0.8319,False,45.082,3667.6627,2.9652,39.8008,0.966,1.4826,-4.7831,Selected PATH_A with highest valid ARPS score (0.8319) satisfying all retinal preservation constraints.
aptos_2447,PATH_B,0.41,False,16.9469,719.8763,1.4826,14.0878,0.9251,0.0,-0.2165,Selected PATH_B with highest valid ARPS score (0.4100) satisfying all retinal preservation constraints.
aptos_0832,PATH_A,1.5141,False,23.2357,1216.4163,1.4826,30.7178,0.98,0.0,4.7932,Selected PATH_A with highest valid ARPS score (1.5141) satisfying all retinal preservation constraints.
aptos_3113,PATH_A,1.3559,False,28.1862,1833.5357,2.9652,28.2098,0.9783,1.4826,-2.1309,Selected PATH_A with highest valid ARPS score (1.3559) satisfying all retinal preservation constraints.
aptos_3646,PATH_A,1.443,False,16.1077,3197.7789,2.9652,11.1052,0.9803,1.4826,4.5917,Selected PATH_A with highest valid ARPS score (1.4430) satisfying all retinal preservation constraints.
aptos_1650,PATH_C,0.9593,False,15.6009,3240.3211,2.9652,9.112,0.9745,1.4826,-0.7408,Selected PATH_C with highest valid ARPS score (0.9593) satisfying all retinal preservation constraints.
aptos_0527,PATH_A,1.4327,False,18.2626,2404.0184,2.9652,12.8614,0.9768,1.4826,4.6075,Selected PATH_A with highest valid ARPS score (1.4327) satisfying all retinal preservation constraints.
aptos_3065,PATH_B,0.4027,False,16.5162,561.2345,1.4826,15.2773,0.9015,0.0,1.0179,Selected PATH_B with highest valid ARPS score (0.4027) satisfying all retinal preservation constraints.
aptos_0146,PATH_C,1.4539,False,17.7699,1510.8573,2.9652,7.7943,0.9742,1.4826,5.2833,Selected PATH_C with highest valid ARPS score (1.4539) satisfying all retinal preservation constraints.
aptos_1884,PATH_B,0.3761,False,17.3904,521.4609,1.4826,15.2308,0.9066,0.0,1.0511,Selected PATH_B with highest valid ARPS score (0.3761) satisfying all retinal preservation constraints.
aptos_1617,PATH_B,0.3929,False,14.9533,413.7091,1.4826,14.8744,0.9017,0.0,0.4785,Selected PATH_B with highest valid ARPS score (0.3929) satisfying all retinal preservation constraints.
aptos_1521,PATH_C,0.8424,False,16.0062,2679.3486,2.9652,7.837,0.9679,1.4826,-0.9936,Selected PATH_C with highest valid ARPS score (0.8424) satisfying all retinal preservation constraints.
aptos_2565,PATH_B,0.5014,False,23.382,1036.9962,1.4826,22.4636,0.9201,0.0,-1.6281,Selected PATH_B with highest valid ARPS score (0.5014) satisfying all retinal preservation constraints.
aptos_3023,PATH_C,1.4601,False,16.2059,1700.4246,2.9652,6.613,0.9776,1.4826,5.0658,Selected PATH_C with highest valid ARPS score (1.4601) satisfying all retinal preservation constraints.
aptos_0617,PATH_A,1.0094,False,15.8817,3128.4694,2.9652,13.7422,0.9681,1.4826,1.4391,Selected PATH_A with highest valid ARPS score (1.0094) satisfying all retinal preservation constraints.
aptos_0822,PATH_A,1.4612,False,29.1355,6792.0524,4.4478,17.4378,0.9785,1.4826,0.0342,Selected PATH_A with highest valid ARPS score (1.4612) satisfying all retinal preservation constraints.
aptos_0798,PATH_B,0.4078,False,17.4477,638.3671,1.4826,16.0606,0.9145,0.0,0.4738,Selected PATH_B with highest valid ARPS score (0.4078) satisfying all retinal preservation constraints.
aptos_1632,PATH_A,1.4461,False,19.5174,2469.4932,2.9652,13.7509,0.9815,1.4826,6.7318,Selected PATH_A with highest valid ARPS score (1.4461) satisfying all retinal preservation constraints.
aptos_0642,PATH_A,1.3775,False,25.6774,1497.271,2.9652,24.4867,0.9697,1.4826,1.7041,Selected PATH_A with highest valid ARPS score (1.3775) satisfying all retinal preservation constraints.
aptos_1616,PATH_B,0.4598,False,18.9767,426.0189,1.4826,29.5436,0.8748,0.0,2.9871,Selected PATH_B with highest valid ARPS score (0.4598) satisfying all retinal preservation constraints.
aptos_3058,PATH_C,1.1213,False,16.5068,2391.6618,2.9652,8.0034,0.9711,1.4826,-1.2058,Selected PATH_C with highest valid ARPS score (1.1213) satisfying all retinal preservation constraints.
aptos_3627,PATH_A,1.3903,False,19.9766,2466.0097,2.9652,23.0875,0.9711,1.4826,3.0089,Selected PATH_A with highest valid ARPS score (1.3903) satisfying all retinal preservation constraints.
aptos_2481,PATH_A,1.3927,False,21.4964,1781.7015,2.9652,24.2178,0.9732,1.4826,4.2151,Selected PATH_A with highest valid ARPS score (1.3927) satisfying all retinal preservation constraints.
aptos_2912,PATH_C,1.4423,False,13.7794,928.392,2.9652,7.3685,0.9588,1.4826,3.0167,Selected PATH_C with highest valid ARPS score (1.4423) satisfying all retinal preservation constraints.
aptos_3348,PATH_A,1.2173,False,19.5138,1700.3471,1.4826,21.7396,0.966,0.0,2.973,Selected PATH_A with highest valid ARPS score (1.2173) satisfying all retinal preservation constraints.
aptos_2596,PATH_A,1.1098,False,15.5765,4033.1009,2.9652,13.1811,0.9739,1.4826,2.0418,Selected PATH_A with highest valid ARPS score (1.1098) satisfying all retinal preservation constraints.
aptos_0912,PATH_A,1.4019,False,19.1403,1975.0637,2.9652,20.3443,0.9598,1.4826,3.6329,Selected PATH_A with highest valid ARPS score (1.4019) satisfying all retinal preservation constraints.
aptos_1643,PATH_A,1.3926,False,22.4466,1769.8543,2.9652,20.8217,0.9761,1.4826,2.4648,Selected PATH_A with highest valid ARPS score (1.3926) satisfying all retinal preservation constraints.
aptos_2291,PATH_A,1.3994,False,16.6712,1847.6207,2.9652,20.1478,0.9751,1.4826,2.5894,Selected PATH_A with highest valid ARPS score (1.3994) satisfying all retinal preservation constraints.
aptos_3624,PATH_B,0.4031,False,19.1765,380.9376,1.4826,23.6287,0.8664,0.0,2.9341,Selected PATH_B with highest valid ARPS score (0.4031) satisfying all retinal preservation constraints.
aptos_1372,PATH_A,1.4431,False,16.5864,2328.8224,2.9652,14.232,0.9644,1.4826,5.679,Selected PATH_A with highest valid ARPS score (1.4431) satisfying all retinal preservation constraints.
aptos_1268,PATH_C,0.8869,False,15.8362,2920.0467,2.9652,7.9388,0.9694,1.4826,-1.7181,Selected PATH_C with highest valid ARPS score (0.8869) satisfying all retinal preservation constraints.
aptos_1399,PATH_A,1.5205,False,20.6505,1128.404,1.4826,25.014,0.9719,0.0,2.6712,Selected PATH_A with highest valid ARPS score (1.5205) satisfying all retinal preservation constraints.
aptos_1733,PATH_B,0.4453,False,28.8526,669.7218,1.4826,26.4736,0.8963,0.0,2.1904,Selected PATH_B with highest valid ARPS score (0.4453) satisfying all retinal preservation constraints.
aptos_0153,PATH_A,1.3981,False,20.9752,2589.5196,2.9652,22.7371,0.969,1.4826,4.3531,Selected PATH_A with highest valid ARPS score (1.3981) satisfying all retinal preservation constraints.
aptos_3347,PATH_B,0.4008,False,17.3641,725.8449,1.4826,15.2625,0.9188,0.0,-1.1126,Selected PATH_B with highest valid ARPS score (0.4008) satisfying all retinal preservation constraints.
aptos_2879,PATH_C,1.409,False,15.978,3676.4406,2.9652,7.8927,0.9785,1.4826,-2.2429,Selected PATH_C with highest valid ARPS score (1.4090) satisfying all retinal preservation constraints.
aptos_0876,PATH_C,1.4618,False,14.4106,1094.4447,2.9652,7.6005,0.9722,1.4826,4.891,Selected PATH_C with highest valid ARPS score (1.4618) satisfying all retinal preservation constraints.
aptos_2812,PATH_A,1.1605,False,15.1097,3270.7303,2.9652,12.8845,0.9703,1.4826,0.9053,Selected PATH_A with highest valid ARPS score (1.1605) satisfying all retinal preservation constraints.
aptos_2768,PATH_B,0.4071,False,15.5281,721.1186,1.4826,13.7305,0.9198,0.0,0.5149,Selected PATH_B with highest valid ARPS score (0.4071) satisfying all retinal preservation constraints.
aptos_1159,PATH_C,0.8909,False,15.4736,2950.5407,2.9652,7.7124,0.9768,1.4826,-0.027,Selected PATH_C with highest valid ARPS score (0.8909) satisfying all retinal preservation constraints.
aptos_0045,PATH_C,1.1623,False,14.7395,2910.3398,4.4478,10.063,0.9742,1.4826,-0.8931,Selected PATH_C with highest valid ARPS score (1.1623) satisfying all retinal preservation constraints.
aptos_1676,PATH_C,1.2498,False,13.2255,2095.7641,2.9652,7.2948,0.9767,1.4826,1.2963,Selected PATH_C with highest valid ARPS score (1.2498) satisfying all retinal preservation constraints.
aptos_0461,PATH_C,1.3881,False,14.3546,1737.3764,2.9652,7.8591,0.9769,1.4826,0.9475,Selected PATH_C with highest valid ARPS score (1.3881) satisfying all retinal preservation constraints.
aptos_0860,PATH_C,1.5722,False,23.8696,951.2453,1.4826,7.8052,0.9631,0.0,4.527,Selected PATH_C with highest valid ARPS score (1.5722) satisfying all retinal preservation constraints.
aptos_1934,PATH_A,1.3757,False,23.3705,6698.8163,4.4478,17.5451,0.9803,1.4826,0.773,Selected PATH_A with highest valid ARPS score (1.3757) satisfying all retinal preservation constraints.
aptos_0265,PATH_A,1.5064,False,25.1147,1170.4636,1.4826,26.9392,0.9752,0.0,0.9805,Selected PATH_A with highest valid ARPS score (1.5064) satisfying all retinal preservation constraints.
aptos_2243,PATH_A,0.9837,False,14.6042,3379.6362,2.9652,12.1949,0.9672,1.4826,1.9271,Selected PATH_A with highest valid ARPS score (0.9837) satisfying all retinal preservation constraints.
aptos_1542,PATH_B,0.506,False,18.6231,405.8776,1.4826,32.0095,0.8731,0.0,3.7605,Selected PATH_B with highest valid ARPS score (0.5060) satisfying all retinal preservation constraints.
aptos_2137,PATH_A,1.4042,False,17.0157,1540.6415,2.9652,18.3403,0.9788,1.4826,2.5632,Selected PATH_A with highest valid ARPS score (1.4042) satisfying all retinal preservation constraints.
aptos_1913,PATH_B,0.4002,False,18.1159,582.6537,1.4826,17.1043,0.9082,0.0,-1.2265,Selected PATH_B with highest valid ARPS score (0.4002) satisfying all retinal preservation constraints.
aptos_0990,PATH_A,1.4107,False,19.8064,2718.538,2.9652,20.3834,0.9785,1.4826,4.8749,Selected PATH_A with highest valid ARPS score (1.4107) satisfying all retinal preservation constraints.
aptos_3541,PATH_A,1.4153,False,16.2826,2033.7261,2.9652,16.9633,0.9795,1.4826,3.4054,Selected PATH_A with highest valid ARPS score (1.4153) satisfying all retinal preservation constraints.
aptos_0712,PATH_C,0.8882,False,14.2624,2780.6323,2.9652,7.139,0.9714,1.4826,-0.6719,Selected PATH_C with highest valid ARPS score (0.8882) satisfying all retinal preservation constraints.
aptos_0465,PATH_A,1.4126,False,19.4913,1544.3959,2.9652,16.7444,0.9665,1.4826,3.7046,Selected PATH_A with highest valid ARPS score (1.4126) satisfying all retinal preservation constraints.
aptos_1646,PATH_A,1.4261,False,18.3584,2577.7783,2.9652,18.8335,0.9753,1.4826,5.8067,Selected PATH_A with highest valid ARPS score (1.4261) satisfying all retinal preservation constraints.
aptos_3374,PATH_B,0.4841,False,28.0043,504.1978,1.4826,22.2777,0.897,0.0,0.3666,Selected PATH_B with highest valid ARPS score (0.4841) satisfying all retinal preservation constraints.
aptos_0182,PATH_A,1.5209,False,22.2532,1629.1832,1.4826,26.5149,0.9598,0.0,3.9402,Selected PATH_A with highest valid ARPS score (1.5209) satisfying all retinal preservation constraints.
aptos_0655,PATH_C,1.1152,False,12.9936,1463.5116,2.9652,8.5143,0.9747,1.4826,3.0344,Selected PATH_C with highest valid ARPS score (1.1152) satisfying all retinal preservation constraints.
aptos_1718,PATH_A,1.0986,False,16.7509,3628.6077,2.9652,13.4012,0.968,1.4826,1.2713,Selected PATH_A with highest valid ARPS score (1.0986) satisfying all retinal preservation constraints.
aptos_1024,PATH_A,1.401,False,27.6134,3367.0845,2.9652,22.6568,0.9714,1.4826,6.2476,Selected PATH_A with highest valid ARPS score (1.4010) satisfying all retinal preservation constraints.
aptos_1427,PATH_A,1.3978,False,27.4057,3597.6361,2.9652,20.6869,0.9791,1.4826,4.1841,Selected PATH_A with highest valid ARPS score (1.3978) satisfying all retinal preservation constraints.
aptos_1458,PATH_A,1.4553,False,21.7509,5470.3995,4.4478,19.4829,0.9818,1.4826,-0.0698,Selected PATH_A with highest valid ARPS score (1.4553) satisfying all retinal preservation constraints.
aptos_3463,PATH_A,1.3943,False,20.721,2069.0777,2.9652,25.5352,0.9847,1.4826,4.7705,Selected PATH_A with highest valid ARPS score (1.3943) satisfying all retinal preservation constraints.
aptos_1657,PATH_B,0.4554,False,17.4888,389.3464,1.4826,23.1735,0.866,0.0,0.833,Selected PATH_B with highest valid ARPS score (0.4554) satisfying all retinal preservation constraints.
aptos_2264,PATH_C,1.2547,False,11.7725,2509.3852,2.9652,11.3276,0.9649,1.4826,-4.0325,Selected PATH_C with highest valid ARPS score (1.2547) satisfying all retinal preservation constraints.
aptos_2051,PATH_A,1.4515,False,13.9842,1224.1668,2.9652,12.2182,0.9613,1.4826,4.9962,Selected PATH_A with highest valid ARPS score (1.4515) satisfying all retinal preservation constraints.
aptos_2921,PATH_B,0.5373,False,20.4154,377.014,1.4826,20.9106,0.8868,0.0,1.4092,Selected PATH_B with highest valid ARPS score (0.5373) satisfying all retinal preservation constraints.
aptos_3075,PATH_A,1.4744,False,14.2628,1606.4044,2.9652,11.07,0.9777,1.4826,6.2582,Selected PATH_A with highest valid ARPS score (1.4744) satisfying all retinal preservation constraints.
aptos_2445,PATH_B,0.3868,False,17.2704,528.0705,1.4826,15.0814,0.9099,0.0,-2.0739,Selected PATH_B with highest valid ARPS score (0.3868) satisfying all retinal preservation constraints.
aptos_3357,PATH_C,1.0736,False,16.6285,1609.6285,2.9652,8.9688,0.9734,1.4826,2.08,Selected PATH_C with highest valid ARPS score (1.0736) satisfying all retinal preservation constraints.
aptos_3359,PATH_A,1.4275,False,16.8642,2934.3909,2.9652,13.7831,0.9819,1.4826,3.9036,Selected PATH_A with highest valid ARPS score (1.4275) satisfying all retinal preservation constraints.
aptos_2335,PATH_A,1.421,False,17.7525,1813.4564,2.9652,13.7637,0.9699,1.4826,3.3431,Selected PATH_A with highest valid ARPS score (1.4210) satisfying all retinal preservation constraints.
aptos_0308,PATH_C,0.8646,False,15.4144,3081.1377,2.9652,7.5248,0.9688,1.4826,-1.171,Selected PATH_C with highest valid ARPS score (0.8646) satisfying all retinal preservation constraints.
aptos_3412,PATH_B,0.3989,False,18.6422,563.6111,1.4826,16.4405,0.9159,0.0,-0.9758,Selected PATH_B with highest valid ARPS score (0.3989) satisfying all retinal preservation constraints.
aptos_0559,PATH_C,1.4031,False,14.2096,2173.386,2.9652,7.3408,0.9771,1.4826,1.7013,Selected PATH_C with highest valid ARPS score (1.4031) satisfying all retinal preservation constraints.
aptos_3135,PATH_A,1.4379,False,18.7657,5967.662,4.4478,14.1472,0.979,1.4826,0.1728,Selected PATH_A with highest valid ARPS score (1.4379) satisfying all retinal preservation constraints.
aptos_0758,PATH_A,1.4383,False,14.2644,3025.1337,2.9652,11.9472,0.9708,1.4826,3.9151,Selected PATH_A with highest valid ARPS score (1.4383) satisfying all retinal preservation constraints.
aptos_1331,PATH_A,1.0703,False,21.9996,3743.4048,2.9652,18.4273,0.9717,1.4826,3.3267,Selected PATH_A with highest valid ARPS score (1.0703) satisfying all retinal preservation constraints.
aptos_2626,PATH_A,1.4437,False,22.0263,5514.5683,4.4478,18.6621,0.9776,1.4826,2.1906,Selected PATH_A with highest valid ARPS score (1.4437) satisfying all retinal preservation constraints.
aptos_2387,PATH_C,0.9441,False,14.6805,3026.3168,2.9652,8.4257,0.9614,1.4826,-2.8968,Selected PATH_C with highest valid ARPS score (0.9441) satisfying all retinal preservation constraints.
aptos_3046,PATH_C,0.9403,False,15.6516,3172.3214,2.9652,8.1798,0.9716,1.4826,0.7651,Selected PATH_C with highest valid ARPS score (0.9403) satisfying all retinal preservation constraints.
aptos_2379,PATH_B,0.4727,False,19.892,605.3203,1.4826,21.6956,0.9075,-1.4826,-0.5773,Selected PATH_B with highest valid ARPS score (0.4727) satisfying all retinal preservation constraints.
aptos_0573,PATH_B,0.5231,False,19.1694,464.0502,1.4826,21.3285,0.8987,0.0,-0.7455,Selected PATH_B with highest valid ARPS score (0.5231) satisfying all retinal preservation constraints.
aptos_2238,PATH_C,0.8607,False,15.5717,2869.9929,2.9652,7.5164,0.9736,1.4826,-0.7255,Selected PATH_C with highest valid ARPS score (0.8607) satisfying all retinal preservation constraints.
aptos_1793,PATH_C,0.8103,False,15.8822,2755.7364,2.9652,7.2027,0.9663,1.4826,1.9162,Selected PATH_C with highest valid ARPS score (0.8103) satisfying all retinal preservation constraints.
aptos_0856,PATH_C,1.094,False,13.9355,1933.793,2.9652,9.4312,0.9724,1.4826,-2.3599,Selected PATH_C with highest valid ARPS score (1.0940) satisfying all retinal preservation constraints.
aptos_3157,PATH_A,1.4191,False,19.3672,1942.8513,2.9652,19.3614,0.972,1.4826,5.527,Selected PATH_A with highest valid ARPS score (1.4191) satisfying all retinal preservation constraints.
aptos_0274,PATH_A,1.4183,False,20.1545,2128.2443,2.9652,15.188,0.9832,1.4826,3.8616,Selected PATH_A with highest valid ARPS score (1.4183) satisfying all retinal preservation constraints.
aptos_0183,PATH_A,1.4541,False,19.5505,4275.92,4.4478,28.2862,0.9796,1.4826,4.3514,Selected PATH_A with highest valid ARPS score (1.4541) satisfying all retinal preservation constraints.
aptos_2056,PATH_C,1.2985,False,21.3679,2955.1383,2.9652,9.2848,0.9778,1.4826,-0.1006,Selected PATH_C with highest valid ARPS score (1.2985) satisfying all retinal preservation constraints.
aptos_0051,PATH_A,1.414,False,21.1627,2218.2341,2.9652,15.0952,0.9659,1.4826,3.4581,Selected PATH_A with highest valid ARPS score (1.4140) satisfying all retinal preservation constraints.
aptos_0199,PATH_A,1.4749,False,18.689,5305.6158,4.4478,17.5045,0.9764,1.4826,2.7274,Selected PATH_A with highest valid ARPS score (1.4749) satisfying all retinal preservation constraints.
aptos_2453,PATH_A,1.0922,False,18.8315,3779.1446,2.9652,15.4339,0.9567,1.4826,-0.7332,Selected PATH_A with highest valid ARPS score (1.0922) satisfying all retinal preservation constraints.
aptos_2284,PATH_A,1.4069,False,22.5382,2237.1398,2.9652,18.5272,0.9859,1.4826,3.9182,Selected PATH_A with highest valid ARPS score (1.4069) satisfying all retinal preservation constraints.
aptos_2276,PATH_C,0.6518,False,15.6442,925.0213,1.4826,10.4488,0.9613,0.0,-2.0715,Selected PATH_C with highest valid ARPS score (0.6518) satisfying all retinal preservation constraints.
aptos_1773,PATH_A,1.449,False,15.0687,2827.2763,2.9652,11.8029,0.9818,1.4826,4.9857,Selected PATH_A with highest valid ARPS score (1.4490) satisfying all retinal preservation constraints.
aptos_1009,PATH_A,1.4553,False,14.307,2399.2014,2.9652,11.7357,0.9511,1.4826,5.3345,Selected PATH_A with highest valid ARPS score (1.4553) satisfying all retinal preservation constraints.
aptos_0717,PATH_A,1.4101,False,18.9229,2547.2199,2.9652,13.638,0.9665,1.4826,1.6925,Selected PATH_A with highest valid ARPS score (1.4101) satisfying all retinal preservation constraints.
aptos_2017,PATH_A,1.3996,False,15.8451,1220.658,2.9652,23.9484,0.9691,1.4826,3.8599,Selected PATH_A with highest valid ARPS score (1.3996) satisfying all retinal preservation constraints.
aptos_1336,PATH_A,1.517,False,21.2703,738.5029,1.4826,27.256,0.9671,0.0,3.3583,Selected PATH_A with highest valid ARPS score (1.5170) satisfying all retinal preservation constraints.
aptos_3186,PATH_C,1.4684,False,15.8903,1521.2203,2.9652,6.7548,0.9817,1.4826,5.6874,Selected PATH_C with highest valid ARPS score (1.4684) satisfying all retinal preservation constraints.
aptos_2211,PATH_A,1.3961,False,25.1386,1343.3121,2.9652,27.8802,0.9758,1.4826,7.2935,Selected PATH_A with highest valid ARPS score (1.3961) satisfying all retinal preservation constraints.
aptos_1262,PATH_A,1.4023,False,19.9136,3781.7522,2.9652,21.1806,0.9791,1.4826,3.9992,Selected PATH_A with highest valid ARPS score (1.4023) satisfying all retinal preservation constraints.
aptos_2161,PATH_C,0.8568,False,15.5766,2641.1715,2.9652,8.5734,0.9736,1.4826,-2.1514,Selected PATH_C with highest valid ARPS score (0.8568) satisfying all retinal preservation constraints.
aptos_0575,PATH_C,0.8538,False,17.9745,3829.3134,2.9652,7.5619,0.9733,1.4826,0.6375,Selected PATH_C with highest valid ARPS score (0.8538) satisfying all retinal preservation constraints.
aptos_1140,PATH_A,1.397,False,22.3576,5662.1273,4.4478,17.885,0.9796,1.4826,0.5989,Selected PATH_A with highest valid ARPS score (1.3970) satisfying all retinal preservation constraints.
aptos_3528,PATH_B,0.5558,False,21.1281,547.5597,1.4826,22.8035,0.9159,0.0,0.2872,Selected PATH_B with highest valid ARPS score (0.5558) satisfying all retinal preservation constraints.
aptos_0118,PATH_C,1.0237,False,15.014,2910.3823,2.9652,7.3326,0.9722,1.4826,-1.3628,Selected PATH_C with highest valid ARPS score (1.0237) satisfying all retinal preservation constraints.
aptos_2336,PATH_C,0.9846,False,14.7706,2934.4879,2.9652,9.7839,0.9759,1.4826,-2.3864,Selected PATH_C with highest valid ARPS score (0.9846) satisfying all retinal preservation constraints.
aptos_2578,PATH_A,1.4051,False,23.5129,1768.5518,2.9652,20.8469,0.9732,1.4826,5.1274,Selected PATH_A with highest valid ARPS score (1.4051) satisfying all retinal preservation constraints.
aptos_1100,PATH_A,1.4102,False,18.6662,1956.1203,2.9652,19.783,0.9755,1.4826,4.3388,Selected PATH_A with highest valid ARPS score (1.4102) satisfying all retinal preservation constraints.
aptos_2763,PATH_A,1.358,False,31.1379,2441.8623,2.9652,31.0183,0.9729,1.4826,1.6467,Selected PATH_A with highest valid ARPS score (1.3580) satisfying all retinal preservation constraints.
aptos_0372,PATH_C,1.3765,False,12.6056,1502.2452,2.9652,10.3691,0.9696,1.4826,-2.8218,Selected PATH_C with highest valid ARPS score (1.3765) satisfying all retinal preservation constraints.
aptos_0475,PATH_A,1.3652,False,26.232,1880.2762,2.9652,26.6595,0.9721,1.4826,-0.1455,Selected PATH_A with highest valid ARPS score (1.3652) satisfying all retinal preservation constraints.
aptos_1475,PATH_A,1.3561,False,23.6399,2730.536,2.9652,25.5267,0.9716,1.4826,1.9605,Selected PATH_A with highest valid ARPS score (1.3561) satisfying all retinal preservation constraints.
aptos_2116,PATH_A,1.4091,False,14.4349,1725.9304,2.9652,16.3427,0.9791,1.4826,2.0801,Selected PATH_A with highest valid ARPS score (1.4091) satisfying all retinal preservation constraints.
aptos_0666,PATH_C,0.7238,False,15.515,889.3197,1.4826,10.0461,0.967,0.0,-2.7444,Selected PATH_C with highest valid ARPS score (0.7238) satisfying all retinal preservation constraints.
aptos_0390,PATH_C,0.9539,False,13.7105,2734.9552,2.9652,7.7718,0.9723,1.4826,-0.6101,Selected PATH_C with highest valid ARPS score (0.9539) satisfying all retinal preservation constraints.
aptos_2105,PATH_B,0.3842,False,19.2958,580.4488,1.4826,17.1649,0.9073,0.0,-1.6456,Selected PATH_B with highest valid ARPS score (0.3842) satisfying all retinal preservation constraints.
aptos_2443,PATH_A,1.3997,False,18.2135,2737.9444,2.9652,19.97,0.9701,1.4826,2.8498,Selected PATH_A with highest valid ARPS score (1.3997) satisfying all retinal preservation constraints.
aptos_3537,PATH_C,0.9496,False,15.6507,3294.4068,2.9652,8.1007,0.9678,1.4826,-1.9672,Selected PATH_C with highest valid ARPS score (0.9496) satisfying all retinal preservation constraints.
aptos_0550,PATH_A,1.3886,False,24.573,2814.7104,2.9652,21.2378,0.9766,1.4826,1.9982,Selected PATH_A with highest valid ARPS score (1.3886) satisfying all retinal preservation constraints.
aptos_2289,PATH_A,1.0034,False,19.3324,3051.4255,2.9652,16.1003,0.9698,1.4826,0.5775,Selected PATH_A with highest valid ARPS score (1.0034) satisfying all retinal preservation constraints.
aptos_2597,PATH_A,1.4248,False,15.9457,3296.8058,2.9652,12.6956,0.9787,1.4826,3.0185,Selected PATH_A with highest valid ARPS score (1.4248) satisfying all retinal preservation constraints.
aptos_3595,PATH_A,1.4234,False,16.3435,2040.3339,2.9652,17.0745,0.9733,1.4826,4.424,Selected PATH_A with highest valid ARPS score (1.4234) satisfying all retinal preservation constraints.
aptos_2352,PATH_A,1.4367,False,14.2737,2123.8294,2.9652,15.6401,0.9749,1.4826,4.6494,Selected PATH_A with highest valid ARPS score (1.4367) satisfying all retinal preservation constraints.
aptos_1500,PATH_A,1.3819,False,24.6968,4524.5322,2.9652,22.8932,0.9517,1.4826,1.935,Selected PATH_A with highest valid ARPS score (1.3819) satisfying all retinal preservation constraints.
aptos_2711,PATH_A,1.4322,False,20.881,6399.3472,4.4478,16.0105,0.9792,1.4826,1.816,Selected PATH_A with highest valid ARPS score (1.4322) satisfying all retinal preservation constraints.
aptos_0490,PATH_A,1.3841,False,20.8839,2055.9374,2.9652,20.926,0.9747,1.4826,0.507,Selected PATH_A with highest valid ARPS score (1.3841) satisfying all retinal preservation constraints.
aptos_1294,PATH_C,1.4259,False,14.1619,2626.9902,2.9652,6.5266,0.9756,1.4826,0.5273,Selected PATH_C with highest valid ARPS score (1.4259) satisfying all retinal preservation constraints.
aptos_2300,PATH_A,1.4146,False,21.4759,2571.4508,2.9652,20.2794,0.9771,1.4826,5.8186,Selected PATH_A with highest valid ARPS score (1.4146) satisfying all retinal preservation constraints.
aptos_0410,PATH_A,1.3671,False,26.086,2432.1447,2.9652,24.6752,0.9709,1.4826,-1.3711,Selected PATH_A with highest valid ARPS score (1.3671) satisfying all retinal preservation constraints.
aptos_3509,PATH_A,1.4219,False,19.1069,2279.4393,2.9652,18.9697,0.9787,1.4826,5.5883,Selected PATH_A with highest valid ARPS score (1.4219) satisfying all retinal preservation constraints.
aptos_0673,PATH_A,1.4331,False,16.8464,2153.9096,2.9652,15.6188,0.9782,1.4826,5.1127,Selected PATH_A with highest valid ARPS score (1.4331) satisfying all retinal preservation constraints.
aptos_1845,PATH_B,0.3938,False,17.2346,600.9031,1.4826,13.9878,0.9105,0.0,1.3295,Selected PATH_B with highest valid ARPS score (0.3938) satisfying all retinal preservation constraints.
aptos_1816,PATH_C,1.1059,False,16.6583,1635.835,2.9652,7.6163,0.9726,1.4826,3.1363,Selected PATH_C with highest valid ARPS score (1.1059) satisfying all retinal preservation constraints.
aptos_2394,PATH_A,0.9819,False,45.9823,7428.8929,2.9652,43.3701,0.9705,1.4826,-4.8335,Selected PATH_A with highest valid ARPS score (0.9819) satisfying all retinal preservation constraints.
aptos_3256,PATH_A,1.5018,False,23.9114,976.0798,1.4826,31.8318,0.9588,0.0,3.4092,Selected PATH_A with highest valid ARPS score (1.5018) satisfying all retinal preservation constraints.
aptos_1791,PATH_B,0.3863,False,17.4462,588.4865,1.4826,15.2224,0.9096,0.0,0.3082,Selected PATH_B with highest valid ARPS score (0.3863) satisfying all retinal preservation constraints.
aptos_1680,PATH_A,1.3772,False,23.2909,2306.7724,2.9652,28.5652,0.9695,1.4826,4.0082,Selected PATH_A with highest valid ARPS score (1.3772) satisfying all retinal preservation constraints.
aptos_1730,PATH_C,1.4423,False,13.7794,928.392,2.9652,7.3685,0.9588,1.4826,3.0167,Selected PATH_C with highest valid ARPS score (1.4423) satisfying all retinal preservation constraints.
aptos_0820,PATH_A,1.3857,False,25.0131,3136.6082,2.9652,23.8593,0.9723,1.4826,3.1995,Selected PATH_A with highest valid ARPS score (1.3857) satisfying all retinal preservation constraints.
aptos_2279,PATH_B,0.7304,False,19.0125,478.6326,0.0,14.1338,0.897,-1.4826,4.1033,Selected PATH_B with highest valid ARPS score (0.7304) satisfying all retinal preservation constraints.
aptos_0909,PATH_A,1.371,False,25.985,3155.3431,2.9652,25.4671,0.9786,1.4826,0.4837,Selected PATH_A with highest valid ARPS score (1.3710) satisfying all retinal preservation constraints.
aptos_3027,PATH_C,0.9511,False,14.4135,3173.6183,2.9652,7.5714,0.9693,1.4826,-1.0468,Selected PATH_C with highest valid ARPS score (0.9511) satisfying all retinal preservation constraints.
aptos_3272,PATH_A,1.4181,False,19.2097,2515.8183,2.9652,14.4438,0.9775,1.4826,3.3734,Selected PATH_A with highest valid ARPS score (1.4181) satisfying all retinal preservation constraints.
aptos_3417,PATH_C,1.2529,False,16.2072,2237.3644,2.9652,6.9549,0.978,1.4826,3.3096,Selected PATH_C with highest valid ARPS score (1.2529) satisfying all retinal preservation constraints.
aptos_1339,PATH_C,0.8743,False,14.6323,2075.2717,2.9652,9.4166,0.9689,1.4826,-3.9591,Selected PATH_C with highest valid ARPS score (0.8743) satisfying all retinal preservation constraints.
aptos_0628,PATH_A,1.4148,False,17.2378,1725.9412,2.9652,21.8058,0.9817,1.4826,5.1208,Selected PATH_A with highest valid ARPS score (1.4148) satisfying all retinal preservation constraints.
aptos_2905,PATH_A,1.4108,False,17.1748,2633.6428,2.9652,16.5251,0.9628,1.4826,2.9582,Selected PATH_A with highest valid ARPS score (1.4108) satisfying all retinal preservation constraints.
aptos_2266,PATH_A,1.4667,False,19.978,5178.2107,4.4478,17.2132,0.9784,1.4826,1.139,Selected PATH_A with highest valid ARPS score (1.4667) satisfying all retinal preservation constraints.
aptos_1626,PATH_B,0.4179,False,17.2206,645.214,1.4826,16.3586,0.9283,0.0,0.4301,Selected PATH_B with highest valid ARPS score (0.4179) satisfying all retinal preservation constraints.
aptos_2862,PATH_A,1.4362,False,16.7854,1535.0772,2.9652,14.5737,0.9726,1.4826,5.1429,Selected PATH_A with highest valid ARPS score (1.4362) satisfying all retinal preservation constraints.
aptos_0598,PATH_C,0.8909,False,16.584,3569.9293,2.9652,8.341,0.9766,1.4826,-0.1026,Selected PATH_C with highest valid ARPS score (0.8909) satisfying all retinal preservation constraints.
aptos_2787,PATH_C,1.0028,False,13.2573,2690.4077,2.9652,8.595,0.9733,1.4826,-1.771,Selected PATH_C with highest valid ARPS score (1.0028) satisfying all retinal preservation constraints.
aptos_0263,PATH_C,1.0009,False,15.8,3243.4467,2.9652,9.026,0.9738,1.4826,0.4383,Selected PATH_C with highest valid ARPS score (1.0009) satisfying all retinal preservation constraints.
aptos_2233,PATH_A,1.376,False,21.9228,1824.7798,2.9652,26.5007,0.9653,1.4826,2.4411,Selected PATH_A with highest valid ARPS score (1.3760) satisfying all retinal preservation constraints.
aptos_2851,PATH_A,1.4128,False,14.5635,2356.5097,2.9652,15.6265,0.9586,1.4826,2.4878,Selected PATH_A with highest valid ARPS score (1.4128) satisfying all retinal preservation constraints.
aptos_0499,PATH_A,1.3781,False,29.7021,2371.2209,2.9652,24.449,0.9808,1.4826,1.8998,Selected PATH_A with highest valid ARPS score (1.3781) satisfying all retinal preservation constraints.
aptos_1721,PATH_A,1.4281,False,15.6942,3465.6252,2.9652,11.8801,0.9786,1.4826,3.1029,Selected PATH_A with highest valid ARPS score (1.4281) satisfying all retinal preservation constraints.
aptos_1973,PATH_A,1.4037,False,20.6514,2116.2804,2.9652,17.2636,0.9695,1.4826,2.5728,Selected PATH_A with highest valid ARPS score (1.4037) satisfying all retinal preservation constraints.
aptos_1266,PATH_A,1.4382,False,12.541,2028.4932,2.9652,13.9975,0.9608,1.4826,3.9292,Selected PATH_A with highest valid ARPS score (1.4382) satisfying all retinal preservation constraints.
aptos_0110,PATH_A,1.4101,False,17.8244,2413.9806,2.9652,17.3601,0.9716,1.4826,3.2341,Selected PATH_A with highest valid ARPS score (1.4101) satisfying all retinal preservation constraints.
aptos_0407,PATH_C,0.9455,False,17.6562,4288.3261,2.9652,7.0579,0.9719,1.4826,-1.4368,Selected PATH_C with highest valid ARPS score (0.9455) satisfying all retinal preservation constraints.
aptos_1355,PATH_A,1.2282,False,25.1033,4190.3078,2.9652,26.6811,0.9695,1.4826,3.7863,Selected PATH_A with highest valid ARPS score (1.2282) satisfying all retinal preservation constraints.
aptos_2506,PATH_A,1.3985,False,24.5013,1977.0989,2.9652,19.9505,0.9667,1.4826,3.6185,Selected PATH_A with highest valid ARPS score (1.3985) satisfying all retinal preservation constraints.
aptos_1821,PATH_A,1.5287,False,17.0974,1568.7724,1.4826,29.1069,0.9799,0.0,4.7191,Selected PATH_A with highest valid ARPS score (1.5287) satisfying all retinal preservation constraints.
aptos_2753,PATH_B,0.387,False,18.2963,633.5402,1.4826,15.3268,0.8879,0.0,-2.3055,Selected PATH_B with highest valid ARPS score (0.3870) satisfying all retinal preservation constraints.
aptos_1651,PATH_A,1.4294,False,17.7834,3346.1025,2.9652,15.9532,0.9804,1.4826,5.0771,Selected PATH_A with highest valid ARPS score (1.4294) satisfying all retinal preservation constraints.
aptos_2376,PATH_C,1.1471,False,18.5875,3038.099,2.9652,6.8563,0.981,1.4826,4.9539,Selected PATH_C with highest valid ARPS score (1.1471) satisfying all retinal preservation constraints.
aptos_1774,PATH_A,1.4435,False,15.0551,2426.5059,2.9652,15.4205,0.9819,1.4826,5.3506,Selected PATH_A with highest valid ARPS score (1.4435) satisfying all retinal preservation constraints.
aptos_0962,PATH_C,1.5485,False,16.1691,741.7124,1.4826,6.7713,0.9576,0.0,6.2521,Selected PATH_C with highest valid ARPS score (1.5485) satisfying all retinal preservation constraints.
aptos_0200,PATH_A,1.4138,False,17.1404,2166.1697,2.9652,19.6643,0.9651,1.4826,4.4464,Selected PATH_A with highest valid ARPS score (1.4138) satisfying all retinal preservation constraints.
aptos_1633,PATH_A,1.4207,False,19.7512,3021.1691,2.9652,14.6325,0.9785,1.4826,3.9569,Selected PATH_A with highest valid ARPS score (1.4207) satisfying all retinal preservation constraints.
aptos_2582,PATH_A,1.421,False,20.4073,3120.3845,2.9652,14.3054,0.9775,1.4826,3.9977,Selected PATH_A with highest valid ARPS score (1.4210) satisfying all retinal preservation constraints.
aptos_0237,PATH_A,1.3917,False,19.4294,1455.2418,2.9652,22.6944,0.9726,1.4826,2.9635,Selected PATH_A with highest valid ARPS score (1.3917) satisfying all retinal preservation constraints.
aptos_1432,PATH_A,1.4121,False,22.0552,3303.8733,2.9652,20.3224,0.9752,1.4826,5.6466,Selected PATH_A with highest valid ARPS score (1.4121) satisfying all retinal preservation constraints.
aptos_2592,PATH_A,1.2428,False,18.68,3173.1956,2.9652,16.3245,0.9775,1.4826,1.1636,Selected PATH_A with highest valid ARPS score (1.2428) satisfying all retinal preservation constraints.
aptos_2167,PATH_B,0.4546,False,24.8814,537.1464,1.4826,19.6342,0.8819,0.0,-0.3595,Selected PATH_B with highest valid ARPS score (0.4546) satisfying all retinal preservation constraints.
aptos_1251,PATH_A,1.4057,False,18.5193,2762.6981,2.9652,19.8828,0.9727,1.4826,3.7468,Selected PATH_A with highest valid ARPS score (1.4057) satisfying all retinal preservation constraints.
aptos_2914,PATH_A,1.4352,False,16.3822,2078.1707,2.9652,14.0364,0.9707,1.4826,4.7906,Selected PATH_A with highest valid ARPS score (1.4352) satisfying all retinal preservation constraints.
aptos_3568,PATH_A,1.4272,False,18.4778,1960.8403,2.9652,15.657,0.9695,1.4826,5.0085,Selected PATH_A with highest valid ARPS score (1.4272) satisfying all retinal preservation constraints.
aptos_2575,PATH_B,0.3676,False,21.1647,566.3786,1.4826,17.3179,0.9031,0.0,-0.8682,Selected PATH_B with highest valid ARPS score (0.3676) satisfying all retinal preservation constraints.
aptos_2991,PATH_A,1.4116,False,26.4058,2490.9993,2.9652,16.0813,0.9673,1.4826,4.3859,Selected PATH_A with highest valid ARPS score (1.4116) satisfying all retinal preservation constraints.
aptos_0167,PATH_A,1.4217,False,19.9773,2311.9516,2.9652,17.2484,0.9791,1.4826,5.2014,Selected PATH_A with highest valid ARPS score (1.4217) satisfying all retinal preservation constraints.
aptos_0391,PATH_A,1.4134,False,18.3809,2464.8632,2.9652,16.1592,0.9742,1.4826,3.2851,Selected PATH_A with highest valid ARPS score (1.4134) satisfying all retinal preservation constraints.
aptos_0097,PATH_A,1.3842,False,23.9005,1711.8125,2.9652,21.8233,0.9791,1.4826,1.2177,Selected PATH_A with highest valid ARPS score (1.3842) satisfying all retinal preservation constraints.
aptos_2341,PATH_A,1.2349,False,20.6699,959.3962,1.4826,30.5369,0.9697,1.4826,3.7621,Selected PATH_A with highest valid ARPS score (1.2349) satisfying all retinal preservation constraints.
aptos_2145,PATH_C,1.122,False,13.1599,1840.2078,2.9652,8.3675,0.9748,1.4826,-0.1129,Selected PATH_C with highest valid ARPS score (1.1220) satisfying all retinal preservation constraints.
aptos_3163,PATH_C,0.8661,False,15.3159,2925.6114,2.9652,7.6561,0.9721,1.4826,-1.0885,Selected PATH_C with highest valid ARPS score (0.8661) satisfying all retinal preservation constraints.
aptos_3468,PATH_C,0.9643,False,14.7156,3174.228,2.9652,7.5519,0.9771,1.4826,-0.7333,Selected PATH_C with highest valid ARPS score (0.9643) satisfying all retinal preservation constraints.
aptos_0495,PATH_A,1.3939,False,22.0225,2502.1391,2.9652,21.3982,0.9731,1.4826,3.0636,Selected PATH_A with highest valid ARPS score (1.3939) satisfying all retinal preservation constraints.
aptos_0266,PATH_C,1.4141,False,13.6549,2230.8865,2.9652,7.9388,0.9734,1.4826,-0.7944,Selected PATH_C with highest valid ARPS score (1.4141) satisfying all retinal preservation constraints.
aptos_0610,PATH_C,1.4226,False,13.3001,1318.3908,2.9652,7.5514,0.9723,1.4826,0.4565,Selected PATH_C with highest valid ARPS score (1.4226) satisfying all retinal preservation constraints.
aptos_1847,PATH_A,1.4427,False,18.267,2633.5541,2.9652,13.19,0.9789,1.4826,5.8197,Selected PATH_A with highest valid ARPS score (1.4427) satisfying all retinal preservation constraints.
aptos_1368,PATH_A,1.1115,False,13.0402,3777.3784,2.9652,11.4943,0.9711,1.4826,1.2918,Selected PATH_A with highest valid ARPS score (1.1115) satisfying all retinal preservation constraints.
aptos_3635,PATH_A,1.3937,False,20.2018,2921.3911,2.9652,20.8264,0.9711,1.4826,2.5034,Selected PATH_A with highest valid ARPS score (1.3937) satisfying all retinal preservation constraints.
aptos_3444,PATH_C,0.9345,False,16.182,3674.1107,2.9652,7.2656,0.964,1.4826,-3.545,Selected PATH_C with highest valid ARPS score (0.9345) satisfying all retinal preservation constraints.
aptos_2513,PATH_B,0.3713,False,20.6558,535.1746,1.4826,17.3858,0.882,0.0,-1.317,Selected PATH_B with highest valid ARPS score (0.3713) satisfying all retinal preservation constraints.
aptos_2929,PATH_A,1.5416,False,19.177,1298.0191,1.4826,17.8566,0.9802,0.0,2.5368,Selected PATH_A with highest valid ARPS score (1.5416) satisfying all retinal preservation constraints.
aptos_0804,PATH_A,1.425,False,21.3428,6373.9744,4.4478,17.3318,0.9825,1.4826,1.7766,Selected PATH_A with highest valid ARPS score (1.4250) satisfying all retinal preservation constraints.
aptos_1566,PATH_A,1.4258,False,14.7794,1213.6647,2.9652,12.9792,0.9644,1.4826,3.1227,Selected PATH_A with highest valid ARPS score (1.4258) satisfying all retinal preservation constraints.
aptos_1244,PATH_A,1.4386,False,16.803,2936.385,2.9652,13.6606,0.981,1.4826,5.0734,Selected PATH_A with highest valid ARPS score (1.4386) satisfying all retinal preservation constraints.
aptos_0451,PATH_B,0.3841,False,17.5753,604.8078,1.4826,15.6372,0.9116,0.0,-0.4664,Selected PATH_B with highest valid ARPS score (0.3841) satisfying all retinal preservation constraints.
aptos_1666,PATH_B,0.3935,False,19.5637,594.856,1.4826,17.2463,0.9087,0.0,-0.413,Selected PATH_B with highest valid ARPS score (0.3935) satisfying all retinal preservation constraints.
aptos_0613,PATH_A,1.412,False,19.62,2176.4863,2.9652,24.3519,0.9647,1.4826,6.4508,Selected PATH_A with highest valid ARPS score (1.4120) satisfying all retinal preservation constraints.
aptos_0647,PATH_C,0.7636,False,17.1618,3026.6914,2.9652,6.8759,0.9673,1.4826,1.2067,Selected PATH_C with highest valid ARPS score (0.7636) satisfying all retinal preservation constraints.
aptos_1697,PATH_C,1.0927,False,14.8561,3169.4037,2.9652,7.9309,0.979,1.4826,0.7102,Selected PATH_C with highest valid ARPS score (1.0927) satisfying all retinal preservation constraints.
aptos_2964,PATH_A,1.4144,False,19.2125,2683.75,2.9652,17.242,0.9731,1.4826,4.0671,Selected PATH_A with highest valid ARPS score (1.4144) satisfying all retinal preservation constraints.
aptos_1628,PATH_A,1.3852,False,24.8996,2840.8307,2.9652,20.3305,0.9703,1.4826,0.5318,Selected PATH_A with highest valid ARPS score (1.3852) satisfying all retinal preservation constraints.
aptos_0289,PATH_B,0.4027,False,18.2256,525.8155,1.4826,16.5978,0.9253,0.0,-1.7841,Selected PATH_B with highest valid ARPS score (0.4027) satisfying all retinal preservation constraints.
aptos_3006,PATH_B,0.5009,False,22.2189,827.8311,1.4826,23.6644,0.9025,0.0,2.1404,Selected PATH_B with highest valid ARPS score (0.5009) satisfying all retinal preservation constraints.
aptos_1918,PATH_A,1.3923,False,17.8511,2471.6316,2.9652,22.165,0.9729,1.4826,2.5834,Selected PATH_A with highest valid ARPS score (1.3923) satisfying all retinal preservation constraints.
aptos_2292,PATH_C,0.9049,False,16.4567,2834.1824,2.9652,7.3395,0.9655,1.4826,-0.257,Selected PATH_C with highest valid ARPS score (0.9049) satisfying all retinal preservation constraints.
aptos_1039,PATH_A,1.399,False,20.6735,3201.2227,2.9652,22.3109,0.9838,1.4826,4.082,Selected PATH_A with highest valid ARPS score (1.3990) satisfying all retinal preservation constraints.
aptos_2552,PATH_B,0.4618,False,27.8262,936.6819,1.4826,30.2765,0.9294,0.0,1.5663,Selected PATH_B with highest valid ARPS score (0.4618) satisfying all retinal preservation constraints.
aptos_2703,PATH_A,1.4168,False,20.7124,3092.2449,2.9652,16.2896,0.9616,1.4826,4.4643,Selected PATH_A with highest valid ARPS score (1.4168) satisfying all retinal preservation constraints.
aptos_2655,PATH_C,1.0197,False,13.938,1701.0053,2.9652,10.8243,0.9685,1.4826,-1.0516,Selected PATH_C with highest valid ARPS score (1.0197) satisfying all retinal preservation constraints.
aptos_2527,PATH_A,1.4025,False,18.9333,2448.0924,2.9652,20.2344,0.9686,1.4826,3.5401,Selected PATH_A with highest valid ARPS score (1.4025) satisfying all retinal preservation constraints.
aptos_0060,PATH_A,1.5195,False,23.6627,892.6402,1.4826,22.5677,0.974,0.0,1.1297,Selected PATH_A with highest valid ARPS score (1.5195) satisfying all retinal preservation constraints.
aptos_3136,PATH_C,1.3838,False,17.0304,2546.0929,2.9652,6.4833,0.9722,1.4826,4.1446,Selected PATH_C with highest valid ARPS score (1.3838) satisfying all retinal preservation constraints.
aptos_3190,PATH_A,1.4151,False,20.6364,2517.8334,2.9652,20.4047,0.9865,1.4826,5.6193,Selected PATH_A with highest valid ARPS score (1.4151) satisfying all retinal preservation constraints.
aptos_1525,PATH_C,1.0571,False,14.1602,2178.9634,2.9652,7.2758,0.979,1.4826,3.1494,Selected PATH_C with highest valid ARPS score (1.0571) satisfying all retinal preservation constraints.
aptos_2893,PATH_A,1.4111,False,18.7217,2127.8591,2.9652,17.8109,0.9799,1.4826,3.6463,Selected PATH_A with highest valid ARPS score (1.4111) satisfying all retinal preservation constraints.
aptos_0791,PATH_C,1.0764,False,14.5975,3433.4677,2.9652,8.1302,0.9798,1.4826,0.7499,Selected PATH_C with highest valid ARPS score (1.0764) satisfying all retinal preservation constraints.
aptos_3028,PATH_A,1.4219,False,22.5896,2987.3378,2.9652,14.544,0.9683,1.4826,4.8076,Selected PATH_A with highest valid ARPS score (1.4219) satisfying all retinal preservation constraints.
aptos_2622,PATH_A,1.4308,False,19.1142,2485.4688,2.9652,16.3875,0.982,1.4826,5.7575,Selected PATH_A with highest valid ARPS score (1.4308) satisfying all retinal preservation constraints.
aptos_3530,PATH_C,0.8217,False,15.3507,2829.4192,2.9652,8.0219,0.9673,1.4826,-2.476,Selected PATH_C with highest valid ARPS score (0.8217) satisfying all retinal preservation constraints.
aptos_3550,PATH_B,0.4567,False,19.7627,494.4072,1.4826,28.7082,0.8738,0.0,1.2156,Selected PATH_B with highest valid ARPS score (0.4567) satisfying all retinal preservation constraints.
aptos_2478,PATH_A,1.1392,False,14.7382,3481.4617,2.9652,13.113,0.9633,1.4826,1.5476,Selected PATH_A with highest valid ARPS score (1.1392) satisfying all retinal preservation constraints.
aptos_1062,PATH_C,1.4617,False,18.9508,1108.2131,2.9652,7.0081,0.9716,1.4826,6.2608,Selected PATH_C with highest valid ARPS score (1.4617) satisfying all retinal preservation constraints.
aptos_2636,PATH_C,1.0266,False,14.8323,3209.201,2.9652,8.0436,0.9759,1.4826,0.1802,Selected PATH_C with highest valid ARPS score (1.0266) satisfying all retinal preservation constraints.
aptos_0847,PATH_A,1.4294,False,17.7834,3346.1025,2.9652,15.9532,0.9804,1.4826,5.0771,Selected PATH_A with highest valid ARPS score (1.4294) satisfying all retinal preservation constraints.
aptos_0021,PATH_A,1.0763,False,12.9935,3045.7651,2.9652,11.7648,0.9643,1.4826,0.7858,Selected PATH_A with highest valid ARPS score (1.0763) satisfying all retinal preservation constraints.
aptos_2246,PATH_C,0.9004,False,16.229,3034.7346,2.9652,7.224,0.9722,1.4826,-1.0611,Selected PATH_C with highest valid ARPS score (0.9004) satisfying all retinal preservation constraints.
aptos_0898,PATH_A,1.3986,False,21.5115,2198.8058,2.9652,20.6487,0.9706,1.4826,3.5218,Selected PATH_A with highest valid ARPS score (1.3986) satisfying all retinal preservation constraints.
aptos_2247,PATH_B,0.5126,False,21.0852,346.0126,1.4826,23.5338,0.8696,0.0,2.2515,Selected PATH_B with highest valid ARPS score (0.5126) satisfying all retinal preservation constraints.
aptos_3501,PATH_C,0.9589,False,18.9274,2322.8551,2.9652,7.4327,0.973,1.4826,6.0388,Selected PATH_C with highest valid ARPS score (0.9589) satisfying all retinal preservation constraints.
aptos_1057,PATH_A,1.3941,False,23.1097,2023.7194,2.9652,23.6586,0.9744,1.4826,4.4902,Selected PATH_A with highest valid ARPS score (1.3941) satisfying all retinal preservation constraints.
aptos_2094,PATH_C,1.4542,False,14.1862,1388.0504,2.9652,6.8717,0.9767,1.4826,4.0042,Selected PATH_C with highest valid ARPS score (1.4542) satisfying all retinal preservation constraints.
aptos_1340,PATH_A,1.4511,False,17.0444,1762.9664,2.9652,12.9238,0.9819,1.4826,6.1082,Selected PATH_A with highest valid ARPS score (1.4511) satisfying all retinal preservation constraints.
aptos_3193,PATH_B,0.3916,False,19.6601,614.7118,1.4826,18.3373,0.907,0.0,-0.6461,Selected PATH_B with highest valid ARPS score (0.3916) satisfying all retinal preservation constraints.
aptos_1955,PATH_A,1.3724,False,18.6172,2384.4234,2.9652,24.1907,0.9653,1.4826,4.5868,Selected PATH_A with highest valid ARPS score (1.3724) satisfying all retinal preservation constraints.
aptos_1350,PATH_A,1.0396,False,25.8664,2954.7168,2.9652,21.5113,0.9624,1.4826,4.192,Selected PATH_A with highest valid ARPS score (1.0396) satisfying all retinal preservation constraints.
aptos_2743,PATH_A,1.4662,False,14.4517,2027.5681,2.9652,12.5512,0.9776,1.4826,6.1094,Selected PATH_A with highest valid ARPS score (1.4662) satisfying all retinal preservation constraints.
aptos_1358,PATH_A,1.3879,False,19.55,2064.8651,2.9652,26.4464,0.9601,1.4826,4.1897,Selected PATH_A with highest valid ARPS score (1.3879) satisfying all retinal preservation constraints.
aptos_0376,PATH_C,1.1859,False,13.2905,2447.0402,2.9652,7.6185,0.9798,1.4826,0.6757,Selected PATH_C with highest valid ARPS score (1.1859) satisfying all retinal preservation constraints.
aptos_3096,PATH_B,0.388,False,21.0167,572.7901,1.4826,18.2042,0.9167,0.0,-2.991,Selected PATH_B with highest valid ARPS score (0.3880) satisfying all retinal preservation constraints.
aptos_2632,PATH_B,0.4994,False,30.357,604.9292,1.4826,24.866,0.9012,0.0,3.2956,Selected PATH_B with highest valid ARPS score (0.4994) satisfying all retinal preservation constraints.
aptos_2131,PATH_A,1.4343,False,19.829,5360.2587,4.4478,16.599,0.976,1.4826,0.7985,Selected PATH_A with highest valid ARPS score (1.4343) satisfying all retinal preservation constraints.
aptos_2654,PATH_B,0.3992,False,16.3662,560.6886,1.4826,14.0337,0.8924,0.0,-0.2661,Selected PATH_B with highest valid ARPS score (0.3992) satisfying all retinal preservation constraints.
aptos_2888,PATH_A,1.3963,False,19.6063,2694.8057,2.9652,25.7945,0.9868,1.4826,4.8616,Selected PATH_A with highest valid ARPS score (1.3963) satisfying all retinal preservation constraints.
aptos_2377,PATH_A,1.4253,False,18.2436,1396.5365,2.9652,17.9256,0.9524,1.4826,5.5845,Selected PATH_A with highest valid ARPS score (1.4253) satisfying all retinal preservation constraints.
aptos_0268,PATH_A,1.2037,False,18.0913,3054.6012,2.9652,16.3428,0.9687,1.4826,2.6063,Selected PATH_A with highest valid ARPS score (1.2037) satisfying all retinal preservation constraints.
aptos_2825,PATH_C,0.7798,False,15.3295,2722.4437,2.9652,6.833,0.9687,1.4826,-0.0773,Selected PATH_C with highest valid ARPS score (0.7798) satisfying all retinal preservation constraints.
aptos_2328,PATH_A,1.4796,False,18.0276,5329.6951,4.4478,15.8869,0.98,1.4826,2.6111,Selected PATH_A with highest valid ARPS score (1.4796) satisfying all retinal preservation constraints.
aptos_1098,PATH_A,1.3789,False,23.325,1530.6275,2.9652,24.1903,0.9757,1.4826,1.5955,Selected PATH_A with highest valid ARPS score (1.3789) satisfying all retinal preservation constraints.
aptos_0010,PATH_C,0.9403,False,15.1904,3016.4494,2.9652,8.576,0.977,1.4826,-1.606,Selected PATH_C with highest valid ARPS score (0.9403) satisfying all retinal preservation constraints.
aptos_1249,PATH_C,0.7124,False,18.6904,1122.6847,1.4826,12.6717,0.9636,0.0,0.6382,Selected PATH_C with highest valid ARPS score (0.7124) satisfying all retinal preservation constraints.
aptos_0605,PATH_C,1.3018,False,11.8313,1558.4497,2.9652,8.8074,0.9763,1.4826,-1.0329,Selected PATH_C with highest valid ARPS score (1.3018) satisfying all retinal preservation constraints.
aptos_1343,PATH_A,1.4417,False,21.4363,6125.8384,4.4478,17.0652,0.9804,1.4826,2.7525,Selected PATH_A with highest valid ARPS score (1.4417) satisfying all retinal preservation constraints.
aptos_1109,PATH_B,0.39,False,19.4302,676.8942,1.4826,17.0343,0.9153,0.0,0.4121,Selected PATH_B with highest valid ARPS score (0.3900) satisfying all retinal preservation constraints.
aptos_2930,PATH_C,0.8965,False,15.6795,2928.3221,2.9652,8.2838,0.977,1.4826,-0.4109,Selected PATH_C with highest valid ARPS score (0.8965) satisfying all retinal preservation constraints.
aptos_3456,PATH_A,1.4398,False,17.8539,2689.3925,2.9652,12.953,0.9827,1.4826,5.296,Selected PATH_A with highest valid ARPS score (1.4398) satisfying all retinal preservation constraints.
aptos_3022,PATH_C,0.6725,False,19.6199,793.7084,1.4826,11.4924,0.9496,0.0,-1.1475,Selected PATH_C with highest valid ARPS score (0.6725) satisfying all retinal preservation constraints.
aptos_1226,PATH_C,0.7453,False,16.7408,978.379,1.4826,11.603,0.9674,0.0,0.4746,Selected PATH_C with highest valid ARPS score (0.7453) satisfying all retinal preservation constraints.
aptos_0078,PATH_A,1.447,False,11.8296,1658.3646,2.9652,14.004,0.9807,1.4826,4.183,Selected PATH_A with highest valid ARPS score (1.4470) satisfying all retinal preservation constraints.
aptos_1724,PATH_C,0.83,False,13.3666,1572.0259,2.9652,9.3333,0.9719,1.4826,0.5412,Selected PATH_C with highest valid ARPS score (0.8300) satisfying all retinal preservation constraints.
aptos_0644,PATH_A,1.4082,False,19.3028,3394.8812,2.9652,18.5735,0.9768,1.4826,3.6741,Selected PATH_A with highest valid ARPS score (1.4082) satisfying all retinal preservation constraints.
aptos_1792,PATH_C,1.3435,False,12.1288,1686.4538,2.9652,7.1767,0.9743,1.4826,-0.8719,Selected PATH_C with highest valid ARPS score (1.3435) satisfying all retinal preservation constraints.
aptos_1535,PATH_A,1.3934,False,30.1699,3268.6842,2.9652,19.0198,0.9769,1.4826,1.9863,Selected PATH_A with highest valid ARPS score (1.3934) satisfying all retinal preservation constraints.
aptos_2259,PATH_C,0.8524,False,15.6407,3226.5865,2.9652,8.3542,0.976,1.4826,-0.0231,Selected PATH_C with highest valid ARPS score (0.8524) satisfying all retinal preservation constraints.
aptos_1870,PATH_A,1.3744,False,27.8671,4547.3841,2.9652,25.3442,0.9823,1.4826,1.3857,Selected PATH_A with highest valid ARPS score (1.3744) satisfying all retinal preservation constraints.
aptos_0093,PATH_B,0.4032,False,16.8127,678.1914,1.4826,14.7241,0.9155,0.0,0.5142,Selected PATH_B with highest valid ARPS score (0.4032) satisfying all retinal preservation constraints.
aptos_0326,PATH_A,1.3733,False,24.297,2570.2682,2.9652,24.0173,0.9828,1.4826,-0.1677,Selected PATH_A with highest valid ARPS score (1.3733) satisfying all retinal preservation constraints.
aptos_1234,PATH_C,0.8465,False,15.643,2654.6305,2.9652,6.7267,0.9718,1.4826,-0.3531,Selected PATH_C with highest valid ARPS score (0.8465) satisfying all retinal preservation constraints.
aptos_1927,PATH_A,1.3632,False,21.3527,5341.1091,4.4478,17.2055,0.9795,1.4826,0.4915,Selected PATH_A with highest valid ARPS score (1.3632) satisfying all retinal preservation constraints.
aptos_0589,PATH_A,1.3474,False,25.3411,1644.9131,2.9652,35.0075,0.9677,1.4826,1.6051,Selected PATH_A with highest valid ARPS score (1.3474) satisfying all retinal preservation constraints.
aptos_0523,PATH_B,0.5072,False,13.505,431.7372,1.4826,19.4105,0.8713,0.0,1.9768,Selected PATH_B with highest valid ARPS score (0.5072) satisfying all retinal preservation constraints.
aptos_0152,PATH_A,1.5285,False,20.0011,1682.4408,1.4826,25.9381,0.961,0.0,4.4501,Selected PATH_A with highest valid ARPS score (1.5285) satisfying all retinal preservation constraints.
aptos_1134,PATH_A,1.4539,False,14.7808,1659.4209,2.9652,15.1607,0.9594,1.4826,6.0228,Selected PATH_A with highest valid ARPS score (1.4539) satisfying all retinal preservation constraints.
aptos_3262,PATH_C,1.04,False,14.2943,3002.202,2.9652,7.9134,0.9727,1.4826,-0.9026,Selected PATH_C with highest valid ARPS score (1.0400) satisfying all retinal preservation constraints.
aptos_2472,PATH_A,1.3786,False,22.4935,1173.0398,2.9652,29.9268,0.9504,1.4826,5.0243,Selected PATH_A with highest valid ARPS score (1.3786) satisfying all retinal preservation constraints.
aptos_3630,PATH_A,1.4206,False,15.154,1331.4528,2.9652,17.0488,0.956,1.4826,3.9349,Selected PATH_A with highest valid ARPS score (1.4206) satisfying all retinal preservation constraints.
aptos_2359,PATH_C,0.8535,False,14.8734,2677.6104,2.9652,7.6004,0.9647,1.4826,2.5556,Selected PATH_C with highest valid ARPS score (0.8535) satisfying all retinal preservation constraints.
aptos_0243,PATH_A,1.5223,False,21.0971,1095.5332,1.4826,21.4979,0.9699,0.0,1.043,Selected PATH_A with highest valid ARPS score (1.5223) satisfying all retinal preservation constraints.
aptos_3322,PATH_B,0.4034,False,18.8343,588.5895,1.4826,18.4001,0.9116,0.0,-0.0286,Selected PATH_B with highest valid ARPS score (0.4034) satisfying all retinal preservation constraints.
aptos_2521,PATH_A,1.4172,False,18.8276,1781.7378,2.9652,15.3659,0.9585,1.4826,3.772,Selected PATH_A with highest valid ARPS score (1.4172) satisfying all retinal preservation constraints.
aptos_2103,PATH_C,1.0087,False,14.3295,3365.8926,2.9652,7.0267,0.9768,1.4826,-0.6121,Selected PATH_C with highest valid ARPS score (1.0087) satisfying all retinal preservation constraints.
aptos_0896,PATH_C,0.8512,False,15.009,3023.3337,2.9652,8.3721,0.9759,1.4826,1.5093,Selected PATH_C with highest valid ARPS score (0.8512) satisfying all retinal preservation constraints.
aptos_0285,PATH_A,1.3992,False,22.1557,3349.4624,2.9652,24.6554,0.9762,1.4826,5.5695,Selected PATH_A with highest valid ARPS score (1.3992) satisfying all retinal preservation constraints.
aptos_0752,PATH_B,0.4081,False,14.1275,581.4124,1.4826,12.9959,0.9106,0.0,0.3799,Selected PATH_B with highest valid ARPS score (0.4081) satisfying all retinal preservation constraints.
aptos_3433,PATH_A,1.3837,False,22.0715,1968.9244,2.9652,25.2654,0.9769,1.4826,3.168,Selected PATH_A with highest valid ARPS score (1.3837) satisfying all retinal preservation constraints.
aptos_0878,PATH_A,1.4079,False,18.7961,1906.0292,2.9652,16.2577,0.9749,1.4826,2.5067,Selected PATH_A with highest valid ARPS score (1.4079) satisfying all retinal preservation constraints.
aptos_3247,PATH_B,0.5269,False,21.2531,566.3088,1.4826,22.0836,0.8986,0.0,1.192,Selected PATH_B with highest valid ARPS score (0.5269) satisfying all retinal preservation constraints.
aptos_0197,PATH_B,0.4162,False,16.178,388.2157,1.4826,17.8492,0.9033,0.0,-0.0909,Selected PATH_B with highest valid ARPS score (0.4162) satisfying all retinal preservation constraints.
aptos_0363,PATH_C,1.1132,False,17.9224,3746.2304,2.9652,9.6322,0.9822,1.4826,-3.6422,Selected PATH_C with highest valid ARPS score (1.1132) satisfying all retinal preservation constraints.
aptos_2540,PATH_A,1.4492,False,22.6217,4741.9186,2.9652,14.6688,0.9833,1.4826,8.433,Selected PATH_A with highest valid ARPS score (1.4492) satisfying all retinal preservation constraints.
aptos_2053,PATH_A,1.4549,False,15.947,1979.1128,2.9652,11.2445,0.9698,1.4826,5.7051,Selected PATH_A with highest valid ARPS score (1.4549) satisfying all retinal preservation constraints.
aptos_3413,PATH_A,1.5353,False,17.3943,892.358,1.4826,23.5992,0.9671,0.0,3.845,Selected PATH_A with highest valid ARPS score (1.5353) satisfying all retinal preservation constraints.
aptos_3176,PATH_B,0.3987,False,17.2972,604.7545,1.4826,14.43,0.8888,0.0,-0.1737,Selected PATH_B with highest valid ARPS score (0.3987) satisfying all retinal preservation constraints.
aptos_0240,PATH_A,1.4221,False,18.2195,2123.7344,2.9652,15.9821,0.9796,1.4826,4.3496,Selected PATH_A with highest valid ARPS score (1.4221) satisfying all retinal preservation constraints.
aptos_1364,PATH_A,1.4267,False,15.7035,2067.1808,2.9652,17.1404,0.9748,1.4826,4.5927,Selected PATH_A with highest valid ARPS score (1.4267) satisfying all retinal preservation constraints.
aptos_1084,PATH_A,1.4493,False,14.5657,2560.1686,2.9652,12.2735,0.9787,1.4826,4.963,Selected PATH_A with highest valid ARPS score (1.4493) satisfying all retinal preservation constraints.
aptos_0418,PATH_C,0.7263,False,15.731,831.3489,1.4826,10.9597,0.9577,0.0,5.2186,Selected PATH_C with highest valid ARPS score (0.7263) satisfying all retinal preservation constraints.
aptos_2409,PATH_C,0.9386,False,16.5238,3830.7335,2.9652,7.54,0.9735,1.4826,-1.9999,Selected PATH_C with highest valid ARPS score (0.9386) satisfying all retinal preservation constraints.
aptos_3183,PATH_C,1.2744,False,9.6968,1030.164,2.9652,8.8311,0.9583,1.4826,-0.2237,Selected PATH_C with highest valid ARPS score (1.2744) satisfying all retinal preservation constraints.
aptos_2081,PATH_A,1.332,False,40.8339,5502.0082,2.9652,40.9996,0.9868,1.4826,2.7022,Selected PATH_A with highest valid ARPS score (1.3320) satisfying all retinal preservation constraints.
aptos_0296,PATH_A,1.4417,False,14.209,2196.1381,2.9652,11.437,0.9669,1.4826,4.1008,Selected PATH_A with highest valid ARPS score (1.4417) satisfying all retinal preservation constraints.
aptos_2917,PATH_C,1.5653,False,14.2652,485.872,1.4826,6.8722,0.948,0.0,7.0456,Selected PATH_C with highest valid ARPS score (1.5653) satisfying all retinal preservation constraints.
aptos_2761,PATH_C,1.4263,False,13.7519,1147.0314,2.9652,7.9856,0.964,1.4826,1.278,Selected PATH_C with highest valid ARPS score (1.4263) satisfying all retinal preservation constraints.
aptos_0933,PATH_B,0.3983,False,37.7985,372.4644,1.4826,33.3614,0.8687,0.0,0.7322,Selected PATH_B with highest valid ARPS score (0.3983) satisfying all retinal preservation constraints.
aptos_1052,PATH_B,0.4075,False,17.2323,732.516,1.4826,15.5869,0.9139,0.0,-1.2763,Selected PATH_B with highest valid ARPS score (0.4075) satisfying all retinal preservation constraints.
aptos_2313,PATH_B,0.4046,False,19.5631,665.3911,1.4826,18.1151,0.9161,0.0,0.6983,Selected PATH_B with highest valid ARPS score (0.4046) satisfying all retinal preservation constraints.
aptos_1732,PATH_C,0.909,False,14.6424,2516.2744,2.9652,8.5605,0.973,1.4826,0.1578,Selected PATH_C with highest valid ARPS score (0.9090) satisfying all retinal preservation constraints.
aptos_2593,PATH_A,1.4502,False,12.845,1668.83,2.9652,10.5227,0.9756,1.4826,4.1114,Selected PATH_A with highest valid ARPS score (1.4502) satisfying all retinal preservation constraints.
aptos_3418,PATH_A,1.4277,False,21.6729,5615.2532,4.4478,18.1239,0.9805,1.4826,0.0519,Selected PATH_A with highest valid ARPS score (1.4277) satisfying all retinal preservation constraints.
aptos_1860,PATH_A,0.9193,False,14.974,3125.7811,2.9652,12.3896,0.9637,1.4826,0.7629,Selected PATH_A with highest valid ARPS score (0.9193) satisfying all retinal preservation constraints.
aptos_0327,PATH_B,0.5515,False,24.0938,1089.5725,1.4826,13.1607,0.9281,0.0,6.5972,Selected PATH_B with highest valid ARPS score (0.5515) satisfying all retinal preservation constraints.
aptos_0366,PATH_A,1.4247,False,15.251,1165.5112,2.9652,13.4781,0.9695,1.4826,3.2196,Selected PATH_A with highest valid ARPS score (1.4247) satisfying all retinal preservation constraints.
aptos_2843,PATH_A,1.4293,False,18.1917,2215.4205,2.9652,19.1006,0.9799,1.4826,6.1207,Selected PATH_A with highest valid ARPS score (1.4293) satisfying all retinal preservation constraints.
aptos_2891,PATH_C,1.4536,False,17.8943,1235.8052,2.9652,8.114,0.9711,1.4826,5.4086,Selected PATH_C with highest valid ARPS score (1.4536) satisfying all retinal preservation constraints.
aptos_1011,PATH_C,1.4032,False,17.985,2810.03,2.9652,6.5973,0.9773,1.4826,7.1268,Selected PATH_C with highest valid ARPS score (1.4032) satisfying all retinal preservation constraints.
aptos_0409,PATH_A,1.3823,False,23.1492,1894.7769,2.9652,23.6279,0.9642,1.4826,2.1935,Selected PATH_A with highest valid ARPS score (1.3823) satisfying all retinal preservation constraints.
aptos_0052,PATH_A,1.4237,False,14.5287,1310.4771,2.9652,13.5064,0.9626,1.4826,3.0117,Selected PATH_A with highest valid ARPS score (1.4237) satisfying all retinal preservation constraints.
aptos_1449,PATH_A,1.4337,False,16.2436,2189.3105,2.9652,11.9512,0.979,1.4826,3.8985,Selected PATH_A with highest valid ARPS score (1.4337) satisfying all retinal preservation constraints.
aptos_0435,PATH_A,1.4042,False,21.7651,2576.9699,2.9652,17.368,0.9775,1.4826,2.7494,Selected PATH_A with highest valid ARPS score (1.4042) satisfying all retinal preservation constraints.
aptos_3567,PATH_A,1.3829,False,33.6791,5660.665,2.9652,19.5749,0.9811,1.4826,-1.4567,Selected PATH_A with highest valid ARPS score (1.3829) satisfying all retinal preservation constraints.
aptos_2949,PATH_A,1.4481,False,13.5413,2258.6205,2.9652,12.3758,0.9691,1.4826,4.6007,Selected PATH_A with highest valid ARPS score (1.4481) satisfying all retinal preservation constraints.
aptos_0119,PATH_A,1.3911,False,22.723,2410.2341,2.9652,19.0889,0.9801,1.4826,0.9248,Selected PATH_A with highest valid ARPS score (1.3911) satisfying all retinal preservation constraints.
aptos_1838,PATH_B,0.417,False,16.8534,654.5244,1.4826,15.461,0.9176,0.0,1.4312,Selected PATH_B with highest valid ARPS score (0.4170) satisfying all retinal preservation constraints.
aptos_1114,PATH_A,1.2966,False,22.4314,1749.1401,2.9652,23.1277,0.9536,1.4826,2.8483,Selected PATH_A with highest valid ARPS score (1.2966) satisfying all retinal preservation constraints.
aptos_2853,PATH_C,0.8558,False,14.2858,2759.2884,2.9652,8.8168,0.9661,1.4826,-2.8084,Selected PATH_C with highest valid ARPS score (0.8558) satisfying all retinal preservation constraints.
aptos_1117,PATH_B,0.3897,False,17.7127,590.3282,1.4826,16.7871,0.8997,0.0,-0.1594,Selected PATH_B with highest valid ARPS score (0.3897) satisfying all retinal preservation constraints.
aptos_1381,PATH_A,1.3778,False,28.5115,3647.3428,2.9652,30.6974,0.9779,1.4826,6.2604,Selected PATH_A with highest valid ARPS score (1.3778) satisfying all retinal preservation constraints.
aptos_2563,PATH_A,1.3981,False,23.9778,3651.7321,2.9652,20.8592,0.9774,1.4826,3.8386,Selected PATH_A with highest valid ARPS score (1.3981) satisfying all retinal preservation constraints.
aptos_2669,PATH_A,1.4362,False,15.7274,1752.6272,2.9652,12.171,0.9761,1.4826,4.1319,Selected PATH_A with highest valid ARPS score (1.4362) satisfying all retinal preservation constraints.
aptos_0370,PATH_C,0.981,False,14.2263,2916.043,2.9652,8.6218,0.9753,1.4826,-0.4914,Selected PATH_C with highest valid ARPS score (0.9810) satisfying all retinal preservation constraints.
aptos_1434,PATH_A,0.9836,False,34.0014,2825.4455,2.9652,25.1911,0.9337,1.4826,-2.8033,Selected PATH_A with highest valid ARPS score (0.9836) satisfying all retinal preservation constraints.
aptos_0412,PATH_B,0.4137,False,18.4544,784.4831,1.4826,15.9627,0.924,0.0,-0.0752,Selected PATH_B with highest valid ARPS score (0.4137) satisfying all retinal preservation constraints.
aptos_1176,PATH_A,1.4892,False,20.2288,1875.1752,1.4826,22.8908,0.973,0.0,4.4831,Selected PATH_A with highest valid ARPS score (1.4892) satisfying all retinal preservation constraints.
aptos_1944,PATH_B,0.4555,False,20.7718,455.656,1.4826,25.0335,0.8741,0.0,-0.1839,Selected PATH_B with highest valid ARPS score (0.4555) satisfying all retinal preservation constraints.
aptos_1365,PATH_A,1.4697,False,23.2027,7519.0059,4.4478,21.542,0.9807,1.4826,4.5321,Selected PATH_A with highest valid ARPS score (1.4697) satisfying all retinal preservation constraints.
aptos_3165,PATH_A,1.1931,False,16.8031,3667.7442,2.9652,13.9399,0.9726,1.4826,2.4261,Selected PATH_A with highest valid ARPS score (1.1931) satisfying all retinal preservation constraints.
aptos_0599,PATH_C,1.3402,False,13.3187,3143.1296,2.9652,7.2386,0.9842,1.4826,0.5379,Selected PATH_C with highest valid ARPS score (1.3402) satisfying all retinal preservation constraints.
aptos_1711,PATH_C,0.964,False,15.1688,3072.1547,2.9652,7.6455,0.9728,1.4826,-1.2628,Selected PATH_C with highest valid ARPS score (0.9640) satisfying all retinal preservation constraints.
aptos_2100,PATH_A,1.3959,False,23.3384,2580.0959,2.9652,20.3598,0.9747,1.4826,3.036,Selected PATH_A with highest valid ARPS score (1.3959) satisfying all retinal preservation constraints.
aptos_2385,PATH_A,1.4282,False,16.995,2517.6705,2.9652,13.2549,0.9763,1.4826,3.8833,Selected PATH_A with highest valid ARPS score (1.4282) satisfying all retinal preservation constraints.
aptos_1762,PATH_C,0.8248,False,16.0902,2749.513,2.9652,7.6366,0.9741,1.4826,1.8724,Selected PATH_C with highest valid ARPS score (0.8248) satisfying all retinal preservation constraints.
aptos_1873,PATH_A,1.456,False,13.4219,1720.2297,2.9652,11.7984,0.978,1.4826,4.9427,Selected PATH_A with highest valid ARPS score (1.4560) satisfying all retinal preservation constraints.
aptos_3442,PATH_A,1.3674,False,26.127,4245.2194,2.9652,24.5984,0.9789,1.4826,-1.5417,Selected PATH_A with highest valid ARPS score (1.3674) satisfying all retinal preservation constraints.
aptos_0968,PATH_B,0.3765,False,17.2347,517.1201,1.4826,15.6098,0.902,0.0,-0.1422,Selected PATH_B with highest valid ARPS score (0.3765) satisfying all retinal preservation constraints.
aptos_3217,PATH_B,0.4415,False,29.1406,627.5307,1.4826,26.0837,0.8933,0.0,-1.9564,Selected PATH_B with highest valid ARPS score (0.4415) satisfying all retinal preservation constraints.
aptos_0225,PATH_C,0.9677,False,16.0833,3620.7181,2.9652,7.177,0.9782,1.4826,-0.739,Selected PATH_C with highest valid ARPS score (0.9677) satisfying all retinal preservation constraints.
aptos_1979,PATH_A,1.5213,False,19.6819,613.0072,1.4826,26.7639,0.9623,0.0,3.6274,Selected PATH_A with highest valid ARPS score (1.5213) satisfying all retinal preservation constraints.
aptos_0003,PATH_C,0.9548,False,15.2473,3506.7364,2.9652,7.8392,0.9755,1.4826,-2.9997,Selected PATH_C with highest valid ARPS score (0.9548) satisfying all retinal preservation constraints.
aptos_0638,PATH_A,1.4101,False,20.3143,2866.1175,2.9652,20.3326,0.9796,1.4826,4.8828,Selected PATH_A with highest valid ARPS score (1.4101) satisfying all retinal preservation constraints.
aptos_3640,PATH_C,1.4629,False,16.5927,1096.4565,2.9652,6.4508,0.9625,1.4826,5.5067,Selected PATH_C with highest valid ARPS score (1.4629) satisfying all retinal preservation constraints.
aptos_3132,PATH_B,0.6359,False,25.0971,354.2823,0.0,26.5566,0.8833,-1.4826,4.3879,Selected PATH_B with highest valid ARPS score (0.6359) satisfying all retinal preservation constraints.
aptos_1975,PATH_C,1.1108,False,21.0266,2975.5401,2.9652,7.1826,0.9742,1.4826,4.103,Selected PATH_C with highest valid ARPS score (1.1108) satisfying all retinal preservation constraints.
aptos_1645,PATH_A,1.4675,False,14.5323,2057.2022,2.9652,11.8721,0.9545,1.4826,6.2054,Selected PATH_A with highest valid ARPS score (1.4675) satisfying all retinal preservation constraints.
aptos_2674,PATH_A,1.1492,False,16.6381,3615.0934,2.9652,13.5105,0.9765,1.4826,0.8785,Selected PATH_A with highest valid ARPS score (1.1492) satisfying all retinal preservation constraints.
aptos_3196,PATH_A,1.5135,False,22.1771,1203.7713,1.4826,27.3072,0.9754,0.0,2.7099,Selected PATH_A with highest valid ARPS score (1.5135) satisfying all retinal preservation constraints.
aptos_3326,PATH_A,1.4369,False,17.3343,2812.2926,2.9652,13.6092,0.9706,1.4826,5.1188,Selected PATH_A with highest valid ARPS score (1.4369) satisfying all retinal preservation constraints.
aptos_0823,PATH_B,0.4247,False,16.0287,583.3816,1.4826,14.7233,0.908,0.0,2.7424,Selected PATH_B with highest valid ARPS score (0.4247) satisfying all retinal preservation constraints.
aptos_0664,PATH_A,1.3475,False,33.9868,2516.3976,2.9652,33.5869,0.9805,1.4826,0.3146,Selected PATH_A with highest valid ARPS score (1.3475) satisfying all retinal preservation constraints.
aptos_2931,PATH_B,0.4186,False,18.1958,673.3545,1.4826,15.7363,0.9073,0.0,1.5609,Selected PATH_B with highest valid ARPS score (0.4186) satisfying all retinal preservation constraints.
aptos_0287,PATH_A,1.3721,False,34.2986,1666.3259,2.9652,23.0078,0.9644,1.4826,-1.451,Selected PATH_A with highest valid ARPS score (1.3721) satisfying all retinal preservation constraints.
aptos_1423,PATH_B,0.3923,False,21.3887,718.163,1.4826,17.893,0.9016,0.0,0.149,Selected PATH_B with highest valid ARPS score (0.3923) satisfying all retinal preservation constraints.
aptos_2695,PATH_C,0.9658,False,15.5021,3303.8837,2.9652,8.1407,0.9708,1.4826,0.0324,Selected PATH_C with highest valid ARPS score (0.9658) satisfying all retinal preservation constraints.
aptos_3151,PATH_A,1.4308,False,17.9248,2947.8575,2.9652,13.2176,0.9793,1.4826,4.3857,Selected PATH_A with highest valid ARPS score (1.4308) satisfying all retinal preservation constraints.
aptos_2590,PATH_A,1.3646,False,26.3869,2702.2205,2.9652,33.6706,0.9865,1.4826,4.6753,Selected PATH_A with highest valid ARPS score (1.3646) satisfying all retinal preservation constraints.
aptos_3261,PATH_C,1.6168,False,17.2328,868.3396,1.4826,6.8787,0.9744,0.0,7.0646,Selected PATH_C with highest valid ARPS score (1.6168) satisfying all retinal preservation constraints.
aptos_0215,PATH_C,1.0087,False,15.6021,3305.895,2.9652,7.2744,0.975,1.4826,-0.8992,Selected PATH_C with highest valid ARPS score (1.0087) satisfying all retinal preservation constraints.
aptos_1526,PATH_A,1.3959,False,20.7729,2531.9246,2.9652,20.4529,0.9831,1.4826,2.6353,Selected PATH_A with highest valid ARPS score (1.3959) satisfying all retinal preservation constraints.
aptos_1289,PATH_C,1.5603,False,20.5264,882.9468,1.4826,8.3533,0.9733,0.0,1.1407,Selected PATH_C with highest valid ARPS score (1.5603) satisfying all retinal preservation constraints.
aptos_1960,PATH_A,1.4091,False,19.3378,2318.1844,2.9652,19.4088,0.9324,1.4826,4.6066,Selected PATH_A with highest valid ARPS score (1.4091) satisfying all retinal preservation constraints.
aptos_2704,PATH_C,1.4003,False,13.2102,1348.5101,2.9652,6.8368,0.9563,1.4826,-4.3234,Selected PATH_C with highest valid ARPS score (1.4003) satisfying all retinal preservation constraints.
aptos_0472,PATH_C,0.926,False,11.7766,1428.7341,2.9652,9.1811,0.9677,1.4826,-2.2322,Selected PATH_C with highest valid ARPS score (0.9260) satisfying all retinal preservation constraints.
aptos_0294,PATH_C,0.9527,False,13.7419,2985.0426,2.9652,7.7988,0.9744,1.4826,-1.0508,Selected PATH_C with highest valid ARPS score (0.9527) satisfying all retinal preservation constraints.
aptos_3336,PATH_A,1.3707,False,29.0104,3993.2086,2.9652,26.484,0.9851,1.4826,1.2347,Selected PATH_A with highest valid ARPS score (1.3707) satisfying all retinal preservation constraints.
aptos_1037,PATH_C,1.4302,False,13.5147,671.2676,1.4826,7.8454,0.952,0.0,0.736,Selected PATH_C with highest valid ARPS score (1.4302) satisfying all retinal preservation constraints.
aptos_0107,PATH_A,1.385,False,21.5739,1958.4616,2.9652,22.3769,0.9803,1.4826,1.6125,Selected PATH_A with highest valid ARPS score (1.3850) satisfying all retinal preservation constraints.
aptos_1596,PATH_A,1.4277,False,18.3594,1842.9336,2.9652,14.4379,0.9718,1.4826,4.6072,Selected PATH_A with highest valid ARPS score (1.4277) satisfying all retinal preservation constraints.
aptos_1766,PATH_B,0.3872,False,18.7142,594.0161,1.4826,16.7913,0.9088,0.0,-1.5485,Selected PATH_B with highest valid ARPS score (0.3872) satisfying all retinal preservation constraints.
aptos_3626,PATH_C,0.8688,False,15.7574,2941.4459,2.9652,8.0204,0.9685,1.4826,-0.9025,Selected PATH_C with highest valid ARPS score (0.8688) satisfying all retinal preservation constraints.
aptos_0189,PATH_A,1.466,False,17.0021,2960.4178,2.9652,11.6302,0.9798,1.4826,6.9805,Selected PATH_A with highest valid ARPS score (1.4660) satisfying all retinal preservation constraints.
aptos_1919,PATH_A,0.9699,False,19.5083,3261.7447,2.9652,16.0877,0.9691,1.4826,-0.0656,Selected PATH_A with highest valid ARPS score (0.9699) satisfying all retinal preservation constraints.
aptos_1941,PATH_A,1.4048,False,19.0279,2573.2731,2.9652,22.6425,0.9784,1.4826,4.7457,Selected PATH_A with highest valid ARPS score (1.4048) satisfying all retinal preservation constraints.
aptos_1572,PATH_C,0.9695,False,14.6738,2923.1914,2.9652,7.423,0.9748,1.4826,-0.7034,Selected PATH_C with highest valid ARPS score (0.9695) satisfying all retinal preservation constraints.
aptos_0935,PATH_A,1.3992,False,19.6158,1752.927,2.9652,24.1818,0.9692,1.4826,4.8093,Selected PATH_A with highest valid ARPS score (1.3992) satisfying all retinal preservation constraints.
aptos_2232,PATH_C,0.7933,False,15.8623,2543.2381,2.9652,8.3079,0.9654,1.4826,3.2904,Selected PATH_C with highest valid ARPS score (0.7933) satisfying all retinal preservation constraints.
aptos_2382,PATH_A,1.3926,False,27.5972,1871.4694,2.9652,23.3388,0.9723,1.4826,4.8402,Selected PATH_A with highest valid ARPS score (1.3926) satisfying all retinal preservation constraints.
aptos_0108,PATH_C,1.0634,False,13.6386,3077.925,2.9652,8.3542,0.975,1.4826,-2.4225,Selected PATH_C with highest valid ARPS score (1.0634) satisfying all retinal preservation constraints.
aptos_3235,PATH_C,1.3385,False,14.5017,1642.2795,2.9652,8.1,0.9799,1.4826,0.9436,Selected PATH_C with highest valid ARPS score (1.3385) satisfying all retinal preservation constraints.
aptos_0100,PATH_A,1.421,False,18.6719,2457.4888,2.9652,15.9409,0.9745,1.4826,4.3311,Selected PATH_A with highest valid ARPS score (1.4210) satisfying all retinal preservation constraints.
aptos_1933,PATH_C,0.9154,False,15.5965,2850.715,2.9652,7.6555,0.97,1.4826,0.5411,Selected PATH_C with highest valid ARPS score (0.9154) satisfying all retinal preservation constraints.
aptos_2122,PATH_A,1.4202,False,21.4532,2258.2295,2.9652,19.5583,0.9682,1.4826,6.3691,Selected PATH_A with highest valid ARPS score (1.4202) satisfying all retinal preservation constraints.
aptos_1459,PATH_A,1.3681,False,21.1986,1513.0296,2.9652,26.6698,0.9712,1.4826,0.6307,Selected PATH_A with highest valid ARPS score (1.3681) satisfying all retinal preservation constraints.
aptos_0350,PATH_B,0.3817,False,18.6184,565.1807,1.4826,15.5317,0.8999,0.0,0.7042,Selected PATH_B with highest valid ARPS score (0.3817) satisfying all retinal preservation constraints.
aptos_0689,PATH_C,0.9936,False,15.3743,3168.1621,2.9652,7.5983,0.9786,1.4826,2.6247,Selected PATH_C with highest valid ARPS score (0.9936) satisfying all retinal preservation constraints.
aptos_1895,PATH_A,1.4158,False,20.5933,4022.103,2.9652,14.3947,0.9769,1.4826,3.2073,Selected PATH_A with highest valid ARPS score (1.4158) satisfying all retinal preservation constraints.
aptos_2624,PATH_C,1.4587,False,16.6899,767.6711,1.4826,7.8504,0.9612,0.0,8.2571,Selected PATH_C with highest valid ARPS score (1.4587) satisfying all retinal preservation constraints.
aptos_3608,PATH_A,1.446,False,14.5622,2174.0862,2.9652,13.7026,0.9687,1.4826,5.0685,Selected PATH_A with highest valid ARPS score (1.4460) satisfying all retinal preservation constraints.
aptos_2528,PATH_C,1.0563,False,16.1587,2684.9484,2.9652,8.0276,0.9833,1.4826,4.8796,Selected PATH_C with highest valid ARPS score (1.0563) satisfying all retinal preservation constraints.
aptos_0681,PATH_A,1.1339,False,12.4753,3058.1168,2.9652,11.6141,0.9601,1.4826,2.5709,Selected PATH_A with highest valid ARPS score (1.1339) satisfying all retinal preservation constraints.
aptos_1362,PATH_A,1.3997,False,18.2135,2737.9444,2.9652,19.97,0.9701,1.4826,2.8498,Selected PATH_A with highest valid ARPS score (1.3997) satisfying all retinal preservation constraints.
aptos_2149,PATH_A,1.3628,False,25.8406,3889.7248,2.9652,20.6019,0.9756,1.4826,1.0952,Selected PATH_A with highest valid ARPS score (1.3628) satisfying all retinal preservation constraints.
aptos_2358,PATH_C,1.4264,False,13.6343,1623.0676,2.9652,8.4198,0.9771,1.4826,1.3236,Selected PATH_C with highest valid ARPS score (1.4264) satisfying all retinal preservation constraints.
aptos_1695,PATH_A,1.2708,False,9.1114,357.0846,1.4826,20.7419,0.9428,1.4826,2.3368,Selected PATH_A with highest valid ARPS score (1.2708) satisfying all retinal preservation constraints.
aptos_1496,PATH_C,1.0259,False,13.1251,3132.5137,2.9652,7.6061,0.9751,1.4826,-0.6964,Selected PATH_C with highest valid ARPS score (1.0259) satisfying all retinal preservation constraints.
aptos_2731,PATH_C,1.0071,False,15.3254,3122.2119,2.9652,8.8461,0.9743,1.4826,-2.0551,Selected PATH_C with highest valid ARPS score (1.0071) satisfying all retinal preservation constraints.
aptos_0693,PATH_C,0.816,False,17.125,3497.7791,2.9652,8.1339,0.9728,1.4826,0.0328,Selected PATH_C with highest valid ARPS score (0.8160) satisfying all retinal preservation constraints.
aptos_3303,PATH_A,1.4014,False,20.7756,1672.0562,2.9652,20.8272,0.9678,1.4826,3.9971,Selected PATH_A with highest valid ARPS score (1.4014) satisfying all retinal preservation constraints.
aptos_3428,PATH_A,1.4244,False,23.5595,2163.564,2.9652,13.1448,0.9767,1.4826,4.6501,Selected PATH_A with highest valid ARPS score (1.4244) satisfying all retinal preservation constraints.
aptos_0275,PATH_B,0.3858,False,16.7968,495.0546,1.4826,14.446,0.8971,0.0,0.0228,Selected PATH_B with highest valid ARPS score (0.3858) satisfying all retinal preservation constraints.
aptos_1494,PATH_A,1.4299,False,18.2045,5831.1248,4.4478,14.8441,0.9796,1.4826,0.4322,Selected PATH_A with highest valid ARPS score (1.4299) satisfying all retinal preservation constraints.
aptos_3409,PATH_A,1.406,False,18.5168,3468.2176,2.9652,20.4145,0.9748,1.4826,3.9731,Selected PATH_A with highest valid ARPS score (1.4060) satisfying all retinal preservation constraints.
aptos_2323,PATH_A,1.3744,False,23.5204,2563.1826,2.9652,25.6765,0.9814,1.4826,1.4168,Selected PATH_A with highest valid ARPS score (1.3744) satisfying all retinal preservation constraints.
aptos_3377,PATH_C,0.8836,False,17.8795,3916.2989,2.9652,7.2508,0.9776,1.4826,0.2914,Selected PATH_C with highest valid ARPS score (0.8836) satisfying all retinal preservation constraints.
aptos_1795,PATH_B,0.4002,False,19.5491,700.298,1.4826,16.7475,0.9202,0.0,-0.9071,Selected PATH_B with highest valid ARPS score (0.4002) satisfying all retinal preservation constraints.
aptos_3285,PATH_A,1.4046,False,17.7253,1226.9044,2.9652,17.7354,0.9656,1.4826,2.6027,Selected PATH_A with highest valid ARPS score (1.4046) satisfying all retinal preservation constraints.
aptos_2755,PATH_A,1.5357,False,18.0508,1061.3536,1.4826,24.6366,0.9813,0.0,4.2929,Selected PATH_A with highest valid ARPS score (1.5357) satisfying all retinal preservation constraints.
aptos_1833,PATH_A,1.3985,False,19.6341,2036.8684,2.9652,20.0116,0.9726,1.4826,2.8625,Selected PATH_A with highest valid ARPS score (1.3985) satisfying all retinal preservation constraints.
aptos_0262,PATH_A,1.3869,False,25.5571,2603.8347,2.9652,25.8184,0.9817,1.4826,4.6279,Selected PATH_A with highest valid ARPS score (1.3869) satisfying all retinal preservation constraints.
aptos_3461,PATH_C,0.9934,False,16.2278,3394.0593,2.9652,7.8568,0.9743,1.4826,2.304,Selected PATH_C with highest valid ARPS score (0.9934) satisfying all retinal preservation constraints.
aptos_3654,PATH_C,0.9689,False,13.226,2699.8998,2.9652,8.2346,0.9694,1.4826,-4.057,Selected PATH_C with highest valid ARPS score (0.9689) satisfying all retinal preservation constraints.
aptos_2326,PATH_C,1.4274,False,13.2254,1301.5103,2.9652,6.9338,0.971,1.4826,0.9095,Selected PATH_C with highest valid ARPS score (1.4274) satisfying all retinal preservation constraints.
aptos_0890,PATH_B,0.5821,False,13.1884,287.3207,1.4826,15.3008,0.8628,0.0,4.4116,Selected PATH_B with highest valid ARPS score (0.5821) satisfying all retinal preservation constraints.
aptos_2680,PATH_C,0.8384,False,14.8518,1878.7248,2.9652,7.8512,0.9761,1.4826,-0.7434,Selected PATH_C with highest valid ARPS score (0.8384) satisfying all retinal preservation constraints.
aptos_2184,PATH_C,0.9293,False,14.63,3162.5418,2.9652,8.4665,0.9754,1.4826,-0.627,Selected PATH_C with highest valid ARPS score (0.9293) satisfying all retinal preservation constraints.
aptos_1980,PATH_B,0.5054,False,28.7966,867.4576,1.4826,26.6778,0.9334,0.0,-0.0743,Selected PATH_B with highest valid ARPS score (0.5054) satisfying all retinal preservation constraints.
aptos_0932,PATH_A,1.382,False,21.8078,1445.922,2.9652,27.8271,0.964,1.4826,4.2915,Selected PATH_A with highest valid ARPS score (1.3820) satisfying all retinal preservation constraints.
aptos_2952,PATH_A,1.3379,False,33.5676,3906.2984,2.9652,37.05,0.981,1.4826,0.4086,Selected PATH_A with highest valid ARPS score (1.3379) satisfying all retinal preservation constraints.
aptos_0105,PATH_A,1.3817,False,25.0028,1915.6981,2.9652,23.4249,0.9571,1.4826,2.1872,Selected PATH_A with highest valid ARPS score (1.3817) satisfying all retinal preservation constraints.
aptos_2121,PATH_C,0.8841,False,15.7108,2965.8003,2.9652,7.6532,0.9735,1.4826,0.4687,Selected PATH_C with highest valid ARPS score (0.8841) satisfying all retinal preservation constraints.
aptos_3010,PATH_C,1.2009,False,17.6901,2963.5315,2.9652,7.4283,0.9804,1.4826,2.0856,Selected PATH_C with highest valid ARPS score (1.2009) satisfying all retinal preservation constraints.
aptos_0861,PATH_A,1.3869,False,21.7899,2281.8617,2.9652,24.735,0.9768,1.4826,3.4557,Selected PATH_A with highest valid ARPS score (1.3869) satisfying all retinal preservation constraints.
aptos_3334,PATH_A,1.3656,False,28.1648,4217.5678,2.9652,25.8222,0.9822,1.4826,-1.1225,Selected PATH_A with highest valid ARPS score (1.3656) satisfying all retinal preservation constraints.
aptos_2690,PATH_A,1.3886,False,23.5693,2293.7949,2.9652,24.802,0.9781,1.4826,4.0821,Selected PATH_A with highest valid ARPS score (1.3886) satisfying all retinal preservation constraints.
aptos_2764,PATH_A,1.422,False,19.4846,2840.8841,2.9652,17.0548,0.978,1.4826,5.0558,Selected PATH_A with highest valid ARPS score (1.4220) satisfying all retinal preservation constraints.
aptos_0179,PATH_B,0.529,False,20.1039,387.8824,1.4826,29.1072,0.8962,0.0,2.905,Selected PATH_B with highest valid ARPS score (0.5290) satisfying all retinal preservation constraints.
aptos_1800,PATH_A,1.3453,False,32.3499,1204.4359,2.9652,34.2373,0.978,1.4826,0.2311,Selected PATH_A with highest valid ARPS score (1.3453) satisfying all retinal preservation constraints.
aptos_0505,PATH_A,1.4741,False,31.1425,1932.2597,1.4826,33.6828,0.9612,0.0,1.0151,Selected PATH_A with highest valid ARPS score (1.4741) satisfying all retinal preservation constraints.
aptos_1970,PATH_B,0.3797,False,15.0097,538.6448,1.4826,13.4241,0.8843,0.0,-1.2995,Selected PATH_B with highest valid ARPS score (0.3797) satisfying all retinal preservation constraints.
aptos_3123,PATH_A,1.4354,False,18.6167,1620.6603,2.9652,13.9123,0.9687,1.4826,5.4387,Selected PATH_A with highest valid ARPS score (1.4354) satisfying all retinal preservation constraints.
aptos_1930,PATH_A,1.4358,False,18.5278,2389.4258,2.9652,13.9104,0.9706,1.4826,5.441,Selected PATH_A with highest valid ARPS score (1.4358) satisfying all retinal preservation constraints.
aptos_1198,PATH_B,0.4094,False,17.3953,711.9414,1.4826,14.6008,0.919,0.0,0.3635,Selected PATH_B with highest valid ARPS score (0.4094) satisfying all retinal preservation constraints.
aptos_2628,PATH_A,1.3418,False,36.8605,5460.4503,2.9652,36.5051,0.9825,1.4826,1.3923,Selected PATH_A with highest valid ARPS score (1.3418) satisfying all retinal preservation constraints.
aptos_1430,PATH_B,0.4706,True,18.0759,204.2578,1.4826,21.8254,0.8404,0.0,1.0067,No candidate met all strict constraints. Selected PATH_B under documented fallback policy (least constraint penalty violation).
aptos_0540,PATH_B,0.4003,False,18.1357,560.2811,1.4826,15.945,0.9162,0.0,0.6133,Selected PATH_B with highest valid ARPS score (0.4003) satisfying all retinal preservation constraints.
aptos_1274,PATH_A,1.4038,False,21.7276,1274.6093,2.9652,23.797,0.9717,1.4826,5.8183,Selected PATH_A with highest valid ARPS score (1.4038) satisfying all retinal preservation constraints.
aptos_0770,PATH_A,1.3847,False,28.1826,4493.9254,2.9652,23.8766,0.9806,1.4826,3.2086,Selected PATH_A with highest valid ARPS score (1.3847) satisfying all retinal preservation constraints.
aptos_3004,PATH_A,1.5266,False,18.5066,926.4087,1.4826,21.7903,0.9656,0.0,1.9483,Selected PATH_A with highest valid ARPS score (1.5266) satisfying all retinal preservation constraints.
aptos_3479,PATH_A,1.4142,False,15.2991,1201.1244,2.9652,14.5293,0.9737,1.4826,2.2526,Selected PATH_A with highest valid ARPS score (1.4142) satisfying all retinal preservation constraints.
aptos_3579,PATH_A,1.4081,False,20.0511,2502.3323,2.9652,20.4478,0.9771,1.4826,4.6047,Selected PATH_A with highest valid ARPS score (1.4081) satisfying all retinal preservation constraints.
aptos_2174,PATH_A,1.0917,False,12.7444,3773.8076,2.9652,10.8006,0.9721,1.4826,2.9951,Selected PATH_A with highest valid ARPS score (1.0917) satisfying all retinal preservation constraints.
aptos_1452,PATH_A,1.3987,False,22.0241,2917.7487,2.9652,22.0853,0.9821,1.4826,4.2014,Selected PATH_A with highest valid ARPS score (1.3987) satisfying all retinal preservation constraints.
aptos_1788,PATH_C,0.9765,False,12.7984,2765.5099,2.9652,7.4197,0.9707,1.4826,-2.1712,Selected PATH_C with highest valid ARPS score (0.9765) satisfying all retinal preservation constraints.
aptos_0217,PATH_A,1.3814,False,21.5145,2190.3215,2.9652,20.8256,0.9724,1.4826,-0.1948,Selected PATH_A with highest valid ARPS score (1.3814) satisfying all retinal preservation constraints.
aptos_2854,PATH_A,1.4176,False,22.1232,2741.7608,2.9652,14.9466,0.9679,1.4826,4.1734,Selected PATH_A with highest valid ARPS score (1.4176) satisfying all retinal preservation constraints.
aptos_2128,PATH_A,1.4242,False,13.1196,1258.8087,2.9652,14.1017,0.9675,1.4826,2.8996,Selected PATH_A with highest valid ARPS score (1.4242) satisfying all retinal preservation constraints.
aptos_1126,PATH_A,1.3735,False,22.9764,2249.0026,2.9652,27.4997,0.9725,1.4826,2.5398,Selected PATH_A with highest valid ARPS score (1.3735) satisfying all retinal preservation constraints.
aptos_0005,PATH_C,1.0808,False,14.3944,1126.2946,2.9652,7.1429,0.972,1.4826,5.2728,Selected PATH_C with highest valid ARPS score (1.0808) satisfying all retinal preservation constraints.
aptos_2450,PATH_B,0.4537,False,28.3813,643.8157,1.4826,24.3424,0.9035,0.0,0.0293,Selected PATH_B with highest valid ARPS score (0.4537) satisfying all retinal preservation constraints.
aptos_1178,PATH_A,1.2176,False,25.7888,988.2656,1.4826,35.8338,0.9578,1.4826,4.3789,Selected PATH_A with highest valid ARPS score (1.2176) satisfying all retinal preservation constraints.
aptos_1790,PATH_A,1.4187,False,17.8345,2384.6771,2.9652,18.3177,0.9809,1.4826,4.6294,Selected PATH_A with highest valid ARPS score (1.4187) satisfying all retinal preservation constraints.
aptos_1678,PATH_A,1.2349,False,21.2514,521.8205,1.4826,28.3983,0.9559,1.4826,2.9375,Selected PATH_A with highest valid ARPS score (1.2349) satisfying all retinal preservation constraints.
aptos_2698,PATH_C,1.361,False,15.2858,1544.4654,2.9652,7.692,0.9738,1.4826,4.3867,Selected PATH_C with highest valid ARPS score (1.3610) satisfying all retinal preservation constraints.
aptos_0347,PATH_A,1.4519,False,16.6031,2257.4714,2.9652,11.1597,0.966,1.4826,5.685,Selected PATH_A with highest valid ARPS score (1.4519) satisfying all retinal preservation constraints.
aptos_1193,PATH_C,1.1611,False,15.0647,3682.2445,2.9652,8.2714,0.9738,1.4826,-4.4558,Selected PATH_C with highest valid ARPS score (1.1611) satisfying all retinal preservation constraints.
aptos_3533,PATH_C,1.1333,False,13.8655,2160.8566,2.9652,7.4676,0.9789,1.4826,0.6218,Selected PATH_C with highest valid ARPS score (1.1333) satisfying all retinal preservation constraints.
aptos_0859,PATH_B,0.4015,False,16.1177,615.945,1.4826,13.8541,0.9072,0.0,1.5231,Selected PATH_B with highest valid ARPS score (0.4015) satisfying all retinal preservation constraints.
aptos_2306,PATH_B,0.4747,False,30.8863,1563.8089,1.4826,19.7015,0.9359,0.0,-2.4728,Selected PATH_B with highest valid ARPS score (0.4747) satisfying all retinal preservation constraints.
aptos_2999,PATH_A,1.4112,False,17.9346,1733.3306,2.9652,16.2307,0.977,1.4826,2.8808,Selected PATH_A with highest valid ARPS score (1.4112) satisfying all retinal preservation constraints.
aptos_3254,PATH_A,1.4293,False,18.3675,2604.0872,2.9652,13.5184,0.981,1.4826,4.3936,Selected PATH_A with highest valid ARPS score (1.4293) satisfying all retinal preservation constraints.
aptos_1171,PATH_B,0.4127,False,19.4571,585.2831,1.4826,18.4893,0.9024,0.0,0.1524,Selected PATH_B with highest valid ARPS score (0.4127) satisfying all retinal preservation constraints.
aptos_2351,PATH_C,1.4209,False,15.4101,970.8097,2.9652,8.2159,0.9547,1.4826,0.7661,Selected PATH_C with highest valid ARPS score (1.4209) satisfying all retinal preservation constraints.
aptos_0178,PATH_A,1.0442,False,19.1968,3746.9022,2.9652,15.9212,0.979,1.4826,1.7489,Selected PATH_A with highest valid ARPS score (1.0442) satisfying all retinal preservation constraints.
aptos_3130,PATH_A,1.37,False,32.6875,1499.2203,1.4826,33.0013,0.9713,0.0,-0.2352,Selected PATH_A with highest valid ARPS score (1.3700) satisfying all retinal preservation constraints.
aptos_0905,PATH_A,1.4773,False,17.5194,1781.105,1.4826,31.3162,0.9637,0.0,5.4757,Selected PATH_A with highest valid ARPS score (1.4773) satisfying all retinal preservation constraints.
aptos_0333,PATH_C,0.9298,False,14.6338,3266.1083,2.9652,8.4028,0.9709,1.4826,-2.4466,Selected PATH_C with highest valid ARPS score (0.9298) satisfying all retinal preservation constraints.
aptos_2847,PATH_B,0.5521,False,16.7874,372.5398,1.4826,20.9906,0.8693,0.0,5.1932,Selected PATH_B with highest valid ARPS score (0.5521) satisfying all retinal preservation constraints.
aptos_1840,PATH_A,1.3983,False,19.6441,2168.3552,2.9652,24.194,0.9501,1.4826,4.8833,Selected PATH_A with highest valid ARPS score (1.3983) satisfying all retinal preservation constraints.
aptos_1728,PATH_C,1.4478,False,15.0398,1086.6605,2.9652,6.8255,0.9645,1.4826,3.6753,Selected PATH_C with highest valid ARPS score (1.4478) satisfying all retinal preservation constraints.
aptos_2012,PATH_A,1.4416,False,34.5369,7630.5111,4.4478,24.1127,0.9795,1.4826,0.0672,Selected PATH_A with highest valid ARPS score (1.4416) satisfying all retinal preservation constraints.
aptos_3251,PATH_A,1.3864,False,23.2064,1208.4052,1.4826,28.6296,0.9607,0.0,5.1167,Selected PATH_A with highest valid ARPS score (1.3864) satisfying all retinal preservation constraints.
aptos_2821,PATH_C,1.0605,False,13.9308,1324.7719,2.9652,7.193,0.9744,1.4826,-0.1176,Selected PATH_C with highest valid ARPS score (1.0605) satisfying all retinal preservation constraints.
aptos_1983,PATH_A,1.4041,False,23.1529,3039.4076,2.9652,18.0954,0.9627,1.4826,3.5395,Selected PATH_A with highest valid ARPS score (1.4041) satisfying all retinal preservation constraints.
aptos_2723,PATH_A,1.0324,False,16.7205,3954.5,2.9652,13.4055,0.9743,1.4826,1.6033,Selected PATH_A with highest valid ARPS score (1.0324) satisfying all retinal preservation constraints.
aptos_3233,PATH_C,0.8884,False,16.449,2753.1176,2.9652,8.402,0.9782,1.4826,2.528,Selected PATH_C with highest valid ARPS score (0.8884) satisfying all retinal preservation constraints.
aptos_1508,PATH_A,1.2818,False,14.621,905.806,1.4826,11.0825,0.965,1.4826,5.4508,Selected PATH_A with highest valid ARPS score (1.2818) satisfying all retinal preservation constraints.
aptos_1012,PATH_A,1.4347,False,19.7333,4444.5651,2.9652,14.8029,0.9495,1.4826,6.1285,Selected PATH_A with highest valid ARPS score (1.4347) satisfying all retinal preservation constraints.
aptos_2191,PATH_A,1.4327,False,20.1902,3525.0498,2.9652,13.064,0.9751,1.4826,5.1833,Selected PATH_A with highest valid ARPS score (1.4327) satisfying all retinal preservation constraints.
aptos_1264,PATH_C,1.6282,False,16.9721,815.8776,1.4826,6.0951,0.96,0.0,7.6378,Selected PATH_C with highest valid ARPS score (1.6282) satisfying all retinal preservation constraints.
aptos_3651,PATH_A,1.3588,False,33.2757,2940.5713,2.9652,33.663,0.9778,1.4826,4.4026,Selected PATH_A with highest valid ARPS score (1.3588) satisfying all retinal preservation constraints.
aptos_2880,PATH_C,0.938,False,11.1868,2035.0749,2.9652,8.3656,0.9692,1.4826,-3.3862,Selected PATH_C with highest valid ARPS score (0.9380) satisfying all retinal preservation constraints.
aptos_0090,PATH_A,1.3983,False,19.6441,2168.3552,2.9652,24.194,0.9501,1.4826,4.8833,Selected PATH_A with highest valid ARPS score (1.3983) satisfying all retinal preservation constraints.
aptos_1474,PATH_A,1.4367,False,16.387,3536.231,2.9652,14.0216,0.9779,1.4826,4.8883,Selected PATH_A with highest valid ARPS score (1.4367) satisfying all retinal preservation constraints.
aptos_2734,PATH_A,1.4097,False,22.5063,3500.9707,2.9652,18.2854,0.9793,1.4826,4.3809,Selected PATH_A with highest valid ARPS score (1.4097) satisfying all retinal preservation constraints.
aptos_2421,PATH_A,1.4148,False,16.7435,2748.226,2.9652,13.4387,0.9807,1.4826,2.0086,Selected PATH_A with highest valid ARPS score (1.4148) satisfying all retinal preservation constraints.
aptos_2153,PATH_A,1.3969,False,25.3604,3281.7154,2.9652,21.7099,0.9777,1.4826,4.318,Selected PATH_A with highest valid ARPS score (1.3969) satisfying all retinal preservation constraints.
aptos_0918,PATH_C,1.4643,False,13.0278,1037.2152,2.9652,6.7354,0.9712,1.4826,4.4338,Selected PATH_C with highest valid ARPS score (1.4643) satisfying all retinal preservation constraints.
aptos_1520,PATH_B,0.4854,False,23.7122,816.8175,1.4826,22.4435,0.9178,0.0,-1.2991,Selected PATH_B with highest valid ARPS score (0.4854) satisfying all retinal preservation constraints.
aptos_3415,PATH_A,0.8714,False,22.8724,6217.6225,2.9652,14.3121,0.9612,1.4826,-0.125,Selected PATH_A with highest valid ARPS score (0.8714) satisfying all retinal preservation constraints.
aptos_2709,PATH_C,1.4058,False,13.962,1747.1344,2.9652,8.4073,0.9621,1.4826,-2.092,Selected PATH_C with highest valid ARPS score (1.4058) satisfying all retinal preservation constraints.
aptos_1154,PATH_A,1.4343,False,16.0721,1595.4982,2.9652,13.8467,0.9725,1.4826,4.5426,Selected PATH_A with highest valid ARPS score (1.4343) satisfying all retinal preservation constraints.
aptos_1168,PATH_A,1.5303,False,20.9679,2078.5969,1.4826,22.5394,0.9674,0.0,3.2892,Selected PATH_A with highest valid ARPS score (1.5303) satisfying all retinal preservation constraints.
aptos_2598,PATH_B,0.3744,False,20.1145,535.4436,1.4826,18.0326,0.9148,0.0,-0.5864,Selected PATH_B with highest valid ARPS score (0.3744) satisfying all retinal preservation constraints.
aptos_0834,PATH_A,1.4237,False,18.1158,2336.4132,2.9652,16.1988,0.9719,1.4826,4.6574,Selected PATH_A with highest valid ARPS score (1.4237) satisfying all retinal preservation constraints.
aptos_1963,PATH_C,0.7198,False,16.1438,1066.3913,1.4826,8.5191,0.9522,0.0,-2.5257,Selected PATH_C with highest valid ARPS score (0.7198) satisfying all retinal preservation constraints.
aptos_1538,PATH_A,1.4011,False,17.8395,1714.6825,2.9652,26.5231,0.9827,1.4826,5.2516,Selected PATH_A with highest valid ARPS score (1.4011) satisfying all retinal preservation constraints.
aptos_2003,PATH_C,1.1243,False,16.2041,2881.7408,2.9652,7.9724,0.97,1.4826,-3.6208,Selected PATH_C with highest valid ARPS score (1.1243) satisfying all retinal preservation constraints.
aptos_0360,PATH_A,1.3616,False,30.8486,4014.4921,2.9652,30.6934,0.9664,1.4826,5.0575,Selected PATH_A with highest valid ARPS score (1.3616) satisfying all retinal preservation constraints.
aptos_3342,PATH_A,1.4252,False,16.9824,3141.3567,2.9652,15.6458,0.9753,1.4826,4.3348,Selected PATH_A with highest valid ARPS score (1.4252) satisfying all retinal preservation constraints.
aptos_3505,PATH_C,1.4363,False,13.328,1023.1284,2.9652,7.3161,0.9688,1.4826,2.1911,Selected PATH_C with highest valid ARPS score (1.4363) satisfying all retinal preservation constraints.
aptos_3223,PATH_B,0.3803,False,20.3444,623.7242,1.4826,16.6765,0.9041,0.0,-2.5241,Selected PATH_B with highest valid ARPS score (0.3803) satisfying all retinal preservation constraints.
aptos_0169,PATH_A,1.5323,False,24.8825,1003.4993,1.4826,20.2952,0.9733,0.0,2.8278,Selected PATH_A with highest valid ARPS score (1.5323) satisfying all retinal preservation constraints.
aptos_0082,PATH_A,1.3616,False,26.1261,1511.6181,2.9652,30.195,0.9752,1.4826,1.7081,Selected PATH_A with highest valid ARPS score (1.3616) satisfying all retinal preservation constraints.
aptos_0247,PATH_C,0.9563,False,14.9883,3326.3725,2.9652,8.0792,0.974,1.4826,-0.2003,Selected PATH_C with highest valid ARPS score (0.9563) satisfying all retinal preservation constraints.
aptos_1232,PATH_C,0.7534,False,12.072,764.9431,1.4826,10.6014,0.958,0.0,-1.901,Selected PATH_C with highest valid ARPS score (0.7534) satisfying all retinal preservation constraints.
aptos_2270,PATH_A,1.4241,False,15.8118,1889.9563,2.9652,17.1597,0.9635,1.4826,4.4483,Selected PATH_A with highest valid ARPS score (1.4241) satisfying all retinal preservation constraints.
aptos_2214,PATH_B,0.4945,False,19.5946,811.4934,1.4826,18.5867,0.925,0.0,0.7465,Selected PATH_B with highest valid ARPS score (0.4945) satisfying all retinal preservation constraints.
aptos_2360,PATH_A,1.4305,False,15.3922,1658.7262,2.9652,18.2839,0.9674,1.4826,5.1608,Selected PATH_A with highest valid ARPS score (1.4305) satisfying all retinal preservation constraints.
aptos_0476,PATH_B,0.4905,False,22.6385,883.0396,1.4826,22.9284,0.9074,0.0,3.3885,Selected PATH_B with highest valid ARPS score (0.4905) satisfying all retinal preservation constraints.
aptos_2670,PATH_A,1.4273,False,15.5658,1431.7123,2.9652,16.9652,0.9587,1.4826,4.6576,Selected PATH_A with highest valid ARPS score (1.4273) satisfying all retinal preservation constraints.
aptos_0339,PATH_A,1.428,False,14.8044,1893.9008,2.9652,13.1388,0.9719,1.4826,3.3593,Selected PATH_A with highest valid ARPS score (1.4280) satisfying all retinal preservation constraints.
aptos_2750,PATH_A,1.4159,False,17.8604,2287.2066,2.9652,19.8451,0.9791,1.4826,4.8286,Selected PATH_A with highest valid ARPS score (1.4159) satisfying all retinal preservation constraints.
aptos_1220,PATH_C,0.9726,False,15.0622,2906.4654,2.9652,7.4598,0.9718,1.4826,-1.1532,Selected PATH_C with highest valid ARPS score (0.9726) satisfying all retinal preservation constraints.
aptos_1834,PATH_C,1.3589,False,15.5514,2600.681,2.9652,7.4135,0.9766,1.4826,0.0343,Selected PATH_C with highest valid ARPS score (1.3589) satisfying all retinal preservation constraints.
aptos_0144,PATH_A,1.3683,False,23.2146,2118.0729,2.9652,24.6282,0.9818,1.4826,-1.1187,Selected PATH_A with highest valid ARPS score (1.3683) satisfying all retinal preservation constraints.
aptos_2945,PATH_A,1.4315,False,16.0037,2403.8613,2.9652,16.371,0.9755,1.4826,4.9233,Selected PATH_A with highest valid ARPS score (1.4315) satisfying all retinal preservation constraints.
aptos_0369,PATH_A,1.39,False,20.7804,2755.4843,2.9652,21.3147,0.9799,1.4826,1.9776,Selected PATH_A with highest valid ARPS score (1.3900) satisfying all retinal preservation constraints.
aptos_1921,PATH_B,0.3981,False,17.9374,606.4954,1.4826,15.373,0.9073,0.0,-1.0031,Selected PATH_B with highest valid ARPS score (0.3981) satisfying all retinal preservation constraints.
aptos_3138,PATH_A,1.4207,False,15.8856,1464.7836,2.9652,15.4378,0.9705,1.4826,3.5182,Selected PATH_A with highest valid ARPS score (1.4207) satisfying all retinal preservation constraints.
aptos_1936,PATH_C,0.9633,False,14.3817,2852.9889,2.9652,8.5905,0.9755,1.4826,-2.4605,Selected PATH_C with highest valid ARPS score (0.9633) satisfying all retinal preservation constraints.
aptos_1828,PATH_B,0.5575,False,15.5435,354.9217,1.4826,22.5394,0.8895,0.0,3.2947,Selected PATH_B with highest valid ARPS score (0.5575) satisfying all retinal preservation constraints.
aptos_2799,PATH_A,1.4421,False,16.7884,2714.6981,2.9652,14.1747,0.9825,1.4826,5.5367,Selected PATH_A with highest valid ARPS score (1.4421) satisfying all retinal preservation constraints.
aptos_1097,PATH_A,1.3791,False,27.8335,3403.4185,2.9652,24.756,0.9779,1.4826,2.3823,Selected PATH_A with highest valid ARPS score (1.3791) satisfying all retinal preservation constraints.
aptos_0008,PATH_A,1.5006,False,24.9513,874.4964,1.4826,34.6573,0.9678,0.0,4.847,Selected PATH_A with highest valid ARPS score (1.5006) satisfying all retinal preservation constraints.
aptos_0442,PATH_A,0.9552,False,13.5967,2662.7051,2.9652,12.9614,0.9505,1.4826,0.6105,Selected PATH_A with highest valid ARPS score (0.9552) satisfying all retinal preservation constraints.
aptos_0719,PATH_B,0.6502,False,17.9162,404.3893,0.0,22.8401,0.8898,-1.4826,2.8125,Selected PATH_B with highest valid ARPS score (0.6502) satisfying all retinal preservation constraints.
aptos_2348,PATH_C,1.0173,False,15.5093,3678.6796,2.9652,7.8514,0.9793,1.4826,-0.4873,Selected PATH_C with highest valid ARPS score (1.0173) satisfying all retinal preservation constraints.
aptos_0929,PATH_C,0.699,False,13.2386,1791.3567,2.9652,10.9262,0.9691,0.0,-3.1566,Selected PATH_C with highest valid ARPS score (0.6990) satisfying all retinal preservation constraints.
aptos_1081,PATH_A,1.4362,False,16.7854,1535.0772,2.9652,14.5737,0.9726,1.4826,5.1429,Selected PATH_A with highest valid ARPS score (1.4362) satisfying all retinal preservation constraints.
aptos_3049,PATH_C,1.5818,False,19.8427,935.5982,1.4826,8.7686,0.9682,0.0,5.0214,Selected PATH_C with highest valid ARPS score (1.5818) satisfying all retinal preservation constraints.
aptos_2086,PATH_C,0.9331,False,15.2206,3365.564,2.9652,7.1986,0.9729,1.4826,-0.8421,Selected PATH_C with highest valid ARPS score (0.9331) satisfying all retinal preservation constraints.
aptos_3498,PATH_C,0.9986,False,15.4627,3383.5483,2.9652,8.1268,0.9749,1.4826,-4.0203,Selected PATH_C with highest valid ARPS score (0.9986) satisfying all retinal preservation constraints.
aptos_0895,PATH_A,1.4081,False,15.3374,1647.2195,2.9652,23.5367,0.9718,1.4826,4.4487,Selected PATH_A with highest valid ARPS score (1.4081) satisfying all retinal preservation constraints.
aptos_2659,PATH_A,1.4634,False,19.7744,5315.6534,4.4478,17.7759,0.9791,1.4826,0.7405,Selected PATH_A with highest valid ARPS score (1.4634) satisfying all retinal preservation constraints.
aptos_0334,PATH_B,0.4588,False,27.1989,540.4643,1.4826,23.0505,0.8968,0.0,2.5168,Selected PATH_B with highest valid ARPS score (0.4588) satisfying all retinal preservation constraints.
aptos_1735,PATH_C,0.948,False,16.2204,3398.6216,2.9652,7.0585,0.9736,1.4826,-0.3422,Selected PATH_C with highest valid ARPS score (0.9480) satisfying all retinal preservation constraints.
aptos_3638,PATH_C,0.9031,False,15.0846,2613.6501,2.9652,7.2277,0.9654,1.4826,-0.1572,Selected PATH_C with highest valid ARPS score (0.9031) satisfying all retinal preservation constraints.
aptos_1808,PATH_B,0.4584,False,20.6043,296.4586,1.4826,34.9288,0.8606,0.0,3.3744,Selected PATH_B with highest valid ARPS score (0.4584) satisfying all retinal preservation constraints.
aptos_2525,PATH_A,1.4005,False,21.906,3238.3758,2.9652,21.3046,0.977,1.4826,4.1826,Selected PATH_A with highest valid ARPS score (1.4005) satisfying all retinal preservation constraints.
aptos_3307,PATH_C,0.9603,False,13.2437,2588.8692,2.9652,8.3526,0.9687,1.4826,-2.0688,Selected PATH_C with highest valid ARPS score (0.9603) satisfying all retinal preservation constraints.
aptos_0976,PATH_A,1.436,False,19.8943,4115.3488,2.9652,13.7555,0.9806,1.4826,5.7289,Selected PATH_A with highest valid ARPS score (1.4360) satisfying all retinal preservation constraints.
aptos_2245,PATH_C,0.9225,False,14.854,3035.9827,2.9652,8.3117,0.9746,1.4826,-1.2473,Selected PATH_C with highest valid ARPS score (0.9225) satisfying all retinal preservation constraints.
aptos_0399,PATH_A,1.3965,False,25.3758,3503.722,2.9652,23.9944,0.9807,1.4826,5.4955,Selected PATH_A with highest valid ARPS score (1.3965) satisfying all retinal preservation constraints.
aptos_2699,PATH_A,1.0079,False,12.04,2722.1304,2.9652,11.3161,0.9589,1.4826,1.2576,Selected PATH_A with highest valid ARPS score (1.0079) satisfying all retinal preservation constraints.
aptos_0047,PATH_B,0.5472,False,21.2606,475.1372,0.0,25.774,0.8817,-1.4826,-0.3121,Selected PATH_B with highest valid ARPS score (0.5472) satisfying all retinal preservation constraints.
aptos_3504,PATH_C,0.946,False,14.2246,2919.9152,2.9652,9.0057,0.9765,1.4826,-0.1284,Selected PATH_C with highest valid ARPS score (0.9460) satisfying all retinal preservation constraints.
aptos_2423,PATH_A,1.3989,False,20.8958,2405.0367,2.9652,21.9538,0.985,1.4826,3.9319,Selected PATH_A with highest valid ARPS score (1.3989) satisfying all retinal preservation constraints.
aptos_2504,PATH_B,0.4484,False,25.5479,555.3739,1.4826,21.8515,0.8962,0.0,0.4679,Selected PATH_B with highest valid ARPS score (0.4484) satisfying all retinal preservation constraints.
aptos_1518,PATH_B,0.5944,False,21.1545,709.8289,1.4826,20.1737,0.9299,0.0,0.5459,Selected PATH_B with highest valid ARPS score (0.5944) satisfying all retinal preservation constraints.
aptos_2770,PATH_C,0.9954,False,14.8755,3376.4701,2.9652,8.2339,0.9796,1.4826,1.2056,Selected PATH_C with highest valid ARPS score (0.9954) satisfying all retinal preservation constraints.
aptos_3427,PATH_B,0.5507,False,21.1594,390.5579,1.4826,21.3197,0.8902,0.0,0.1116,Selected PATH_B with highest valid ARPS score (0.5507) satisfying all retinal preservation constraints.
aptos_1779,PATH_A,1.3833,False,20.151,1187.1552,2.9652,22.6081,0.9764,1.4826,1.3402,Selected PATH_A with highest valid ARPS score (1.3833) satisfying all retinal preservation constraints.
aptos_3485,PATH_B,0.4085,False,18.7781,665.5683,1.4826,17.4929,0.9185,0.0,-0.5903,Selected PATH_B with highest valid ARPS score (0.4085) satisfying all retinal preservation constraints.
aptos_1807,PATH_C,1.4385,False,13.2009,1043.728,2.9652,6.7966,0.9674,1.4826,2.2703,Selected PATH_C with highest valid ARPS score (1.4385) satisfying all retinal preservation constraints.
aptos_2667,PATH_C,1.4209,False,15.4101,970.8097,2.9652,8.2159,0.9547,1.4826,0.7661,Selected PATH_C with highest valid ARPS score (1.4209) satisfying all retinal preservation constraints.
aptos_0508,PATH_A,1.4352,False,20.6899,1847.343,2.9652,8.8665,0.976,1.4826,3.882,Selected PATH_A with highest valid ARPS score (1.4352) satisfying all retinal preservation constraints.
aptos_1401,PATH_A,1.3512,False,29.7653,3661.5815,2.9652,33.0689,0.977,1.4826,1.1536,Selected PATH_A with highest valid ARPS score (1.3512) satisfying all retinal preservation constraints.
aptos_2718,PATH_C,1.5595,False,13.5613,669.0271,1.4826,8.3669,0.9596,0.0,0.7855,Selected PATH_C with highest valid ARPS score (1.5595) satisfying all retinal preservation constraints.
aptos_1181,PATH_A,1.3804,False,19.6686,1900.4753,2.9652,24.786,0.9735,1.4826,1.9971,Selected PATH_A with highest valid ARPS score (1.3804) satisfying all retinal preservation constraints.
aptos_1077,PATH_C,0.7469,False,12.7997,744.7844,1.4826,11.2945,0.9482,0.0,-3.3334,Selected PATH_C with highest valid ARPS score (0.7469) satisfying all retinal preservation constraints.
aptos_2444,PATH_C,1.4509,False,13.6655,1244.3777,2.9652,7.182,0.974,1.4826,3.6639,Selected PATH_C with highest valid ARPS score (1.4509) satisfying all retinal preservation constraints.
aptos_0353,PATH_A,1.4181,False,19.2405,2090.5675,2.9652,19.1185,0.9761,1.4826,5.2536,Selected PATH_A with highest valid ARPS score (1.4181) satisfying all retinal preservation constraints.
aptos_0106,PATH_A,1.4222,False,19.6052,2871.529,2.9652,14.7521,0.9739,1.4826,4.2536,Selected PATH_A with highest valid ARPS score (1.4222) satisfying all retinal preservation constraints.
aptos_3633,PATH_B,0.5406,False,22.6694,788.5487,1.4826,20.3801,0.9119,0.0,-1.4887,Selected PATH_B with highest valid ARPS score (0.5406) satisfying all retinal preservation constraints.
aptos_1745,PATH_B,0.4985,False,30.628,1255.5928,1.4826,23.3975,0.939,0.0,-1.8799,Selected PATH_B with highest valid ARPS score (0.4985) satisfying all retinal preservation constraints.
aptos_1250,PATH_A,1.4067,False,23.3285,2255.6802,2.9652,20.2239,0.9594,1.4826,5.2152,Selected PATH_A with highest valid ARPS score (1.4067) satisfying all retinal preservation constraints.
aptos_1392,PATH_B,0.5638,False,16.8849,396.0102,1.4826,22.8753,0.8929,0.0,3.4145,Selected PATH_B with highest valid ARPS score (0.5638) satisfying all retinal preservation constraints.
aptos_3366,PATH_C,0.9884,False,16.4515,3494.9993,2.9652,7.5123,0.9751,1.4826,1.5996,Selected PATH_C with highest valid ARPS score (0.9884) satisfying all retinal preservation constraints.
aptos_1065,PATH_C,1.447,False,20.4435,1543.8934,2.9652,6.8415,0.9717,1.4826,4.8171,Selected PATH_C with highest valid ARPS score (1.4470) satisfying all retinal preservation constraints.
aptos_0331,PATH_A,1.4289,False,14.8914,2437.3033,2.9652,14.8138,0.9798,1.4826,3.9081,Selected PATH_A with highest valid ARPS score (1.4289) satisfying all retinal preservation constraints.
aptos_3597,PATH_A,1.3735,False,25.9936,1930.9524,2.9652,27.6381,0.9778,1.4826,2.8747,Selected PATH_A with highest valid ARPS score (1.3735) satisfying all retinal preservation constraints.
aptos_0135,PATH_A,1.3989,False,18.6375,2121.2946,2.9652,22.3823,0.9709,1.4826,3.8236,Selected PATH_A with highest valid ARPS score (1.3989) satisfying all retinal preservation constraints.
aptos_0729,PATH_A,1.1085,False,31.6272,3021.4821,2.9652,24.6383,0.968,1.4826,2.5892,Selected PATH_A with highest valid ARPS score (1.1085) satisfying all retinal preservation constraints.
aptos_1916,PATH_A,1.4129,False,22.4556,5501.0592,4.4478,18.3062,0.9813,1.4826,0.1985,Selected PATH_A with highest valid ARPS score (1.4129) satisfying all retinal preservation constraints.
aptos_2606,PATH_A,1.4162,False,20.7586,2055.2703,2.9652,17.1413,0.973,1.4826,4.6252,Selected PATH_A with highest valid ARPS score (1.4162) satisfying all retinal preservation constraints.
aptos_3352,PATH_B,0.511,False,22.9037,800.2156,1.4826,20.7549,0.9281,0.0,1.367,Selected PATH_B with highest valid ARPS score (0.5110) satisfying all retinal preservation constraints.
aptos_3483,PATH_A,0.9826,False,22.4437,3578.3654,2.9652,17.1354,0.9413,1.4826,1.9096,Selected PATH_A with highest valid ARPS score (0.9826) satisfying all retinal preservation constraints.
aptos_1199,PATH_C,0.9642,False,13.9179,2758.2063,2.9652,7.9152,0.9721,1.4826,-1.1951,Selected PATH_C with highest valid ARPS score (0.9642) satisfying all retinal preservation constraints.
aptos_0553,PATH_A,1.3939,False,20.3563,5075.9207,4.4478,17.4648,0.9642,1.4826,-0.7078,Selected PATH_A with highest valid ARPS score (1.3939) satisfying all retinal preservation constraints.
aptos_0713,PATH_A,1.1075,False,15.3521,3401.4191,2.9652,12.8764,0.9704,1.4826,-0.3264,Selected PATH_A with highest valid ARPS score (1.1075) satisfying all retinal preservation constraints.
aptos_1058,PATH_A,1.4053,False,22.585,5542.1074,4.4478,19.0848,0.9804,1.4826,0.8366,Selected PATH_A with highest valid ARPS score (1.4053) satisfying all retinal preservation constraints.
aptos_1758,PATH_C,1.3182,False,15.1932,1921.6403,2.9652,8.7081,0.9697,1.4826,-0.8217,Selected PATH_C with highest valid ARPS score (1.3182) satisfying all retinal preservation constraints.
aptos_0601,PATH_C,1.4265,False,14.165,994.7597,2.9652,7.8084,0.9602,1.4826,1.3109,Selected PATH_C with highest valid ARPS score (1.4265) satisfying all retinal preservation constraints.
aptos_3363,PATH_C,1.4798,False,16.9364,1000.2096,2.9652,6.4562,0.975,1.4826,6.9187,Selected PATH_C with highest valid ARPS score (1.4798) satisfying all retinal preservation constraints.
aptos_3396,PATH_A,1.4338,False,18.7592,2844.1265,2.9652,14.6063,0.9585,1.4826,5.6042,Selected PATH_A with highest valid ARPS score (1.4338) satisfying all retinal preservation constraints.
aptos_3236,PATH_C,0.888,False,16.0509,3073.9658,2.9652,6.8806,0.9749,1.4826,-0.7013,Selected PATH_C with highest valid ARPS score (0.8880) satisfying all retinal preservation constraints.
aptos_1332,PATH_A,1.3901,False,20.5622,2242.485,2.9652,18.2241,0.9806,1.4826,0.0144,Selected PATH_A with highest valid ARPS score (1.3901) satisfying all retinal preservation constraints.
aptos_2551,PATH_A,1.458,False,20.5495,5380.8984,4.4478,18.8709,0.9799,1.4826,0.1942,Selected PATH_A with highest valid ARPS score (1.4580) satisfying all retinal preservation constraints.
aptos_1067,PATH_B,0.5408,False,20.0321,640.9486,1.4826,26.02,0.8815,-1.4826,3.064,Selected PATH_B with highest valid ARPS score (0.5408) satisfying all retinal preservation constraints.
aptos_3583,PATH_C,1.5789,False,15.4057,858.0499,1.4826,7.3873,0.9686,0.0,3.1352,Selected PATH_C with highest valid ARPS score (1.5789) satisfying all retinal preservation constraints.
aptos_0416,PATH_A,1.4139,False,25.046,2845.4885,2.9652,17.603,0.9838,1.4826,5.2535,Selected PATH_A with highest valid ARPS score (1.4139) satisfying all retinal preservation constraints.
aptos_0316,PATH_C,1.2556,False,17.7705,2230.8681,2.9652,6.4965,0.9777,1.4826,3.734,Selected PATH_C with highest valid ARPS score (1.2556) satisfying all retinal preservation constraints.
aptos_1170,PATH_A,1.5306,False,25.2312,2234.5208,1.4826,21.5986,0.9733,0.0,3.3427,Selected PATH_A with highest valid ARPS score (1.5306) satisfying all retinal preservation constraints.
aptos_2576,PATH_C,1.0911,False,16.2246,1881.5157,2.9652,8.0494,0.963,1.4826,-3.7582,Selected PATH_C with highest valid ARPS score (1.0911) satisfying all retinal preservation constraints.
aptos_0328,PATH_A,1.1417,False,23.8843,1643.0207,2.9652,26.3877,0.9592,1.4826,-0.1424,Selected PATH_A with highest valid ARPS score (1.1417) satisfying all retinal preservation constraints.
aptos_2343,PATH_A,1.4273,False,18.3689,2012.0189,2.9652,17.4543,0.9734,1.4826,5.5464,Selected PATH_A with highest valid ARPS score (1.4273) satisfying all retinal preservation constraints.
aptos_3278,PATH_A,1.451,False,18.5712,2277.9777,2.9652,11.5978,0.9782,1.4826,6.3103,Selected PATH_A with highest valid ARPS score (1.4510) satisfying all retinal preservation constraints.
aptos_0517,PATH_A,1.3904,False,22.9152,2341.991,2.9652,24.3203,0.9829,1.4826,3.9962,Selected PATH_A with highest valid ARPS score (1.3904) satisfying all retinal preservation constraints.
aptos_1450,PATH_C,1.3113,False,13.9225,2517.7701,2.9652,8.3049,0.9729,1.4826,-4.888,Selected PATH_C with highest valid ARPS score (1.3113) satisfying all retinal preservation constraints.
aptos_0447,PATH_A,1.3861,False,23.3836,2698.1936,2.9652,21.9764,0.985,1.4826,1.6759,Selected PATH_A with highest valid ARPS score (1.3861) satisfying all retinal preservation constraints.
aptos_2531,PATH_C,0.8987,False,17.3224,2872.7509,2.9652,8.2305,0.9763,1.4826,3.4866,Selected PATH_C with highest valid ARPS score (0.8987) satisfying all retinal preservation constraints.
aptos_2785,PATH_A,1.4236,False,17.4407,2786.3231,2.9652,18.9767,0.9762,1.4826,5.2982,Selected PATH_A with highest valid ARPS score (1.4236) satisfying all retinal preservation constraints.
aptos_1075,PATH_A,1.4878,False,24.8375,991.697,1.4826,36.0953,0.9699,0.0,2.9143,Selected PATH_A with highest valid ARPS score (1.4878) satisfying all retinal preservation constraints.
aptos_1814,PATH_A,1.3885,False,22.069,1954.4519,2.9652,24.0686,0.9675,1.4826,3.559,Selected PATH_A with highest valid ARPS score (1.3885) satisfying all retinal preservation constraints.
aptos_2208,PATH_A,0.9228,False,25.026,2708.849,2.9652,27.655,0.9624,1.4826,2.7165,Selected PATH_A with highest valid ARPS score (0.9228) satisfying all retinal preservation constraints.
aptos_0956,PATH_C,0.9831,False,14.0074,3098.2146,2.9652,6.9021,0.973,1.4826,-2.1158,Selected PATH_C with highest valid ARPS score (0.9831) satisfying all retinal preservation constraints.
aptos_0478,PATH_B,0.4207,False,29.0899,811.8337,1.4826,23.5852,0.901,0.0,-1.4258,Selected PATH_B with highest valid ARPS score (0.4207) satisfying all retinal preservation constraints.
aptos_3436,PATH_B,0.4573,False,21.3701,763.856,1.4826,19.2151,0.9061,0.0,-1.8254,Selected PATH_B with highest valid ARPS score (0.4573) satisfying all retinal preservation constraints.
aptos_2166,PATH_A,1.4643,False,22.8617,9389.8801,4.4478,19.8103,0.9763,1.4826,3.4833,Selected PATH_A with highest valid ARPS score (1.4643) satisfying all retinal preservation constraints.
aptos_2068,PATH_B,0.3748,False,34.7865,1710.6907,1.4826,29.0761,0.9055,0.0,-0.9888,Selected PATH_B with highest valid ARPS score (0.3748) satisfying all retinal preservation constraints.
aptos_0087,PATH_C,1.4308,False,15.0088,1428.9491,2.9652,6.998,0.9654,1.4826,1.6441,Selected PATH_C with highest valid ARPS score (1.4308) satisfying all retinal preservation constraints.
aptos_0349,PATH_C,1.4275,False,16.2844,1852.7937,2.9652,7.4846,0.969,1.4826,1.4253,Selected PATH_C with highest valid ARPS score (1.4275) satisfying all retinal preservation constraints.
aptos_2268,PATH_A,1.5124,False,31.5285,3283.4984,1.4826,24.6199,0.9771,0.0,0.9891,Selected PATH_A with highest valid ARPS score (1.5124) satisfying all retinal preservation constraints.
aptos_0480,PATH_C,1.4841,False,16.6357,922.232,2.9652,7.606,0.9566,1.4826,7.382,Selected PATH_C with highest valid ARPS score (1.4841) satisfying all retinal preservation constraints.
aptos_3506,PATH_A,1.4031,False,21.0417,2523.201,2.9652,17.6023,0.9511,1.4826,2.9366,Selected PATH_A with highest valid ARPS score (1.4031) satisfying all retinal preservation constraints.
aptos_0039,PATH_B,0.3698,False,20.5354,599.3532,1.4826,17.4201,0.9187,0.0,-0.3296,Selected PATH_B with highest valid ARPS score (0.3698) satisfying all retinal preservation constraints.
aptos_2278,PATH_A,1.027,False,14.4129,3782.9345,2.9652,12.2129,0.9707,1.4826,2.6471,Selected PATH_A with highest valid ARPS score (1.0270) satisfying all retinal preservation constraints.
aptos_3148,PATH_A,1.4086,False,19.9064,1823.201,2.9652,17.0449,0.9746,1.4826,3.1834,Selected PATH_A with highest valid ARPS score (1.4086) satisfying all retinal preservation constraints.
aptos_2510,PATH_B,0.3954,False,18.3391,603.9828,1.4826,15.2352,0.9068,0.0,0.8948,Selected PATH_B with highest valid ARPS score (0.3954) satisfying all retinal preservation constraints.
aptos_3208,PATH_B,0.3956,False,17.9844,750.5606,1.4826,14.876,0.9119,0.0,0.4454,Selected PATH_B with highest valid ARPS score (0.3956) satisfying all retinal preservation constraints.
aptos_1431,PATH_A,1.1166,False,16.9897,3701.6794,2.9652,13.5607,0.967,1.4826,1.5394,Selected PATH_A with highest valid ARPS score (1.1166) satisfying all retinal preservation constraints.
aptos_1095,PATH_A,1.4476,False,12.8872,1905.3438,2.9652,10.9707,0.9783,1.4826,4.0126,Selected PATH_A with highest valid ARPS score (1.4476) satisfying all retinal preservation constraints.
aptos_2067,PATH_C,1.0759,False,15.3526,3780.3271,2.9652,7.1182,0.981,1.4826,0.5437,Selected PATH_C with highest valid ARPS score (1.0759) satisfying all retinal preservation constraints.
aptos_3168,PATH_A,1.3764,False,27.1964,5210.7962,2.9652,29.0501,0.9823,1.4826,4.615,Selected PATH_A with highest valid ARPS score (1.3764) satisfying all retinal preservation constraints.
aptos_1300,PATH_A,1.4247,False,15.251,1165.5112,2.9652,13.4781,0.9695,1.4826,3.2196,Selected PATH_A with highest valid ARPS score (1.4247) satisfying all retinal preservation constraints.
aptos_3283,PATH_A,1.3861,False,25.2339,1427.2591,2.9652,25.0316,0.9733,1.4826,4.0625,Selected PATH_A with highest valid ARPS score (1.3861) satisfying all retinal preservation constraints.
aptos_2522,PATH_A,1.4354,False,16.8578,1991.8101,2.9652,13.3298,0.9755,1.4826,4.707,Selected PATH_A with highest valid ARPS score (1.4354) satisfying all retinal preservation constraints.
aptos_1510,PATH_A,1.4003,False,31.4412,1435.8012,1.4826,35.3834,0.9644,0.0,0.9018,Selected PATH_A with highest valid ARPS score (1.4003) satisfying all retinal preservation constraints.
aptos_3018,PATH_A,1.4404,False,20.2827,3210.8862,2.9652,15.4347,0.9824,1.4826,6.887,Selected PATH_A with highest valid ARPS score (1.4404) satisfying all retinal preservation constraints.
aptos_2072,PATH_A,1.4898,False,26.1755,1195.8559,1.4826,30.4353,0.9681,0.0,-0.9436,Selected PATH_A with highest valid ARPS score (1.4898) satisfying all retinal preservation constraints.
aptos_2075,PATH_A,1.5215,False,22.3013,2350.3331,1.4826,26.2151,0.9621,0.0,3.8624,Selected PATH_A with highest valid ARPS score (1.5215) satisfying all retinal preservation constraints.
aptos_3109,PATH_C,1.4396,False,14.902,1303.5397,2.9652,6.5565,0.9713,1.4826,2.5783,Selected PATH_C with highest valid ARPS score (1.4396) satisfying all retinal preservation constraints.
aptos_0871,PATH_C,1.424,False,14.8061,1260.8419,2.9652,7.866,0.9749,1.4826,0.8536,Selected PATH_C with highest valid ARPS score (1.4240) satisfying all retinal preservation constraints.
aptos_0674,PATH_A,1.3768,False,32.1812,3771.8235,2.9652,23.0193,0.9785,1.4826,0.1768,Selected PATH_A with highest valid ARPS score (1.3768) satisfying all retinal preservation constraints.
aptos_2803,PATH_C,1.4566,False,14.8186,1053.0453,2.9652,6.8408,0.9666,1.4826,4.4489,Selected PATH_C with highest valid ARPS score (1.4566) satisfying all retinal preservation constraints.
aptos_2561,PATH_C,0.8538,False,15.2979,2506.8556,2.9652,9.2871,0.9725,1.4826,1.2011,Selected PATH_C with highest valid ARPS score (0.8538) satisfying all retinal preservation constraints.
aptos_1116,PATH_B,0.707,False,16.9954,356.1575,0.0,24.0965,0.8868,-1.4826,5.2012,Selected PATH_B with highest valid ARPS score (0.7070) satisfying all retinal preservation constraints.
aptos_1324,PATH_A,1.1691,False,15.8521,3690.803,2.9652,12.8879,0.9771,1.4826,1.7911,Selected PATH_A with highest valid ARPS score (1.1691) satisfying all retinal preservation constraints.
aptos_2229,PATH_A,1.5142,False,20.0159,931.0875,1.4826,22.8311,0.9605,0.0,0.1423,Selected PATH_A with highest valid ARPS score (1.5142) satisfying all retinal preservation constraints.
aptos_1366,PATH_A,1.4329,False,19.3043,2012.0373,2.9652,12.3849,0.9764,1.4826,4.7168,Selected PATH_A with highest valid ARPS score (1.4329) satisfying all retinal preservation constraints.
aptos_0244,PATH_C,0.8741,False,16.1863,3195.0506,2.9652,6.6103,0.9722,1.4826,1.1313,Selected PATH_C with highest valid ARPS score (0.8741) satisfying all retinal preservation constraints.
aptos_3494,PATH_C,1.0583,False,13.9888,2946.1308,2.9652,8.3892,0.9795,1.4826,0.522,Selected PATH_C with highest valid ARPS score (1.0583) satisfying all retinal preservation constraints.
aptos_0104,PATH_A,1.522,False,22.9021,1025.9013,1.4826,20.9476,0.9769,0.0,0.5187,Selected PATH_A with highest valid ARPS score (1.5220) satisfying all retinal preservation constraints.
aptos_2688,PATH_B,0.3757,False,22.2479,592.8503,1.4826,18.4118,0.9017,0.0,1.666,Selected PATH_B with highest valid ARPS score (0.3757) satisfying all retinal preservation constraints.
aptos_1437,PATH_A,1.2239,False,16.0776,3582.5914,2.9652,14.1485,0.9631,1.4826,2.2438,Selected PATH_A with highest valid ARPS score (1.2239) satisfying all retinal preservation constraints.
aptos_1010,PATH_A,1.4155,False,17.1028,1806.0642,2.9652,21.0699,0.9734,1.4826,4.994,Selected PATH_A with highest valid ARPS score (1.4155) satisfying all retinal preservation constraints.
aptos_3354,PATH_B,0.3882,False,16.9086,608.4791,1.4826,13.7592,0.8996,0.0,-1.5543,Selected PATH_B with highest valid ARPS score (0.3882) satisfying all retinal preservation constraints.
aptos_0432,PATH_C,0.9108,False,16.0009,2878.12,2.9652,8.2387,0.9732,1.4826,-0.9259,Selected PATH_C with highest valid ARPS score (0.9108) satisfying all retinal preservation constraints.
aptos_3584,PATH_A,1.4018,False,20.7763,2188.4723,2.9652,19.4177,0.974,1.4826,3.3049,Selected PATH_A with highest valid ARPS score (1.4018) satisfying all retinal preservation constraints.
aptos_1578,PATH_A,1.3971,False,19.8825,2198.0825,2.9652,20.0317,0.973,1.4826,2.6567,Selected PATH_A with highest valid ARPS score (1.3971) satisfying all retinal preservation constraints.
aptos_1810,PATH_A,1.3604,False,23.9096,1571.8554,2.9652,33.5173,0.972,1.4826,3.5032,Selected PATH_A with highest valid ARPS score (1.3604) satisfying all retinal preservation constraints.
aptos_2776,PATH_A,1.508,False,25.204,1680.7864,1.4826,32.1633,0.9806,0.0,4.7938,Selected PATH_A with highest valid ARPS score (1.5080) satisfying all retinal preservation constraints.
aptos_1712,PATH_A,1.3692,False,27.7343,2988.9852,2.9652,25.0898,0.9682,1.4826,-0.226,Selected PATH_A with highest valid ARPS score (1.3692) satisfying all retinal preservation constraints.
aptos_3001,PATH_A,1.427,False,18.5765,3197.124,2.9652,13.4846,0.9732,1.4826,4.2018,Selected PATH_A with highest valid ARPS score (1.4270) satisfying all retinal preservation constraints.
aptos_0708,PATH_A,1.106,False,20.4464,3422.5983,2.9652,17.533,0.9783,1.4826,-0.2464,Selected PATH_A with highest valid ARPS score (1.1060) satisfying all retinal preservation constraints.
aptos_0031,PATH_A,1.3747,False,24.9384,3128.8564,2.9652,24.2365,0.9789,1.4826,0.5069,Selected PATH_A with highest valid ARPS score (1.3747) satisfying all retinal preservation constraints.
aptos_2874,PATH_C,1.4512,False,12.9218,681.3427,1.4826,6.6718,0.962,0.0,3.6621,Selected PATH_C with highest valid ARPS score (1.4512) satisfying all retinal preservation constraints.
aptos_2706,PATH_C,1.2861,False,18.2709,2341.9609,2.9652,8.5152,0.9745,1.4826,-1.9769,Selected PATH_C with highest valid ARPS score (1.2861) satisfying all retinal preservation constraints.
aptos_0848,PATH_B,0.4021,False,18.0827,639.5199,1.4826,15.084,0.9197,0.0,1.491,Selected PATH_B with highest valid ARPS score (0.4021) satisfying all retinal preservation constraints.
aptos_2719,PATH_B,0.7413,False,17.6628,655.8071,0.0,15.2649,0.9254,-1.4826,1.5311,Selected PATH_B with highest valid ARPS score (0.7413) satisfying all retinal preservation constraints.
aptos_1091,PATH_A,1.3337,False,23.8462,2554.6316,2.9652,27.488,0.9795,1.4826,0.8294,Selected PATH_A with highest valid ARPS score (1.3337) satisfying all retinal preservation constraints.
aptos_2431,PATH_B,0.4055,False,18.2487,631.3841,1.4826,15.3818,0.9071,0.0,1.498,Selected PATH_B with highest valid ARPS score (0.4055) satisfying all retinal preservation constraints.
aptos_2186,PATH_A,1.039,False,14.4644,3480.363,2.9652,12.0491,0.9695,1.4826,0.8841,Selected PATH_A with highest valid ARPS score (1.0390) satisfying all retinal preservation constraints.
aptos_0317,PATH_C,0.8464,False,14.7107,2690.5115,2.9652,6.7422,0.9709,1.4826,-0.2814,Selected PATH_C with highest valid ARPS score (0.8464) satisfying all retinal preservation constraints.
aptos_0836,PATH_A,0.9044,False,19.6695,3544.4687,2.9652,13.967,0.9473,1.4826,-0.5829,Selected PATH_A with highest valid ARPS score (0.9044) satisfying all retinal preservation constraints.
aptos_0356,PATH_A,1.3586,False,30.6775,3612.8947,2.9652,31.9911,0.9796,1.4826,2.5635,Selected PATH_A with highest valid ARPS score (1.3586) satisfying all retinal preservation constraints.
aptos_1662,PATH_A,1.4245,False,13.6815,1687.7423,2.9652,16.2865,0.9708,1.4826,3.6178,Selected PATH_A with highest valid ARPS score (1.4245) satisfying all retinal preservation constraints.
aptos_0249,PATH_A,1.3132,False,38.7,3802.8321,2.9652,32.3457,0.9808,1.4826,0.6999,Selected PATH_A with highest valid ARPS score (1.3132) satisfying all retinal preservation constraints.
aptos_0753,PATH_A,1.4113,False,22.2091,4150.4126,2.9652,21.5478,0.9885,1.4826,5.9464,Selected PATH_A with highest valid ARPS score (1.4113) satisfying all retinal preservation constraints.
aptos_1952,PATH_A,1.3953,False,20.5217,2110.8475,2.9652,20.8747,0.9822,1.4826,2.7219,Selected PATH_A with highest valid ARPS score (1.3953) satisfying all retinal preservation constraints.
aptos_1106,PATH_C,0.9445,False,17.8272,3222.5897,2.9652,7.4828,0.9762,1.4826,1.4819,Selected PATH_C with highest valid ARPS score (0.9445) satisfying all retinal preservation constraints.
aptos_1071,PATH_A,1.2381,False,22.2633,721.1359,1.4826,28.3304,0.958,1.4826,3.6407,Selected PATH_A with highest valid ARPS score (1.2381) satisfying all retinal preservation constraints.
aptos_3473,PATH_A,1.3856,False,20.8197,1521.6119,2.9652,23.0095,0.9793,1.4826,2.0817,Selected PATH_A with highest valid ARPS score (1.3856) satisfying all retinal preservation constraints.
aptos_1570,PATH_B,0.5266,False,26.6118,1104.182,1.4826,21.808,0.9319,0.0,1.4327,Selected PATH_B with highest valid ARPS score (0.5266) satisfying all retinal preservation constraints.
aptos_1961,PATH_A,1.0794,False,33.1079,3469.7344,2.9652,35.8116,0.964,1.4826,1.6118,Selected PATH_A with highest valid ARPS score (1.0794) satisfying all retinal preservation constraints.
aptos_1093,PATH_A,1.4381,False,15.3755,2073.4358,2.9652,12.1289,0.9712,1.4826,4.2535,Selected PATH_A with highest valid ARPS score (1.4381) satisfying all retinal preservation constraints.
aptos_2175,PATH_C,1.4308,False,13.7914,2069.4987,2.9652,7.1235,0.9722,1.4826,2.1838,Selected PATH_C with highest valid ARPS score (1.4308) satisfying all retinal preservation constraints.
aptos_2129,PATH_A,1.412,False,19.232,2383.4491,2.9652,18.9226,0.9823,1.4826,4.3141,Selected PATH_A with highest valid ARPS score (1.4120) satisfying all retinal preservation constraints.
aptos_3175,PATH_C,0.9426,False,15.1945,2858.7142,2.9652,8.0322,0.9748,1.4826,-0.9114,Selected PATH_C with highest valid ARPS score (0.9426) satisfying all retinal preservation constraints.
aptos_0901,PATH_A,1.3995,False,20.2801,2181.8641,2.9652,18.2901,0.9817,1.4826,2.1007,Selected PATH_A with highest valid ARPS score (1.3995) satisfying all retinal preservation constraints.
aptos_3399,PATH_A,1.4286,False,25.1227,2116.581,2.9652,17.6267,0.9735,1.4826,7.8445,Selected PATH_A with highest valid ARPS score (1.4286) satisfying all retinal preservation constraints.
aptos_3508,PATH_A,1.4226,False,18.3124,2599.6974,2.9652,17.2351,0.9715,1.4826,4.933,Selected PATH_A with highest valid ARPS score (1.4226) satisfying all retinal preservation constraints.
aptos_1447,PATH_A,1.3897,False,20.4492,2548.2294,2.9652,21.7601,0.9747,1.4826,2.2216,Selected PATH_A with highest valid ARPS score (1.3897) satisfying all retinal preservation constraints.
aptos_3472,PATH_C,1.4423,False,10.9284,1146.076,1.4826,7.4433,0.975,0.0,-3.2121,Selected PATH_C with highest valid ARPS score (1.4423) satisfying all retinal preservation constraints.
aptos_1347,PATH_C,1.0132,False,13.9874,3076.3489,2.9652,8.0951,0.9747,1.4826,-2.2533,Selected PATH_C with highest valid ARPS score (1.0132) satisfying all retinal preservation constraints.
aptos_3306,PATH_A,1.3947,False,22.8436,6121.8163,4.4478,18.1321,0.9809,1.4826,2.9776,Selected PATH_A with highest valid ARPS score (1.3947) satisfying all retinal preservation constraints.
aptos_0707,PATH_C,0.8203,False,17.3838,3379.8764,2.9652,7.4388,0.9763,1.4826,1.5881,Selected PATH_C with highest valid ARPS score (0.8203) satisfying all retinal preservation constraints.
aptos_0398,PATH_A,1.4253,False,12.024,1746.0876,2.9652,12.4444,0.962,1.4826,2.3649,Selected PATH_A with highest valid ARPS score (1.4253) satisfying all retinal preservation constraints.
aptos_3143,PATH_A,1.4045,False,17.6801,1898.4565,2.9652,15.9004,0.9809,1.4826,1.5448,Selected PATH_A with highest valid ARPS score (1.4045) satisfying all retinal preservation constraints.
aptos_1989,PATH_A,1.3825,False,24.0512,2848.6872,2.9652,20.7119,0.9573,1.4826,0.2993,Selected PATH_A with highest valid ARPS score (1.3825) satisfying all retinal preservation constraints.
aptos_3206,PATH_C,1.1264,False,15.4019,1528.9304,2.9652,7.1234,0.9732,1.4826,3.9076,Selected PATH_C with highest valid ARPS score (1.1264) satisfying all retinal preservation constraints.
aptos_0310,PATH_B,0.395,False,15.989,588.6811,1.4826,15.1902,0.9172,0.0,-0.5975,Selected PATH_B with highest valid ARPS score (0.3950) satisfying all retinal preservation constraints.
aptos_0685,PATH_A,1.39,False,22.6058,2295.3543,2.9652,20.3503,0.9751,1.4826,1.606,Selected PATH_A with highest valid ARPS score (1.3900) satisfying all retinal preservation constraints.
aptos_3178,PATH_A,1.3871,False,28.4753,2683.9553,2.9652,21.9016,0.9834,1.4826,2.287,Selected PATH_A with highest valid ARPS score (1.3871) satisfying all retinal preservation constraints.
aptos_1069,PATH_A,1.4066,False,15.3216,1757.0164,2.9652,17.366,0.978,1.4826,2.2622,Selected PATH_A with highest valid ARPS score (1.4066) satisfying all retinal preservation constraints.
aptos_0522,PATH_A,1.4135,False,19.3333,2034.0091,2.9652,18.6935,0.9731,1.4826,4.5435,Selected PATH_A with highest valid ARPS score (1.4135) satisfying all retinal preservation constraints.
aptos_0780,PATH_C,0.7813,False,13.8067,573.4996,1.4826,12.155,0.9484,0.0,-0.2791,Selected PATH_C with highest valid ARPS score (0.7813) satisfying all retinal preservation constraints.
aptos_0361,PATH_C,1.1704,False,13.9471,2046.4076,2.9652,7.1683,0.9808,1.4826,1.6135,Selected PATH_C with highest valid ARPS score (1.1704) satisfying all retinal preservation constraints.
aptos_1115,PATH_A,1.404,False,22.8126,1715.5068,2.9652,17.1567,0.9714,1.4826,2.8047,Selected PATH_A with highest valid ARPS score (1.4040) satisfying all retinal preservation constraints.
aptos_3229,PATH_C,0.973,False,13.8682,3353.189,2.9652,7.8782,0.9757,1.4826,-2.2849,Selected PATH_C with highest valid ARPS score (0.9730) satisfying all retinal preservation constraints.
aptos_0750,PATH_C,0.9463,False,16.7776,4109.4914,2.9652,7.7517,0.9751,1.4826,-1.2261,Selected PATH_C with highest valid ARPS score (0.9463) satisfying all retinal preservation constraints.
aptos_2962,PATH_A,1.4962,False,22.5761,2401.9464,1.4826,24.7403,0.9714,0.0,3.7846,Selected PATH_A with highest valid ARPS score (1.4962) satisfying all retinal preservation constraints.
aptos_1829,PATH_A,1.3481,False,30.8082,2581.877,2.9652,30.7069,0.9799,1.4826,-2.7327,Selected PATH_A with highest valid ARPS score (1.3481) satisfying all retinal preservation constraints.
aptos_1974,PATH_A,1.437,False,27.8978,4649.6407,4.4478,23.7578,0.9814,1.4826,-2.3807,Selected PATH_A with highest valid ARPS score (1.4370) satisfying all retinal preservation constraints.
aptos_1136,PATH_A,1.4037,False,18.8804,2526.7064,2.9652,19.4221,0.9786,1.4826,3.2509,Selected PATH_A with highest valid ARPS score (1.4037) satisfying all retinal preservation constraints.
aptos_3269,PATH_A,1.388,False,26.5667,2380.8526,2.9652,19.6757,0.9731,1.4826,0.8029,Selected PATH_A with highest valid ARPS score (1.3880) satisfying all retinal preservation constraints.
aptos_2095,PATH_B,0.6012,False,32.8539,402.3517,0.0,21.8631,0.8653,-1.4826,3.043,Selected PATH_B with highest valid ARPS score (0.6012) satisfying all retinal preservation constraints.
aptos_0046,PATH_C,1.4996,False,17.0497,909.6202,1.4826,6.6858,0.9614,0.0,7.7285,Selected PATH_C with highest valid ARPS score (1.4996) satisfying all retinal preservation constraints.
aptos_0621,PATH_C,1.1411,False,14.6277,1789.6248,2.9652,8.3078,0.9771,1.4826,0.2403,Selected PATH_C with highest valid ARPS score (1.1411) satisfying all retinal preservation constraints.
aptos_1258,PATH_A,1.4248,False,15.7353,1900.2979,2.9652,17.8394,0.9791,1.4826,4.5729,Selected PATH_A with highest valid ARPS score (1.4248) satisfying all retinal preservation constraints.
aptos_1066,PATH_C,1.3472,False,11.4323,1604.5167,2.9652,7.9058,0.9684,1.4826,-3.9321,Selected PATH_C with highest valid ARPS score (1.3472) satisfying all retinal preservation constraints.
aptos_1307,PATH_C,1.284,False,10.9456,1185.749,2.9652,7.9777,0.9778,1.4826,2.9428,Selected PATH_C with highest valid ARPS score (1.2840) satisfying all retinal preservation constraints.
aptos_2256,PATH_A,1.5338,False,22.4237,1868.9841,1.4826,24.4755,0.976,0.0,5.0197,Selected PATH_A with highest valid ARPS score (1.5338) satisfying all retinal preservation constraints.
aptos_1652,PATH_B,0.4652,False,20.2643,691.0494,1.4826,18.6803,0.9129,-1.4826,-1.2472,Selected PATH_B with highest valid ARPS score (0.4652) satisfying all retinal preservation constraints.
aptos_1977,PATH_B,0.4027,False,17.9378,657.6664,1.4826,15.2437,0.9134,0.0,1.0292,Selected PATH_B with highest valid ARPS score (0.4027) satisfying all retinal preservation constraints.
aptos_0143,PATH_A,1.3638,False,26.9613,1903.322,2.9652,30.7602,0.9778,1.4826,2.7556,Selected PATH_A with highest valid ARPS score (1.3638) satisfying all retinal preservation constraints.
aptos_3598,PATH_A,1.4067,False,20.2792,2577.789,2.9652,15.6416,0.9776,1.4826,2.1106,Selected PATH_A with highest valid ARPS score (1.4067) satisfying all retinal preservation constraints.
aptos_2463,PATH_A,1.3708,False,23.3835,2182.5773,2.9652,24.3694,0.9544,1.4826,-0.029,Selected PATH_A with highest valid ARPS score (1.3708) satisfying all retinal preservation constraints.
aptos_2678,PATH_B,0.5068,False,25.0053,794.3397,1.4826,28.012,0.9182,0.0,3.0881,Selected PATH_B with highest valid ARPS score (0.5068) satisfying all retinal preservation constraints.
aptos_2202,PATH_B,0.484,False,21.6026,380.9815,1.4826,22.4662,0.8633,0.0,4.9289,Selected PATH_B with highest valid ARPS score (0.4840) satisfying all retinal preservation constraints.
aptos_3167,PATH_A,1.4381,False,15.0886,2865.4488,2.9652,15.3787,0.9743,1.4826,4.9709,Selected PATH_A with highest valid ARPS score (1.4381) satisfying all retinal preservation constraints.
aptos_3008,PATH_C,1.0119,False,15.1053,3240.0458,2.9652,7.6797,0.9712,1.4826,-2.3727,Selected PATH_C with highest valid ARPS score (1.0119) satisfying all retinal preservation constraints.
aptos_3381,PATH_B,0.3959,False,18.3164,607.9805,1.4826,15.8055,0.9105,0.0,-0.516,Selected PATH_B with highest valid ARPS score (0.3959) satisfying all retinal preservation constraints.
aptos_2536,PATH_C,0.8287,False,14.5853,2708.2623,2.9652,6.9542,0.9693,1.4826,1.8766,Selected PATH_C with highest valid ARPS score (0.8287) satisfying all retinal preservation constraints.
aptos_1702,PATH_B,0.4037,False,17.8892,681.2845,1.4826,15.5877,0.915,0.0,-0.4494,Selected PATH_B with highest valid ARPS score (0.4037) satisfying all retinal preservation constraints.
aptos_2610,PATH_A,1.4255,False,20.0179,2042.3884,2.9652,15.9304,0.9716,1.4826,5.2863,Selected PATH_A with highest valid ARPS score (1.4255) satisfying all retinal preservation constraints.
aptos_2637,PATH_A,1.4126,False,18.0302,2255.9799,2.9652,19.9126,0.9619,1.4826,4.6451,Selected PATH_A with highest valid ARPS score (1.4126) satisfying all retinal preservation constraints.
aptos_2756,PATH_A,1.4212,False,16.7765,1617.6694,2.9652,14.815,0.9761,1.4826,3.512,Selected PATH_A with highest valid ARPS score (1.4212) satisfying all retinal preservation constraints.
aptos_0745,PATH_A,1.3951,False,20.8414,3182.9214,2.9652,22.6372,0.9829,1.4826,3.6275,Selected PATH_A with highest valid ARPS score (1.3951) satisfying all retinal preservation constraints.
aptos_1590,PATH_C,1.4215,False,14.7914,1180.6644,2.9652,7.5812,0.9673,1.4826,0.4032,Selected PATH_C with highest valid ARPS score (1.4215) satisfying all retinal preservation constraints.
aptos_1144,PATH_A,1.2562,False,17.4243,785.8439,1.4826,21.0554,0.9484,1.4826,2.5866,Selected PATH_A with highest valid ARPS score (1.2562) satisfying all retinal preservation constraints.
aptos_0566,PATH_A,0.9283,False,20.0119,4290.4238,2.9652,15.2547,0.9671,1.4826,0.7936,Selected PATH_A with highest valid ARPS score (0.9283) satisfying all retinal preservation constraints.
aptos_1879,PATH_A,1.3619,False,27.8183,3372.5408,2.9652,29.8363,0.9687,1.4826,1.7179,Selected PATH_A with highest valid ARPS score (1.3619) satisfying all retinal preservation constraints.
aptos_1155,PATH_A,1.3998,False,20.3444,2089.2685,2.9652,21.4809,0.9817,1.4826,3.7875,Selected PATH_A with highest valid ARPS score (1.3998) satisfying all retinal preservation constraints.
aptos_0125,PATH_A,0.9731,False,36.5524,2588.0679,2.9652,28.0839,0.9766,1.4826,-1.1399,Selected PATH_A with highest valid ARPS score (0.9731) satisfying all retinal preservation constraints.
aptos_3577,PATH_A,1.3974,False,19.8398,2072.1119,2.9652,19.3474,0.974,1.4826,2.3225,Selected PATH_A with highest valid ARPS score (1.3974) satisfying all retinal preservation constraints.
aptos_1460,PATH_B,0.5468,False,17.5809,370.9071,1.4826,24.9099,0.8799,0.0,5.4954,Selected PATH_B with highest valid ARPS score (0.5468) satisfying all retinal preservation constraints.
aptos_2849,PATH_A,1.3774,False,26.6009,4237.2232,2.9652,26.3636,0.9789,1.4826,2.9813,Selected PATH_A with highest valid ARPS score (1.3774) satisfying all retinal preservation constraints.
aptos_1044,PATH_A,1.5165,False,23.9793,1151.0083,1.4826,22.3046,0.9746,0.0,0.1241,Selected PATH_A with highest valid ARPS score (1.5165) satisfying all retinal preservation constraints.
aptos_0880,PATH_A,1.2111,False,18.0992,3965.8748,2.9652,14.851,0.9782,1.4826,2.6616,Selected PATH_A with highest valid ARPS score (1.2111) satisfying all retinal preservation constraints.
aptos_0193,PATH_B,0.3827,False,17.4584,631.1691,1.4826,14.1001,0.905,0.0,0.4907,Selected PATH_B with highest valid ARPS score (0.3827) satisfying all retinal preservation constraints.
aptos_3237,PATH_A,1.5505,False,11.2828,688.4948,1.4826,22.4784,0.9694,0.0,3.3835,Selected PATH_A with highest valid ARPS score (1.5505) satisfying all retinal preservation constraints.
aptos_3580,PATH_C,0.9387,False,14.1828,2838.1523,2.9652,7.9718,0.9769,1.4826,1.7215,Selected PATH_C with highest valid ARPS score (0.9387) satisfying all retinal preservation constraints.
aptos_0413,PATH_B,0.4498,False,24.2601,942.0871,1.4826,22.4095,0.9097,0.0,-2.1606,Selected PATH_B with highest valid ARPS score (0.4498) satisfying all retinal preservation constraints.
aptos_3305,PATH_A,1.1659,False,35.1472,3963.1978,2.9652,31.9248,0.9674,1.4826,-0.4573,Selected PATH_A with highest valid ARPS score (1.1659) satisfying all retinal preservation constraints.
aptos_1784,PATH_A,1.4584,False,15.7398,2638.4824,2.9652,12.6186,0.9744,1.4826,6.1605,Selected PATH_A with highest valid ARPS score (1.4584) satisfying all retinal preservation constraints.
aptos_2779,PATH_A,0.8563,False,32.3922,5870.4524,2.9652,22.0217,0.9687,1.4826,-0.2516,Selected PATH_A with highest valid ARPS score (0.8563) satisfying all retinal preservation constraints.
aptos_0846,PATH_A,1.4397,False,17.4581,2405.2798,2.9652,14.0944,0.9737,1.4826,5.5591,Selected PATH_A with highest valid ARPS score (1.4397) satisfying all retinal preservation constraints.
aptos_2290,PATH_A,1.4461,False,15.0582,2766.1861,2.9652,12.3648,0.9838,1.4826,4.8631,Selected PATH_A with highest valid ARPS score (1.4461) satisfying all retinal preservation constraints.
aptos_1809,PATH_A,1.3995,False,17.4588,1804.3046,2.9652,19.7324,0.9813,1.4826,2.4831,Selected PATH_A with highest valid ARPS score (1.3995) satisfying all retinal preservation constraints.
aptos_2272,PATH_A,1.4505,False,14.2861,1876.2386,2.9652,12.8116,0.971,1.4826,5.1112,Selected PATH_A with highest valid ARPS score (1.4505) satisfying all retinal preservation constraints.
aptos_0735,PATH_B,0.4831,False,22.5914,613.2486,1.4826,19.8591,0.8833,0.0,0.9468,Selected PATH_B with highest valid ARPS score (0.4831) satisfying all retinal preservation constraints.
aptos_2539,PATH_A,1.3803,False,20.9185,3171.2969,2.9652,21.5298,0.9819,1.4826,-0.1302,Selected PATH_A with highest valid ARPS score (1.3803) satisfying all retinal preservation constraints.
aptos_2646,PATH_C,1.5022,False,17.4239,1010.9056,1.4826,6.4987,0.9737,0.0,4.1649,Selected PATH_C with highest valid ARPS score (1.5022) satisfying all retinal preservation constraints.
aptos_0338,PATH_A,1.381,False,26.8846,1171.5116,2.9652,26.9583,0.9714,1.4826,4.4304,Selected PATH_A with highest valid ARPS score (1.3810) satisfying all retinal preservation constraints.
aptos_0953,PATH_A,1.4216,False,22.2997,3821.5802,2.9652,18.22,0.987,1.4826,6.1172,Selected PATH_A with highest valid ARPS score (1.4216) satisfying all retinal preservation constraints.
aptos_1385,PATH_C,1.0467,False,14.7257,3016.5838,2.9652,8.1384,0.98,1.4826,1.2152,Selected PATH_C with highest valid ARPS score (1.0467) satisfying all retinal preservation constraints.
aptos_0013,PATH_A,1.4253,False,27.2506,4524.9283,2.9652,16.3873,0.9754,1.4826,7.348,Selected PATH_A with highest valid ARPS score (1.4253) satisfying all retinal preservation constraints.
aptos_0902,PATH_A,1.3905,False,21.048,2379.8334,2.9652,21.8414,0.9841,1.4826,2.3578,Selected PATH_A with highest valid ARPS score (1.3905) satisfying all retinal preservation constraints.
aptos_1910,PATH_A,1.4207,False,23.5917,3769.8281,2.9652,18.9809,0.9622,1.4826,6.9053,Selected PATH_A with highest valid ARPS score (1.4207) satisfying all retinal preservation constraints.
aptos_1396,PATH_A,1.383,False,23.2399,2520.0545,2.9652,28.8964,0.974,1.4826,5.1724,Selected PATH_A with highest valid ARPS score (1.3830) satisfying all retinal preservation constraints.
aptos_1613,PATH_A,1.4001,False,23.5911,3814.2182,2.9652,18.6608,0.9769,1.4826,2.8967,Selected PATH_A with highest valid ARPS score (1.4001) satisfying all retinal preservation constraints.
aptos_0223,PATH_C,1.3938,False,12.3652,1758.5362,2.9652,9.8117,0.9668,1.4826,-3.7331,Selected PATH_C with highest valid ARPS score (1.3938) satisfying all retinal preservation constraints.
aptos_0166,PATH_A,1.3888,False,18.6144,1463.0437,2.9652,23.3529,0.969,1.4826,2.7102,Selected PATH_A with highest valid ARPS score (1.3888) satisfying all retinal preservation constraints.
aptos_1224,PATH_C,0.811,False,16.0608,540.6122,1.4826,11.3352,0.9402,0.0,3.5608,Selected PATH_C with highest valid ARPS score (0.8110) satisfying all retinal preservation constraints.
aptos_0942,PATH_A,1.3859,False,24.6547,3766.4704,2.9652,21.6055,0.9811,1.4826,1.4978,Selected PATH_A with highest valid ARPS score (1.3859) satisfying all retinal preservation constraints.
aptos_0281,PATH_B,0.3954,False,17.623,682.6559,1.4826,15.6442,0.9138,0.0,0.081,Selected PATH_B with highest valid ARPS score (0.3954) satisfying all retinal preservation constraints.
aptos_2187,PATH_C,1.637,False,13.6155,521.733,1.4826,8.1337,0.9536,0.0,7.0808,Selected PATH_C with highest valid ARPS score (1.6370) satisfying all retinal preservation constraints.
aptos_0319,PATH_A,1.3812,False,26.7449,3624.6385,2.9652,25.6762,0.9724,1.4826,3.7021,Selected PATH_A with highest valid ARPS score (1.3812) satisfying all retinal preservation constraints.
aptos_0620,PATH_A,1.4267,False,20.2066,3030.4903,2.9652,15.2774,0.977,1.4826,5.2004,Selected PATH_A with highest valid ARPS score (1.4267) satisfying all retinal preservation constraints.
aptos_3402,PATH_A,1.2213,False,15.0559,3599.0501,2.9652,12.141,0.9773,1.4826,3.3922,Selected PATH_A with highest valid ARPS score (1.2213) satisfying all retinal preservation constraints.
aptos_2757,PATH_C,0.942,False,16.4083,3656.9312,2.9652,7.2955,0.9749,1.4826,-2.8087,Selected PATH_C with highest valid ARPS score (0.9420) satisfying all retinal preservation constraints.
aptos_3280,PATH_C,0.9731,False,14.9698,3225.298,2.9652,7.9127,0.9763,1.4826,-0.2725,Selected PATH_C with highest valid ARPS score (0.9731) satisfying all retinal preservation constraints.
aptos_0783,PATH_A,1.4334,False,22.3663,3773.4022,2.9652,14.4394,0.9823,1.4826,6.3377,Selected PATH_A with highest valid ARPS score (1.4334) satisfying all retinal preservation constraints.
aptos_1187,PATH_A,1.4026,False,24.7454,1483.5662,1.4826,26.8323,0.9742,0.0,1.9486,Selected PATH_A with highest valid ARPS score (1.4026) satisfying all retinal preservation constraints.
aptos_2061,PATH_A,1.5317,False,20.2038,1548.8234,1.4826,23.7901,0.9634,0.0,4.0422,Selected PATH_A with highest valid ARPS score (1.5317) satisfying all retinal preservation constraints.
aptos_2505,PATH_A,1.4033,False,20.5996,3457.2179,2.9652,17.4243,0.9721,1.4826,2.5414,Selected PATH_A with highest valid ARPS score (1.4033) satisfying all retinal preservation constraints.
aptos_0539,PATH_A,1.414,False,18.7099,2747.57,2.9652,18.6773,0.9784,1.4826,4.4062,Selected PATH_A with highest valid ARPS score (1.4140) satisfying all retinal preservation constraints.
aptos_3228,PATH_C,1.3402,False,16.2194,1285.3879,2.9652,7.1859,0.967,1.4826,6.0848,Selected PATH_C with highest valid ARPS score (1.3402) satisfying all retinal preservation constraints.
aptos_1605,PATH_A,1.3389,False,30.0703,1403.7548,2.9652,39.2617,0.9672,1.4826,2.9996,Selected PATH_A with highest valid ARPS score (1.3389) satisfying all retinal preservation constraints.
aptos_0630,PATH_B,0.405,False,16.5436,699.0492,1.4826,13.2647,0.9078,0.0,2.0251,Selected PATH_B with highest valid ARPS score (0.4050) satisfying all retinal preservation constraints.
aptos_0911,PATH_A,1.4649,False,18.0499,5099.76,4.4478,14.9013,0.9753,1.4826,4.0105,Selected PATH_A with highest valid ARPS score (1.4649) satisfying all retinal preservation constraints.
aptos_1072,PATH_C,0.6693,False,12.5529,625.0984,1.4826,12.0342,0.95,0.0,-2.5357,Selected PATH_C with highest valid ARPS score (0.6693) satisfying all retinal preservation constraints.
aptos_3319,PATH_A,1.4008,False,19.5779,2053.4805,2.9652,22.0946,0.9771,1.4826,4.1131,Selected PATH_A with highest valid ARPS score (1.4008) satisfying all retinal preservation constraints.
aptos_0627,PATH_A,1.4065,False,15.9801,2081.6747,2.9652,17.0292,0.9798,1.4826,2.1945,Selected PATH_A with highest valid ARPS score (1.4065) satisfying all retinal preservation constraints.
aptos_0491,PATH_C,1.4288,False,13.0916,1408.8963,2.9652,7.5785,0.9692,1.4826,1.3542,Selected PATH_C with highest valid ARPS score (1.4288) satisfying all retinal preservation constraints.
aptos_1092,PATH_A,1.4091,False,14.4349,1725.9304,2.9652,16.3427,0.9791,1.4826,2.0801,Selected PATH_A with highest valid ARPS score (1.4091) satisfying all retinal preservation constraints.
aptos_2878,PATH_A,1.1811,False,34.6902,1221.5795,1.4826,44.1298,0.9712,1.4826,2.2522,Selected PATH_A with highest valid ARPS score (1.1811) satisfying all retinal preservation constraints.
aptos_1111,PATH_A,1.4311,False,18.6958,2814.0801,2.9652,19.6504,0.9728,1.4826,6.6683,Selected PATH_A with highest valid ARPS score (1.4311) satisfying all retinal preservation constraints.
aptos_0252,PATH_C,1.4346,False,12.6966,1344.7766,2.9652,7.6595,0.9733,1.4826,1.9797,Selected PATH_C with highest valid ARPS score (1.4346) satisfying all retinal preservation constraints.
aptos_1338,PATH_C,0.6303,False,17.5661,806.4102,1.4826,13.4575,0.967,0.0,0.16,Selected PATH_C with highest valid ARPS score (0.6303) satisfying all retinal preservation constraints.
aptos_1252,PATH_A,1.4118,False,18.2931,2506.7644,2.9652,18.0453,0.9298,1.4826,4.2318,Selected PATH_A with highest valid ARPS score (1.4118) satisfying all retinal preservation constraints.
aptos_1907,PATH_A,1.3729,False,23.0726,2914.971,2.9652,15.1003,0.968,1.4826,3.7503,Selected PATH_A with highest valid ARPS score (1.3729) satisfying all retinal preservation constraints.
aptos_0168,PATH_C,1.4302,False,13.5147,671.2676,1.4826,7.8454,0.952,0.0,0.736,Selected PATH_C with highest valid ARPS score (1.4302) satisfying all retinal preservation constraints.
aptos_3066,PATH_C,1.4346,False,12.6966,1344.7766,2.9652,7.6595,0.9733,1.4826,1.9797,Selected PATH_C with highest valid ARPS score (1.4346) satisfying all retinal preservation constraints.
aptos_3249,PATH_A,1.4457,False,14.9581,2474.8115,2.9652,15.6102,0.9779,1.4826,5.5395,Selected PATH_A with highest valid ARPS score (1.4457) satisfying all retinal preservation constraints.
aptos_0867,PATH_A,1.4277,False,18.3594,1842.9336,2.9652,14.4379,0.9718,1.4826,4.6072,Selected PATH_A with highest valid ARPS score (1.4277) satisfying all retinal preservation constraints.
aptos_1796,PATH_C,0.9007,False,14.6194,2893.4235,2.9652,7.6268,0.9711,1.4826,0.0458,Selected PATH_C with highest valid ARPS score (0.9007) satisfying all retinal preservation constraints.
aptos_2498,PATH_A,1.4241,False,21.163,2336.1889,2.9652,13.1529,0.9811,1.4826,4.0867,Selected PATH_A with highest valid ARPS score (1.4241) satisfying all retinal preservation constraints.
aptos_2937,PATH_A,1.4363,False,16.2489,2226.5554,2.9652,15.5407,0.9694,1.4826,5.2667,Selected PATH_A with highest valid ARPS score (1.4363) satisfying all retinal preservation constraints.
aptos_2373,PATH_A,1.4152,False,23.4953,3202.1016,2.9652,18.1857,0.9821,1.4826,5.4533,Selected PATH_A with highest valid ARPS score (1.4152) satisfying all retinal preservation constraints.
aptos_1581,PATH_A,1.4335,False,16.284,1602.9253,2.9652,12.7302,0.9773,1.4826,4.1458,Selected PATH_A with highest valid ARPS score (1.4335) satisfying all retinal preservation constraints.
aptos_3548,PATH_B,0.3985,False,17.1216,603.7882,1.4826,15.3719,0.9015,0.0,1.6303,Selected PATH_B with highest valid ARPS score (0.3985) satisfying all retinal preservation constraints.
aptos_0151,PATH_A,1.4346,False,15.4856,2873.9489,2.9652,12.2597,0.9802,1.4826,3.905,Selected PATH_A with highest valid ARPS score (1.4346) satisfying all retinal preservation constraints.
aptos_2805,PATH_B,0.5476,False,22.1232,646.6258,1.4826,18.3372,0.9113,0.0,0.8015,Selected PATH_B with highest valid ARPS score (0.5476) satisfying all retinal preservation constraints.
aptos_0066,PATH_A,1.3994,False,23.2322,4022.3982,2.9652,21.0889,0.982,1.4826,4.0483,Selected PATH_A with highest valid ARPS score (1.3994) satisfying all retinal preservation constraints.
aptos_1113,PATH_C,1.2356,False,15.0206,2184.4673,2.9652,7.3828,0.9786,1.4826,2.2963,Selected PATH_C with highest valid ARPS score (1.2356) satisfying all retinal preservation constraints.
aptos_0170,PATH_A,1.4981,False,23.2589,1069.1541,1.4826,31.5246,0.9773,0.0,2.0155,Selected PATH_A with highest valid ARPS score (1.4981) satisfying all retinal preservation constraints.
aptos_1893,PATH_A,1.3973,False,20.0535,2212.7259,2.9652,17.9802,0.9744,1.4826,1.5667,Selected PATH_A with highest valid ARPS score (1.3973) satisfying all retinal preservation constraints.
aptos_3386,PATH_C,1.4647,False,17.1218,899.7563,2.9652,7.4836,0.9636,1.4826,6.092,Selected PATH_C with highest valid ARPS score (1.4647) satisfying all retinal preservation constraints.
aptos_0974,PATH_B,0.401,False,18.5629,605.7467,1.4826,17.0364,0.9139,0.0,-0.4611,Selected PATH_B with highest valid ARPS score (0.4010) satisfying all retinal preservation constraints.
aptos_3515,PATH_B,0.399,False,17.7792,672.9202,1.4826,14.7568,0.9082,0.0,0.7955,Selected PATH_B with highest valid ARPS score (0.3990) satisfying all retinal preservation constraints.
aptos_2920,PATH_A,1.3754,False,24.1762,3430.6185,2.9652,24.6424,0.9741,1.4826,1.1045,Selected PATH_A with highest valid ARPS score (1.3754) satisfying all retinal preservation constraints.
aptos_2464,PATH_A,0.9692,False,24.5073,3210.4015,2.9652,15.7632,0.9608,1.4826,1.4931,Selected PATH_A with highest valid ARPS score (0.9692) satisfying all retinal preservation constraints.
aptos_1558,PATH_A,1.4038,False,19.7775,1622.3098,2.9652,25.3054,0.9817,1.4826,5.7452,Selected PATH_A with highest valid ARPS score (1.4038) satisfying all retinal preservation constraints.
aptos_0688,PATH_A,1.4238,False,20.5058,997.7882,1.4826,29.6933,0.9416,0.0,2.9186,Selected PATH_A with highest valid ARPS score (1.4238) satisfying all retinal preservation constraints.
aptos_0839,PATH_A,1.2429,False,14.8899,3585.0987,2.9652,12.6641,0.9725,1.4826,2.3399,Selected PATH_A with highest valid ARPS score (1.2429) satisfying all retinal preservation constraints.
aptos_1844,PATH_C,0.9239,False,16.3653,3363.1789,2.9652,7.6202,0.9755,1.4826,0.4218,Selected PATH_C with highest valid ARPS score (0.9239) satisfying all retinal preservation constraints.
aptos_2428,PATH_A,1.4475,False,16.3656,4124.4393,2.9652,11.8057,0.9832,1.4826,5.2697,Selected PATH_A with highest valid ARPS score (1.4475) satisfying all retinal preservation constraints.
aptos_2830,PATH_C,1.4321,False,18.4471,2076.2779,2.9652,7.2587,0.9786,1.4826,3.1601,Selected PATH_C with highest valid ARPS score (1.4321) satisfying all retinal preservation constraints.
aptos_0204,PATH_A,1.4005,False,20.9759,3179.6696,2.9652,20.5134,0.9801,1.4826,3.5758,Selected PATH_A with highest valid ARPS score (1.4005) satisfying all retinal preservation constraints.
aptos_3478,PATH_B,0.4085,False,20.8575,662.7044,1.4826,17.966,0.914,0.0,0.4567,Selected PATH_B with highest valid ARPS score (0.4085) satisfying all retinal preservation constraints.
aptos_2850,PATH_A,1.4083,False,19.1019,2486.8243,2.9652,20.2674,0.9726,1.4826,4.3892,Selected PATH_A with highest valid ARPS score (1.4083) satisfying all retinal preservation constraints.
aptos_0906,PATH_A,1.4298,False,23.4524,3464.533,2.9652,18.5599,0.9697,1.4826,7.8546,Selected PATH_A with highest valid ARPS score (1.4298) satisfying all retinal preservation constraints.
aptos_0488,PATH_C,1.4472,False,16.1483,1313.4996,2.9652,7.0581,0.9762,1.4826,4.7768,Selected PATH_C with highest valid ARPS score (1.4472) satisfying all retinal preservation constraints.
aptos_3053,PATH_A,1.3655,False,27.4746,5134.4146,2.9652,25.9431,0.9822,1.4826,1.9145,Selected PATH_A with highest valid ARPS score (1.3655) satisfying all retinal preservation constraints.
aptos_2857,PATH_A,1.4711,False,23.8879,5952.4576,4.4478,18.4945,0.9822,1.4826,3.191,Selected PATH_A with highest valid ARPS score (1.4711) satisfying all retinal preservation constraints.
aptos_2533,PATH_A,1.3953,False,23.2081,3290.1613,2.9652,22.9302,0.9742,1.4826,4.3517,Selected PATH_A with highest valid ARPS score (1.3953) satisfying all retinal preservation constraints.
aptos_1150,PATH_B,0.522,False,24.1352,829.9513,1.4826,21.3899,0.9324,0.0,-3.8351,Selected PATH_B with highest valid ARPS score (0.5220) satisfying all retinal preservation constraints.
aptos_0042,PATH_A,1.4875,False,24.1633,1653.4924,1.4826,38.4714,0.9549,0.0,4.4156,Selected PATH_A with highest valid ARPS score (1.4875) satisfying all retinal preservation constraints.
aptos_3641,PATH_C,1.0568,False,15.8515,3790.355,2.9652,7.3182,0.976,1.4826,-1.9539,Selected PATH_C with highest valid ARPS score (1.0568) satisfying all retinal preservation constraints.
aptos_0963,PATH_A,1.4216,False,18.0188,2228.519,2.9652,13.996,0.9821,1.4826,3.4562,Selected PATH_A with highest valid ARPS score (1.4216) satisfying all retinal preservation constraints.
aptos_1925,PATH_A,1.4123,False,17.3394,2136.8956,2.9652,22.8584,0.9851,1.4826,5.175,Selected PATH_A with highest valid ARPS score (1.4123) satisfying all retinal preservation constraints.
aptos_3496,PATH_C,1.0467,False,15.0461,3201.4405,2.9652,9.2997,0.9734,1.4826,-3.9023,Selected PATH_C with highest valid ARPS score (1.0467) satisfying all retinal preservation constraints.
aptos_0293,PATH_A,1.3904,False,24.2844,6737.5104,4.4478,19.1681,0.9814,1.4826,1.4986,Selected PATH_A with highest valid ARPS score (1.3904) satisfying all retinal preservation constraints.
aptos_0022,PATH_C,1.4272,False,15.6916,1474.8947,2.9652,7.2747,0.9703,1.4826,1.217,Selected PATH_C with highest valid ARPS score (1.4272) satisfying all retinal preservation constraints.
aptos_1483,PATH_A,1.4363,False,17.8816,2386.8445,2.9652,14.411,0.9754,1.4826,5.4217,Selected PATH_A with highest valid ARPS score (1.4363) satisfying all retinal preservation constraints.
aptos_0073,PATH_A,1.3895,False,21.4796,3261.0127,2.9652,24.3146,0.9823,1.4826,3.5976,Selected PATH_A with highest valid ARPS score (1.3895) satisfying all retinal preservation constraints.
aptos_3179,PATH_A,1.4265,False,17.3815,1804.8052,2.9652,12.3996,0.9734,1.4826,3.468,Selected PATH_A with highest valid ARPS score (1.4265) satisfying all retinal preservation constraints.
aptos_2722,PATH_A,1.4033,False,21.9504,4404.0681,2.9652,20.2988,0.9792,1.4826,4.156,Selected PATH_A with highest valid ARPS score (1.4033) satisfying all retinal preservation constraints.
aptos_1370,PATH_C,1.2395,False,14.9198,1593.6788,2.9652,8.9492,0.9721,1.4826,2.5236,Selected PATH_C with highest valid ARPS score (1.2395) satisfying all retinal preservation constraints.
aptos_1547,PATH_A,1.4001,False,20.2283,1444.0803,2.9652,23.8395,0.9623,1.4826,5.0155,Selected PATH_A with highest valid ARPS score (1.4001) satisfying all retinal preservation constraints.
aptos_1030,PATH_A,1.578,False,13.9367,996.8616,1.4826,16.076,0.9731,0.0,4.8801,Selected PATH_A with highest valid ARPS score (1.5780) satisfying all retinal preservation constraints.
aptos_2599,PATH_A,1.4258,False,20.7738,2569.3716,2.9652,17.4242,0.9718,1.4826,6.0795,Selected PATH_A with highest valid ARPS score (1.4258) satisfying all retinal preservation constraints.
aptos_3401,PATH_C,0.9907,False,14.1843,3059.8657,2.9652,7.7007,0.9734,1.4826,-1.7586,Selected PATH_C with highest valid ARPS score (0.9907) satisfying all retinal preservation constraints.
aptos_0111,PATH_A,1.4508,False,17.9393,2430.9495,2.9652,14.1989,0.9776,1.4826,6.746,Selected PATH_A with highest valid ARPS score (1.4508) satisfying all retinal preservation constraints.
aptos_2427,PATH_A,1.4276,False,19.6051,2985.8235,2.9652,15.1196,0.9781,1.4826,5.0938,Selected PATH_A with highest valid ARPS score (1.4276) satisfying all retinal preservation constraints.
aptos_2142,PATH_B,0.4801,False,21.5174,1214.8443,1.4826,20.1933,0.9286,0.0,-0.9289,Selected PATH_B with highest valid ARPS score (0.4801) satisfying all retinal preservation constraints.
aptos_2705,PATH_A,1.3846,False,22.3296,3367.3729,2.9652,25.3592,0.9776,1.4826,3.428,Selected PATH_A with highest valid ARPS score (1.3846) satisfying all retinal preservation constraints.
aptos_0966,PATH_A,1.4143,False,17.3262,1490.5175,2.9652,20.1891,0.9655,1.4826,4.7235,Selected PATH_A with highest valid ARPS score (1.4143) satisfying all retinal preservation constraints.
aptos_3327,PATH_B,0.3862,False,17.007,614.6836,1.4826,15.0848,0.9071,0.0,-0.4642,Selected PATH_B with highest valid ARPS score (0.3862) satisfying all retinal preservation constraints.
aptos_2564,PATH_A,1.4045,False,17.6801,1898.4565,2.9652,15.9004,0.9809,1.4826,1.5448,Selected PATH_A with highest valid ARPS score (1.4045) satisfying all retinal preservation constraints.
aptos_3198,PATH_A,1.4015,False,20.6501,1816.5036,2.9652,22.4598,0.9677,1.4826,4.701,Selected PATH_A with highest valid ARPS score (1.4015) satisfying all retinal preservation constraints.
aptos_3037,PATH_C,1.0129,False,14.6833,1785.5802,2.9652,8.1142,0.9712,1.4826,1.1526,Selected PATH_C with highest valid ARPS score (1.0129) satisfying all retinal preservation constraints.
aptos_1410,PATH_C,0.8878,False,15.8217,3069.9129,2.9652,6.9184,0.9688,1.4826,1.5216,Selected PATH_C with highest valid ARPS score (0.8878) satisfying all retinal preservation constraints.
aptos_2727,PATH_C,1.3735,False,18.9964,2421.4761,2.9652,7.6694,0.9805,1.4826,2.3211,Selected PATH_C with highest valid ARPS score (1.3735) satisfying all retinal preservation constraints.
aptos_1495,PATH_B,0.4019,False,18.2886,719.3201,1.4826,15.4725,0.9201,0.0,-0.224,Selected PATH_B with highest valid ARPS score (0.4019) satisfying all retinal preservation constraints.
aptos_0530,PATH_C,1.4108,False,12.8105,2235.1113,2.9652,8.1704,0.9702,1.4826,-1.1794,Selected PATH_C with highest valid ARPS score (1.4108) satisfying all retinal preservation constraints.
aptos_1120,PATH_A,1.4307,False,18.6625,4481.1023,2.9652,13.2173,0.9849,1.4826,4.504,Selected PATH_A with highest valid ARPS score (1.4307) satisfying all retinal preservation constraints.
aptos_3551,PATH_B,0.3962,False,16.0513,510.7125,1.4826,14.7734,0.8943,0.0,0.6245,Selected PATH_B with highest valid ARPS score (0.3962) satisfying all retinal preservation constraints.
aptos_2720,PATH_B,0.4049,False,16.5544,616.7343,1.4826,14.9367,0.9176,0.0,-0.1326,Selected PATH_B with highest valid ARPS score (0.4049) satisfying all retinal preservation constraints.
aptos_2109,PATH_B,0.3712,False,20.1403,592.1624,1.4826,16.4235,0.8576,0.0,-1.6714,Selected PATH_B with highest valid ARPS score (0.3712) satisfying all retinal preservation constraints.
aptos_0147,PATH_A,1.055,False,35.659,2617.4313,2.9652,35.0735,0.9706,1.4826,1.5459,Selected PATH_A with highest valid ARPS score (1.0550) satisfying all retinal preservation constraints.
aptos_1864,PATH_B,0.3756,False,17.6815,530.2239,1.4826,15.713,0.901,0.0,-1.1575,Selected PATH_B with highest valid ARPS score (0.3756) satisfying all retinal preservation constraints.
aptos_1675,PATH_A,1.4139,False,23.1395,2552.9929,2.9652,18.1778,0.9777,1.4826,5.2103,Selected PATH_A with highest valid ARPS score (1.4139) satisfying all retinal preservation constraints.
aptos_1440,PATH_C,0.9381,False,15.3586,2911.539,2.9652,8.0945,0.9731,1.4826,2.1355,Selected PATH_C with highest valid ARPS score (0.9381) satisfying all retinal preservation constraints.
aptos_1528,PATH_B,0.4883,False,27.2496,1051.8134,1.4826,24.712,0.9244,0.0,0.4385,Selected PATH_B with highest valid ARPS score (0.4883) satisfying all retinal preservation constraints.
aptos_2777,PATH_C,1.4653,False,15.6614,919.8813,1.4826,6.2039,0.9682,0.0,6.7137,Selected PATH_C with highest valid ARPS score (1.4653) satisfying all retinal preservation constraints.
aptos_1665,PATH_B,0.3813,False,21.2865,703.6486,1.4826,16.3775,0.9152,0.0,-0.924,Selected PATH_B with highest valid ARPS score (0.3813) satisfying all retinal preservation constraints.
aptos_2022,PATH_A,0.9036,False,36.5073,2229.04,1.4826,31.7328,0.9421,0.0,-0.4081,Selected PATH_A with highest valid ARPS score (0.9036) satisfying all retinal preservation constraints.
aptos_3181,PATH_A,1.2995,False,23.4735,7287.4856,4.4478,17.1072,0.9822,1.4826,1.1365,Selected PATH_A with highest valid ARPS score (1.2995) satisfying all retinal preservation constraints.
aptos_0141,PATH_A,1.375,False,30.2064,4610.2909,2.9652,25.8085,0.9842,1.4826,2.1001,Selected PATH_A with highest valid ARPS score (1.3750) satisfying all retinal preservation constraints.
aptos_2087,PATH_A,1.3807,False,24.1605,1984.3404,2.9652,20.7423,0.9787,1.4826,-0.6286,Selected PATH_A with highest valid ARPS score (1.3807) satisfying all retinal preservation constraints.
aptos_0683,PATH_A,1.4402,False,16.0453,2782.8684,2.9652,12.8028,0.9814,1.4826,4.7669,Selected PATH_A with highest valid ARPS score (1.4402) satisfying all retinal preservation constraints.
aptos_0772,PATH_A,1.4298,False,13.851,1497.6104,2.9652,12.8674,0.9785,1.4826,3.2032,Selected PATH_A with highest valid ARPS score (1.4298) satisfying all retinal preservation constraints.
aptos_0574,PATH_A,1.2312,False,18.7263,689.4959,1.4826,34.2808,0.9577,1.4826,4.4984,Selected PATH_A with highest valid ARPS score (1.2312) satisfying all retinal preservation constraints.
aptos_0034,PATH_A,1.5478,False,22.1957,1133.9579,1.4826,17.5524,0.9673,0.0,4.1294,Selected PATH_A with highest valid ARPS score (1.5478) satisfying all retinal preservation constraints.
aptos_0035,PATH_A,1.4397,False,12.3022,1151.8592,2.9652,18.5481,0.9485,1.4826,4.8061,Selected PATH_A with highest valid ARPS score (1.4397) satisfying all retinal preservation constraints.
aptos_1682,PATH_C,1.4352,False,16.0955,804.2489,2.9652,7.2485,0.9605,1.4826,2.5493,Selected PATH_C with highest valid ARPS score (1.4352) satisfying all retinal preservation constraints.
aptos_1688,PATH_A,1.4341,False,15.6925,3665.4852,2.9652,13.438,0.9805,1.4826,4.2499,Selected PATH_A with highest valid ARPS score (1.4341) satisfying all retinal preservation constraints.
aptos_1142,PATH_B,0.7082,False,17.7951,333.2338,0.0,18.5172,0.8889,-1.4826,4.5069,Selected PATH_B with highest valid ARPS score (0.7082) satisfying all retinal preservation constraints.
aptos_3043,PATH_B,0.4119,False,17.8604,873.7641,1.4826,14.2186,0.9195,0.0,0.9157,Selected PATH_B with highest valid ARPS score (0.4119) satisfying all retinal preservation constraints.
aptos_0831,PATH_B,0.3871,False,16.2193,574.6331,1.4826,13.7668,0.909,0.0,0.6243,Selected PATH_B with highest valid ARPS score (0.3871) satisfying all retinal preservation constraints.
aptos_2312,PATH_A,1.2188,False,14.3984,3373.4934,2.9652,12.499,0.9688,1.4826,2.3838,Selected PATH_A with highest valid ARPS score (1.2188) satisfying all retinal preservation constraints.
aptos_1014,PATH_C,0.9637,False,16.2131,3382.0289,2.9652,7.9205,0.9677,1.4826,-2.8176,Selected PATH_C with highest valid ARPS score (0.9637) satisfying all retinal preservation constraints.
aptos_2751,PATH_A,1.4117,False,18.978,1413.1267,2.9652,15.5977,0.9618,1.4826,3.0127,Selected PATH_A with highest valid ARPS score (1.4117) satisfying all retinal preservation constraints.
aptos_2104,PATH_C,1.3274,False,17.3429,2261.8721,2.9652,7.7424,0.9722,1.4826,3.4765,Selected PATH_C with highest valid ARPS score (1.3274) satisfying all retinal preservation constraints.
aptos_2726,PATH_A,1.4018,False,23.834,2084.0081,2.9652,18.1,0.9789,1.4826,2.9332,Selected PATH_A with highest valid ARPS score (1.4018) satisfying all retinal preservation constraints.
aptos_3572,PATH_C,0.9747,False,13.5006,1669.1429,2.9652,10.171,0.9646,1.4826,-4.7811,Selected PATH_C with highest valid ARPS score (0.9747) satisfying all retinal preservation constraints.
aptos_0493,PATH_C,1.4259,False,16.5484,1209.1666,2.9652,7.8099,0.9713,1.4826,1.3019,Selected PATH_C with highest valid ARPS score (1.4259) satisfying all retinal preservation constraints.
aptos_1238,PATH_A,1.4081,False,22.0537,1256.2156,1.4826,24.8939,0.9678,0.0,0.6496,Selected PATH_A with highest valid ARPS score (1.4081) satisfying all retinal preservation constraints.
aptos_0714,PATH_A,1.4422,False,27.0325,5641.7748,4.4478,24.0551,0.9819,1.4826,-0.1448,Selected PATH_A with highest valid ARPS score (1.4422) satisfying all retinal preservation constraints.
aptos_2839,PATH_B,0.5512,False,24.9653,387.0661,1.4826,28.7013,0.9046,0.0,3.5629,Selected PATH_B with highest valid ARPS score (0.5512) satisfying all retinal preservation constraints.
aptos_0796,PATH_A,1.3836,False,24.0659,2484.5629,2.9652,25.1997,0.9791,1.4826,3.3516,Selected PATH_A with highest valid ARPS score (1.3836) satisfying all retinal preservation constraints.
aptos_1563,PATH_A,1.3806,False,24.0406,1971.7052,2.9652,30.4759,0.9738,1.4826,5.7092,Selected PATH_A with highest valid ARPS score (1.3806) satisfying all retinal preservation constraints.
aptos_0002,PATH_C,1.4312,False,13.4496,1076.5484,2.9652,7.8536,0.9679,1.4826,1.7968,Selected PATH_C with highest valid ARPS score (1.4312) satisfying all retinal preservation constraints.
aptos_3040,PATH_C,0.8275,False,17.5361,3767.0314,2.9652,8.0712,0.9767,1.4826,1.7764,Selected PATH_C with highest valid ARPS score (0.8275) satisfying all retinal preservation constraints.
aptos_0330,PATH_A,1.2002,False,24.3079,3195.1865,2.9652,32.3403,0.9752,1.4826,3.1946,Selected PATH_A with highest valid ARPS score (1.2002) satisfying all retinal preservation constraints.
aptos_0960,PATH_C,0.9388,False,15.6049,3317.0753,2.9652,7.4101,0.9778,1.4826,2.0805,Selected PATH_C with highest valid ARPS score (0.9388) satisfying all retinal preservation constraints.
aptos_3345,PATH_B,0.4878,False,28.4947,987.7137,1.4826,21.7228,0.9183,0.0,2.4128,Selected PATH_B with highest valid ARPS score (0.4878) satisfying all retinal preservation constraints.
aptos_2054,PATH_A,1.5307,False,17.1921,997.5515,1.4826,29.0676,0.9713,0.0,5.0192,Selected PATH_A with highest valid ARPS score (1.5307) satisfying all retinal preservation constraints.
aptos_3201,PATH_A,1.4232,False,18.4894,5358.5804,4.4478,15.8743,0.9729,1.4826,0.7885,Selected PATH_A with highest valid ARPS score (1.4232) satisfying all retinal preservation constraints.
aptos_0276,PATH_C,0.9534,False,16.4624,3100.0272,2.9652,7.7485,0.9701,1.4826,0.6716,Selected PATH_C with highest valid ARPS score (0.9534) satisfying all retinal preservation constraints.
aptos_1708,PATH_C,0.8213,False,13.6992,1658.4558,1.4826,10.9684,0.9685,0.0,0.5036,Selected PATH_C with highest valid ARPS score (0.8213) satisfying all retinal preservation constraints.
aptos_0251,PATH_A,1.4396,False,17.8922,2524.6213,2.9652,14.4236,0.9823,1.4826,5.7214,Selected PATH_A with highest valid ARPS score (1.4396) satisfying all retinal preservation constraints.
aptos_1228,PATH_C,1.5445,False,23.5019,1567.6759,1.4826,8.4479,0.9666,0.0,-3.3086,Selected PATH_C with highest valid ARPS score (1.5445) satisfying all retinal preservation constraints.
aptos_3321,PATH_C,1.0305,False,16.1474,3491.942,2.9652,7.5105,0.9787,1.4826,-0.5735,Selected PATH_C with highest valid ARPS score (1.0305) satisfying all retinal preservation constraints.
aptos_1491,PATH_C,1.4599,False,14.7877,594.9696,1.4826,8.1332,0.9572,0.0,6.184,Selected PATH_C with highest valid ARPS score (1.4599) satisfying all retinal preservation constraints.
aptos_0446,PATH_A,1.5554,False,17.959,1307.0162,1.4826,15.7776,0.9205,0.0,4.1302,Selected PATH_A with highest valid ARPS score (1.5554) satisfying all retinal preservation constraints.
aptos_0226,PATH_C,0.6542,False,17.9085,1080.5598,1.4826,15.8509,0.9574,0.0,-3.6382,Selected PATH_C with highest valid ARPS score (0.6542) satisfying all retinal preservation constraints.
aptos_1512,PATH_A,0.9775,False,18.5439,3398.1211,2.9652,14.9097,0.9663,1.4826,2.3605,Selected PATH_A with highest valid ARPS score (0.9775) satisfying all retinal preservation constraints.
aptos_3464,PATH_C,1.407,False,14.2332,1129.4886,2.9652,8.2728,0.9666,1.4826,-2.0116,Selected PATH_C with highest valid ARPS score (1.4070) satisfying all retinal preservation constraints.
aptos_3395,PATH_A,1.2293,False,24.0032,1552.34,2.9652,19.2777,0.9614,1.4826,3.0002,Selected PATH_A with highest valid ARPS score (1.2293) satisfying all retinal preservation constraints.
aptos_1263,PATH_C,0.9254,False,15.1488,3159.823,2.9652,7.6289,0.9753,1.4826,-1.1536,Selected PATH_C with highest valid ARPS score (0.9254) satisfying all retinal preservation constraints.
aptos_1119,PATH_A,1.4398,False,17.5238,2064.5525,2.9652,17.1778,0.9743,1.4826,6.3873,Selected PATH_A with highest valid ARPS score (1.4398) satisfying all retinal preservation constraints.
aptos_0784,PATH_A,1.4149,False,15.8215,2217.3431,2.9652,17.4753,0.9583,1.4826,3.6047,Selected PATH_A with highest valid ARPS score (1.4149) satisfying all retinal preservation constraints.
aptos_1272,PATH_B,0.3784,False,20.5216,550.7515,1.4826,18.3862,0.9138,0.0,-0.1588,Selected PATH_B with highest valid ARPS score (0.3784) satisfying all retinal preservation constraints.
aptos_2482,PATH_C,0.9978,False,14.3008,3041.3312,2.9652,7.8294,0.977,1.4826,-2.3089,Selected PATH_C with highest valid ARPS score (0.9978) satisfying all retinal preservation constraints.
aptos_2414,PATH_B,0.3986,False,20.707,713.3886,1.4826,17.1608,0.9218,0.0,-1.2757,Selected PATH_B with highest valid ARPS score (0.3986) satisfying all retinal preservation constraints.
aptos_3203,PATH_C,0.6883,False,18.2865,901.905,1.4826,10.6104,0.9677,0.0,-1.2834,Selected PATH_C with highest valid ARPS score (0.6883) satisfying all retinal preservation constraints.
aptos_1880,PATH_A,1.455,False,16.3014,2268.8977,2.9652,11.7002,0.9751,1.4826,5.9129,Selected PATH_A with highest valid ARPS score (1.4550) satisfying all retinal preservation constraints.
aptos_2800,PATH_B,0.379,False,17.6989,536.1381,1.4826,15.4573,0.906,0.0,-1.5699,Selected PATH_B with highest valid ARPS score (0.3790) satisfying all retinal preservation constraints.
aptos_2052,PATH_A,1.5672,False,18.029,1170.2674,1.4826,23.7989,0.9641,0.0,7.2983,Selected PATH_A with highest valid ARPS score (1.5672) satisfying all retinal preservation constraints.
aptos_2230,PATH_C,0.8248,False,15.6253,2876.9134,2.9652,7.1068,0.9746,1.4826,2.9019,Selected PATH_C with highest valid ARPS score (0.8248) satisfying all retinal preservation constraints.
aptos_0234,PATH_A,1.4386,False,15.3618,2256.0207,2.9652,12.7533,0.9627,1.4826,4.5215,Selected PATH_A with highest valid ARPS score (1.4386) satisfying all retinal preservation constraints.
aptos_3411,PATH_C,1.4395,False,14.8968,2293.8483,2.9652,6.8976,0.9759,1.4826,2.6494,Selected PATH_C with highest valid ARPS score (1.4395) satisfying all retinal preservation constraints.
aptos_1997,PATH_C,0.9176,False,15.9099,3000.6225,2.9652,8.3564,0.9721,1.4826,-0.4631,Selected PATH_C with highest valid ARPS score (0.9176) satisfying all retinal preservation constraints.
aptos_0886,PATH_A,1.4312,False,15.304,1590.0376,2.9652,13.4111,0.9802,1.4826,3.8394,Selected PATH_A with highest valid ARPS score (1.4312) satisfying all retinal preservation constraints.
aptos_0675,PATH_C,0.6705,False,15.9604,716.9142,1.4826,11.3054,0.9583,0.0,-2.1861,Selected PATH_C with highest valid ARPS score (0.6705) satisfying all retinal preservation constraints.
aptos_2000,PATH_A,1.4266,False,23.2707,2345.3877,2.9652,14.4928,0.9741,1.4826,5.6593,Selected PATH_A with highest valid ARPS score (1.4266) satisfying all retinal preservation constraints.
aptos_2298,PATH_A,1.4315,False,19.3176,5252.6976,2.9652,12.7541,0.987,1.4826,4.5717,Selected PATH_A with highest valid ARPS score (1.4315) satisfying all retinal preservation constraints.
aptos_1943,PATH_B,0.4013,False,19.5873,700.1611,1.4826,17.0551,0.9222,0.0,0.2047,Selected PATH_B with highest valid ARPS score (0.4013) satisfying all retinal preservation constraints.
aptos_3312,PATH_B,0.4981,False,23.4605,400.1606,1.4826,33.874,0.8946,0.0,-0.1643,Selected PATH_B with highest valid ARPS score (0.4981) satisfying all retinal preservation constraints.
aptos_0662,PATH_A,1.3883,False,25.1842,1802.6316,2.9652,24.5364,0.978,1.4826,4.1558,Selected PATH_A with highest valid ARPS score (1.3883) satisfying all retinal preservation constraints.
aptos_1820,PATH_C,0.8502,False,16.1774,3093.507,2.9652,6.8284,0.9706,1.4826,1.1341,Selected PATH_C with highest valid ARPS score (0.8502) satisfying all retinal preservation constraints.
aptos_2224,PATH_A,1.3932,False,23.4992,1900.7988,2.9652,19.5591,0.9775,1.4826,1.8808,Selected PATH_A with highest valid ARPS score (1.3932) satisfying all retinal preservation constraints.
aptos_1038,PATH_B,0.5391,False,21.7886,474.396,1.4826,21.4143,0.9012,0.0,-2.1341,Selected PATH_B with highest valid ARPS score (0.5391) satisfying all retinal preservation constraints.
aptos_0441,PATH_C,0.5788,False,8.8376,313.217,1.4826,13.985,0.9074,0.0,-3.5821,Selected PATH_C with highest valid ARPS score (0.5788) satisfying all retinal preservation constraints.
aptos_1323,PATH_A,1.4084,False,16.9589,1656.1943,2.9652,18.8506,0.9705,1.4826,3.4262,Selected PATH_A with highest valid ARPS score (1.4084) satisfying all retinal preservation constraints.
aptos_2179,PATH_A,1.5442,False,17.6423,1129.9711,1.4826,19.5951,0.9772,0.0,3.4825,Selected PATH_A with highest valid ARPS score (1.5442) satisfying all retinal preservation constraints.
aptos_1032,PATH_A,1.4375,False,20.9457,4069.899,2.9652,10.9007,0.9822,1.4826,5.1274,Selected PATH_A with highest valid ARPS score (1.4375) satisfying all retinal preservation constraints.
aptos_3470,PATH_A,1.4045,False,20.8423,3177.4999,2.9652,17.8111,0.9803,1.4826,2.9003,Selected PATH_A with highest valid ARPS score (1.4045) satisfying all retinal preservation constraints.
aptos_3144,PATH_A,1.3921,False,26.0855,2320.8995,2.9652,20.5595,0.9807,1.4826,2.4851,Selected PATH_A with highest valid ARPS score (1.3921) satisfying all retinal preservation constraints.
aptos_2520,PATH_C,0.8754,False,14.8199,2842.4094,2.9652,8.3078,0.9709,1.4826,-2.6131,Selected PATH_C with highest valid ARPS score (0.8754) satisfying all retinal preservation constraints.
aptos_2591,PATH_A,1.4344,False,24.5574,4142.9399,2.9652,13.9106,0.9789,1.4826,6.9205,Selected PATH_A with highest valid ARPS score (1.4344) satisfying all retinal preservation constraints.
aptos_1203,PATH_B,0.3957,False,17.9904,587.8557,1.4826,16.464,0.9133,0.0,-0.3253,Selected PATH_B with highest valid ARPS score (0.3957) satisfying all retinal preservation constraints.
aptos_3226,PATH_A,1.4539,False,15.4983,1654.9606,2.9652,12.7251,0.9543,1.4826,5.8671,Selected PATH_A with highest valid ARPS score (1.4539) satisfying all retinal preservation constraints.
aptos_1403,PATH_A,1.4098,False,23.804,2614.6022,2.9652,18.4107,0.9746,1.4826,4.7818,Selected PATH_A with highest valid ARPS score (1.4098) satisfying all retinal preservation constraints.
aptos_0387,PATH_C,1.4573,False,18.6304,1106.1111,1.4826,6.5174,0.9636,0.0,5.3395,Selected PATH_C with highest valid ARPS score (1.4573) satisfying all retinal preservation constraints.
aptos_0028,PATH_A,1.4278,False,22.3135,3057.5414,2.9652,17.3474,0.9686,1.4826,6.807,Selected PATH_A with highest valid ARPS score (1.4278) satisfying all retinal preservation constraints.
aptos_1937,PATH_C,0.9471,False,14.7402,3626.6221,2.9652,7.7138,0.9776,1.4826,-0.0617,Selected PATH_C with highest valid ARPS score (0.9471) satisfying all retinal preservation constraints.
aptos_0504,PATH_B,0.3858,False,18.0884,534.58,1.4826,15.967,0.9036,0.0,0.2208,Selected PATH_B with highest valid ARPS score (0.3858) satisfying all retinal preservation constraints.
aptos_3304,PATH_C,1.4276,False,17.0951,1500.8099,2.9652,8.0168,0.9712,1.4826,1.7408,Selected PATH_C with highest valid ARPS score (1.4276) satisfying all retinal preservation constraints.
aptos_1033,PATH_C,1.5841,False,17.355,834.145,1.4826,7.0781,0.966,0.0,4.1093,Selected PATH_C with highest valid ARPS score (1.5841) satisfying all retinal preservation constraints.
aptos_2955,PATH_A,1.3253,False,12.4538,820.2708,1.4826,10.9026,0.9694,1.4826,4.8945,Selected PATH_A with highest valid ARPS score (1.3253) satisfying all retinal preservation constraints.
aptos_2274,PATH_A,1.455,False,15.3572,1874.3953,2.9652,8.9402,0.9766,1.4826,4.9388,Selected PATH_A with highest valid ARPS score (1.4550) satisfying all retinal preservation constraints.
aptos_0449,PATH_B,0.4567,False,19.5536,712.0353,1.4826,21.2471,0.9017,0.0,-0.7997,Selected PATH_B with highest valid ARPS score (0.4567) satisfying all retinal preservation constraints.
aptos_1503,PATH_C,0.9512,False,14.3946,2992.1432,2.9652,6.6955,0.9743,1.4826,2.0477,Selected PATH_C with highest valid ARPS score (0.9512) satisfying all retinal preservation constraints.
aptos_2781,PATH_A,1.4726,False,20.6483,6739.324,4.4478,17.7064,0.983,1.4826,2.6187,Selected PATH_A with highest valid ARPS score (1.4726) satisfying all retinal preservation constraints.
aptos_3332,PATH_A,1.4079,False,17.4218,2850.6247,2.9652,17.0555,0.9777,1.4826,2.6388,Selected PATH_A with highest valid ARPS score (1.4079) satisfying all retinal preservation constraints.
aptos_3554,PATH_B,0.6972,False,21.9747,306.3638,0.0,15.7425,0.8661,-1.4826,3.4169,Selected PATH_B with highest valid ARPS score (0.6972) satisfying all retinal preservation constraints.
aptos_1567,PATH_C,0.6963,False,15.4004,1476.4609,2.9652,10.938,0.9729,0.0,-2.4813,Selected PATH_C with highest valid ARPS score (0.6963) satisfying all retinal preservation constraints.
aptos_2546,PATH_C,0.8844,False,15.8341,2858.7864,2.9652,9.0975,0.9695,1.4826,-1.4239,Selected PATH_C with highest valid ARPS score (0.8844) satisfying all retinal preservation constraints.
aptos_2535,PATH_A,1.3709,False,30.1801,2586.138,2.9652,24.8136,0.9765,1.4826,-0.1087,Selected PATH_A with highest valid ARPS score (1.3709) satisfying all retinal preservation constraints.
aptos_1311,PATH_C,0.9108,False,14.3608,2250.6775,2.9652,8.577,0.9681,1.4826,-2.492,Selected PATH_C with highest valid ARPS score (0.9108) satisfying all retinal preservation constraints.
aptos_2397,PATH_A,1.4253,False,12.024,1746.0876,2.9652,12.4444,0.962,1.4826,2.3649,Selected PATH_A with highest valid ARPS score (1.4253) satisfying all retinal preservation constraints.
aptos_0973,PATH_A,1.3256,False,27.3265,2109.0172,2.9652,31.0295,0.9728,1.4826,1.557,Selected PATH_A with highest valid ARPS score (1.3256) satisfying all retinal preservation constraints.
aptos_1298,PATH_A,1.4582,False,32.2408,1744.6299,1.4826,33.6109,0.975,0.0,1.0017,Selected PATH_A with highest valid ARPS score (1.4582) satisfying all retinal preservation constraints.
aptos_2996,PATH_C,0.9256,False,15.4781,3237.1916,2.9652,8.119,0.9735,1.4826,-2.3798,Selected PATH_C with highest valid ARPS score (0.9256) satisfying all retinal preservation constraints.
aptos_2254,PATH_C,1.4117,False,12.2981,947.268,2.9652,6.9006,0.9637,1.4826,-1.5404,Selected PATH_C with highest valid ARPS score (1.4117) satisfying all retinal preservation constraints.
aptos_0994,PATH_B,0.3994,False,16.8576,611.8671,1.4826,15.6082,0.9135,0.0,0.4768,Selected PATH_B with highest valid ARPS score (0.3994) satisfying all retinal preservation constraints.
aptos_3002,PATH_A,1.4288,False,16.4359,3450.3089,2.9652,14.7725,0.9735,1.4826,4.3334,Selected PATH_A with highest valid ARPS score (1.4288) satisfying all retinal preservation constraints.
aptos_1378,PATH_A,1.4289,False,15.9782,2505.3446,2.9652,13.6462,0.9687,1.4826,3.9133,Selected PATH_A with highest valid ARPS score (1.4289) satisfying all retinal preservation constraints.
aptos_2906,PATH_A,1.4241,False,19.1122,2521.1042,2.9652,20.6825,0.9741,1.4826,6.3976,Selected PATH_A with highest valid ARPS score (1.4241) satisfying all retinal preservation constraints.
aptos_3429,PATH_A,1.5431,False,19.895,970.417,1.4826,18.4191,0.9333,0.0,3.7089,Selected PATH_A with highest valid ARPS score (1.5431) satisfying all retinal preservation constraints.
aptos_1414,PATH_B,0.3944,False,16.8397,539.1391,1.4826,15.5123,0.9116,0.0,-0.1531,Selected PATH_B with highest valid ARPS score (0.3944) satisfying all retinal preservation constraints.
aptos_1285,PATH_B,0.502,False,26.0598,513.9595,1.4826,18.8415,0.8879,0.0,1.5263,Selected PATH_B with highest valid ARPS score (0.5020) satisfying all retinal preservation constraints.
aptos_2595,PATH_A,1.4053,False,23.6652,2397.1626,2.9652,19.9286,0.9813,1.4826,4.619,Selected PATH_A with highest valid ARPS score (1.4053) satisfying all retinal preservation constraints.
aptos_1398,PATH_C,0.6511,False,13.809,1012.9608,1.4826,13.8948,0.9623,0.0,-4.5311,Selected PATH_C with highest valid ARPS score (0.6511) satisfying all retinal preservation constraints.
aptos_3129,PATH_A,1.3867,False,25.3842,2555.3096,2.9652,21.8908,0.9797,1.4826,2.0038,Selected PATH_A with highest valid ARPS score (1.3867) satisfying all retinal preservation constraints.
aptos_0253,PATH_A,1.4096,False,23.7555,3505.2974,2.9652,14.7002,0.9812,1.4826,2.465,Selected PATH_A with highest valid ARPS score (1.4096) satisfying all retinal preservation constraints.
aptos_0979,PATH_C,0.9796,False,14.5023,3096.5615,2.9652,7.9848,0.9704,1.4826,-1.7727,Selected PATH_C with highest valid ARPS score (0.9796) satisfying all retinal preservation constraints.
aptos_3419,PATH_C,1.4866,False,15.5932,926.3979,1.4826,7.7603,0.9601,0.0,6.8414,Selected PATH_C with highest valid ARPS score (1.4866) satisfying all retinal preservation constraints.
aptos_2865,PATH_A,1.5523,False,16.7205,883.6333,1.4826,20.6716,0.9672,0.0,4.6929,Selected PATH_A with highest valid ARPS score (1.5523) satisfying all retinal preservation constraints.
aptos_0635,PATH_A,1.3645,False,29.2128,2342.2015,2.9652,28.0017,0.9815,1.4826,0.6927,Selected PATH_A with highest valid ARPS score (1.3645) satisfying all retinal preservation constraints.
aptos_0211,PATH_A,1.5502,False,18.1393,1462.8122,1.4826,24.0965,0.9662,0.0,5.9049,Selected PATH_A with highest valid ARPS score (1.5502) satisfying all retinal preservation constraints.
aptos_1407,PATH_A,1.4278,False,12.6008,1542.7882,2.9652,15.3723,0.9611,1.4826,3.4491,Selected PATH_A with highest valid ARPS score (1.4278) satisfying all retinal preservation constraints.
aptos_0786,PATH_A,1.1162,False,15.8954,3397.7349,2.9652,13.8613,0.9605,1.4826,3.069,Selected PATH_A with highest valid ARPS score (1.1162) satisfying all retinal preservation constraints.
aptos_3033,PATH_A,1.5456,False,21.9466,1083.8081,1.4826,16.9821,0.9735,0.0,3.2893,Selected PATH_A with highest valid ARPS score (1.5456) satisfying all retinal preservation constraints.
aptos_3555,PATH_C,1.1973,False,13.3328,1552.2077,2.9652,7.6222,0.9776,1.4826,2.6284,Selected PATH_C with highest valid ARPS score (1.1973) satisfying all retinal preservation constraints.
aptos_1668,PATH_A,1.4311,False,19.3501,1888.1526,2.9652,12.1849,0.9746,1.4826,4.4185,Selected PATH_A with highest valid ARPS score (1.4311) satisfying all retinal preservation constraints.
aptos_0408,PATH_A,1.4071,False,18.2922,1935.3328,2.9652,15.8508,0.9823,1.4826,2.0197,Selected PATH_A with highest valid ARPS score (1.4071) satisfying all retinal preservation constraints.
aptos_0380,PATH_C,1.4384,False,17.9883,1530.0517,1.4826,7.1428,0.9788,0.0,3.7697,Selected PATH_C with highest valid ARPS score (1.4384) satisfying all retinal preservation constraints.
aptos_0417,PATH_C,1.1826,False,15.3122,1625.5296,2.9652,7.3505,0.9797,1.4826,5.4863,Selected PATH_C with highest valid ARPS score (1.1826) satisfying all retinal preservation constraints.
aptos_0190,PATH_A,1.4086,False,20.0362,2283.0369,2.9652,18.4183,0.9663,1.4826,3.9305,Selected PATH_A with highest valid ARPS score (1.4086) satisfying all retinal preservation constraints.
aptos_3030,PATH_C,1.2211,False,14.1701,1238.1145,2.9652,7.3082,0.9701,1.4826,5.09,Selected PATH_C with highest valid ARPS score (1.2211) satisfying all retinal preservation constraints.
aptos_2479,PATH_C,1.098,False,14.6834,1884.7645,2.9652,7.265,0.9757,1.4826,0.0422,Selected PATH_C with highest valid ARPS score (1.0980) satisfying all retinal preservation constraints.
aptos_1727,PATH_A,1.3817,False,22.8865,2299.774,2.9652,28.4106,0.981,1.4826,4.5327,Selected PATH_A with highest valid ARPS score (1.3817) satisfying all retinal preservation constraints.
aptos_2978,PATH_A,1.3765,False,24.075,1673.7987,2.9652,29.5372,0.9849,1.4826,4.3428,Selected PATH_A with highest valid ARPS score (1.3765) satisfying all retinal preservation constraints.
aptos_0749,PATH_B,0.4218,False,17.7068,668.714,1.4826,15.7718,0.9126,0.0,1.7457,Selected PATH_B with highest valid ARPS score (0.4218) satisfying all retinal preservation constraints.
aptos_1302,PATH_A,1.4239,False,14.6937,1493.9975,2.9652,13.4092,0.976,1.4826,2.9406,Selected PATH_A with highest valid ARPS score (1.4239) satisfying all retinal preservation constraints.
aptos_0454,PATH_B,0.4564,False,40.2205,518.468,1.4826,33.9334,0.9055,0.0,1.1395,Selected PATH_B with highest valid ARPS score (0.4564) satisfying all retinal preservation constraints.
aptos_1729,PATH_B,0.4076,False,17.5988,794.9819,1.4826,14.7438,0.9172,0.0,-1.8487,Selected PATH_B with highest valid ARPS score (0.4076) satisfying all retinal preservation constraints.
aptos_2523,PATH_B,0.5017,False,27.5659,564.2585,1.4826,23.0813,0.899,0.0,-1.9437,Selected PATH_B with highest valid ARPS score (0.5017) satisfying all retinal preservation constraints.
aptos_1124,PATH_C,1.4355,False,15.7593,1292.0341,2.9652,6.6962,0.9611,1.4826,2.7467,Selected PATH_C with highest valid ARPS score (1.4355) satisfying all retinal preservation constraints.
aptos_2079,PATH_A,1.015,False,19.7671,5072.8934,2.9652,13.5093,0.9761,1.4826,1.0332,Selected PATH_A with highest valid ARPS score (1.0150) satisfying all retinal preservation constraints.
aptos_1337,PATH_C,1.434,False,14.5212,2023.7718,2.9652,7.395,0.98,1.4826,2.0283,Selected PATH_C with highest valid ARPS score (1.4340) satisfying all retinal preservation constraints.
aptos_0074,PATH_B,0.463,False,27.4177,598.1411,1.4826,21.2842,0.9023,0.0,-2.326,Selected PATH_B with highest valid ARPS score (0.4630) satisfying all retinal preservation constraints.
aptos_0733,PATH_A,1.5523,False,16.3035,1488.0178,1.4826,19.3125,0.9731,0.0,4.1205,Selected PATH_A with highest valid ARPS score (1.5523) satisfying all retinal preservation constraints.
aptos_0458,PATH_A,1.2319,False,29.965,4692.5557,2.9652,27.9116,0.9704,1.4826,3.2933,Selected PATH_A with highest valid ARPS score (1.2319) satisfying all retinal preservation constraints.
aptos_3380,PATH_C,1.0007,False,16.1331,3649.1569,2.9652,7.968,0.9709,1.4826,-4.7632,Selected PATH_C with highest valid ARPS score (1.0007) satisfying all retinal preservation constraints.
aptos_0411,PATH_C,1.0164,False,15.0983,1863.3632,2.9652,8.0089,0.9729,1.4826,2.1177,Selected PATH_C with highest valid ARPS score (1.0164) satisfying all retinal preservation constraints.
aptos_0423,PATH_A,1.3827,False,27.7578,2327.1564,2.9652,22.3527,0.973,1.4826,1.5364,Selected PATH_A with highest valid ARPS score (1.3827) satisfying all retinal preservation constraints.
aptos_0371,PATH_A,1.3729,False,23.0726,2914.971,2.9652,15.1003,0.968,1.4826,3.7503,Selected PATH_A with highest valid ARPS score (1.3729) satisfying all retinal preservation constraints.
aptos_1089,PATH_C,1.6055,False,20.9182,1425.1621,1.4826,7.1082,0.966,0.0,8.8697,Selected PATH_C with highest valid ARPS score (1.6055) satisfying all retinal preservation constraints.
aptos_2801,PATH_A,1.4139,False,19.2485,3279.2725,2.9652,20.1249,0.9784,1.4826,5.0621,Selected PATH_A with highest valid ARPS score (1.4139) satisfying all retinal preservation constraints.
aptos_1534,PATH_A,1.4342,False,20.7498,4006.3904,2.9652,18.2102,0.9757,1.4826,7.2695,Selected PATH_A with highest valid ARPS score (1.4342) satisfying all retinal preservation constraints.
aptos_3282,PATH_A,1.4249,False,16.4812,2326.8352,2.9652,13.4406,0.983,1.4826,3.3681,Selected PATH_A with highest valid ARPS score (1.4249) satisfying all retinal preservation constraints.
aptos_1573,PATH_A,1.378,False,25.139,2711.0157,2.9652,21.7061,0.9777,1.4826,-0.6232,Selected PATH_A with highest valid ARPS score (1.3780) satisfying all retinal preservation constraints.
aptos_2308,PATH_C,1.5932,False,19.6461,1149.5273,1.4826,6.935,0.9804,0.0,7.7594,Selected PATH_C with highest valid ARPS score (1.5932) satisfying all retinal preservation constraints.
aptos_2319,PATH_A,1.524,False,21.1971,1353.4952,1.4826,27.5738,0.9622,0.0,4.728,Selected PATH_A with highest valid ARPS score (1.5240) satisfying all retinal preservation constraints.
aptos_0282,PATH_C,1.2272,False,17.5151,2345.5251,2.9652,7.5731,0.9772,1.4826,2.8865,Selected PATH_C with highest valid ARPS score (1.2272) satisfying all retinal preservation constraints.
aptos_1641,PATH_A,1.3982,False,20.4824,2241.6519,2.9652,20.8379,0.9856,1.4826,3.18,Selected PATH_A with highest valid ARPS score (1.3982) satisfying all retinal preservation constraints.
aptos_2783,PATH_A,1.4405,False,15.2095,2303.5306,2.9652,15.4177,0.9742,1.4826,5.2147,Selected PATH_A with highest valid ARPS score (1.4405) satisfying all retinal preservation constraints.
aptos_1270,PATH_B,0.5055,False,27.6485,765.2822,1.4826,23.6675,0.9257,0.0,2.1449,Selected PATH_B with highest valid ARPS score (0.5055) satisfying all retinal preservation constraints.
aptos_2501,PATH_A,1.3828,False,24.08,2226.8943,2.9652,26.5641,0.9798,1.4826,3.9865,Selected PATH_A with highest valid ARPS score (1.3828) satisfying all retinal preservation constraints.
aptos_0230,PATH_C,1.0497,False,15.6516,1538.5715,2.9652,7.5343,0.9679,1.4826,-1.8803,Selected PATH_C with highest valid ARPS score (1.0497) satisfying all retinal preservation constraints.
aptos_0687,PATH_A,1.4535,False,15.0046,2393.5413,2.9652,14.1726,0.9744,1.4826,5.8356,Selected PATH_A with highest valid ARPS score (1.4535) satisfying all retinal preservation constraints.
aptos_0514,PATH_A,1.3874,False,20.9572,1169.9803,2.9652,21.8892,0.9633,1.4826,2.0451,Selected PATH_A with highest valid ARPS score (1.3874) satisfying all retinal preservation constraints.
aptos_3344,PATH_C,0.794,False,14.7277,1600.079,2.9652,9.885,0.9703,1.4826,-1.4887,Selected PATH_C with highest valid ARPS score (0.7940) satisfying all retinal preservation constraints.
aptos_2542,PATH_C,0.8168,False,16.2016,3437.8926,2.9652,7.7351,0.975,1.4826,-1.894,Selected PATH_C with highest valid ARPS score (0.8168) satisfying all retinal preservation constraints.
aptos_3291,PATH_B,0.4101,False,15.0837,645.2965,1.4826,14.2982,0.9191,0.0,-0.0905,Selected PATH_B with highest valid ARPS score (0.4101) satisfying all retinal preservation constraints.
aptos_1241,PATH_C,0.9881,False,15.6801,3262.5653,2.9652,7.6113,0.9743,1.4826,-2.3305,Selected PATH_C with highest valid ARPS score (0.9881) satisfying all retinal preservation constraints.
aptos_0212,PATH_A,1.5531,False,15.1778,1118.5364,1.4826,22.0916,0.9791,0.0,4.6287,Selected PATH_A with highest valid ARPS score (1.5531) satisfying all retinal preservation constraints.
aptos_1823,PATH_B,0.4744,False,23.246,688.4315,1.4826,22.6269,0.8936,0.0,0.6676,Selected PATH_B with highest valid ARPS score (0.4744) satisfying all retinal preservation constraints.
aptos_0943,PATH_A,1.459,False,18.2486,3140.3656,2.9652,17.3544,0.9808,1.4826,8.1547,Selected PATH_A with highest valid ARPS score (1.4590) satisfying all retinal preservation constraints.
aptos_2311,PATH_A,1.5049,False,23.8091,1269.4408,1.4826,30.9508,0.9495,0.0,3.6551,Selected PATH_A with highest valid ARPS score (1.5049) satisfying all retinal preservation constraints.
aptos_2621,PATH_A,1.5355,False,15.148,756.4775,1.4826,30.7357,0.9601,0.0,5.2892,Selected PATH_A with highest valid ARPS score (1.5355) satisfying all retinal preservation constraints.
aptos_0486,PATH_C,0.4407,False,6.0487,260.0298,1.4826,12.0369,0.9033,0.0,-4.7411,Selected PATH_C with highest valid ARPS score (0.4407) satisfying all retinal preservation constraints.
aptos_3408,PATH_B,0.44,False,39.2501,1599.2651,1.4826,31.3928,0.9367,0.0,-2.5529,Selected PATH_B with highest valid ARPS score (0.4400) satisfying all retinal preservation constraints.
aptos_2386,PATH_A,1.5356,False,27.4239,3552.1174,1.4826,26.7238,0.9793,0.0,7.6154,Selected PATH_A with highest valid ARPS score (1.5356) satisfying all retinal preservation constraints.
aptos_3459,PATH_C,0.976,False,14.9706,3358.0369,2.9652,7.0147,0.9786,1.4826,-0.9573,Selected PATH_C with highest valid ARPS score (0.9760) satisfying all retinal preservation constraints.
aptos_2572,PATH_B,0.3802,False,14.0355,477.4358,1.4826,12.9212,0.8747,0.0,-0.3022,Selected PATH_B with highest valid ARPS score (0.3802) satisfying all retinal preservation constraints.
aptos_1629,PATH_C,0.954,False,12.0094,1739.6444,2.9652,8.282,0.9722,1.4826,-3.7262,Selected PATH_C with highest valid ARPS score (0.9540) satisfying all retinal preservation constraints.
aptos_2437,PATH_A,1.5021,False,27.7452,1553.1819,1.4826,26.1147,0.9802,0.0,-1.2838,Selected PATH_A with highest valid ARPS score (1.5021) satisfying all retinal preservation constraints.
aptos_2977,PATH_A,1.4239,False,22.6827,2033.9486,2.9652,13.1351,0.9692,1.4826,4.4769,Selected PATH_A with highest valid ARPS score (1.4239) satisfying all retinal preservation constraints.
aptos_0086,PATH_B,0.592,False,21.1164,684.9515,1.4826,22.2485,0.9214,0.0,0.3636,Selected PATH_B with highest valid ARPS score (0.5920) satisfying all retinal preservation constraints.
aptos_1025,PATH_C,1.4462,False,12.5487,1092.8555,2.9652,6.5507,0.9669,1.4826,2.8473,Selected PATH_C with highest valid ARPS score (1.4462) satisfying all retinal preservation constraints.
aptos_1664,PATH_C,0.9361,False,16.8092,3955.7091,2.9652,7.3356,0.9737,1.4826,0.12,Selected PATH_C with highest valid ARPS score (0.9361) satisfying all retinal preservation constraints.
aptos_1717,PATH_A,1.4282,False,17.5701,2035.2559,2.9652,15.0707,0.9697,1.4826,4.6929,Selected PATH_A with highest valid ARPS score (1.4282) satisfying all retinal preservation constraints.
aptos_2831,PATH_B,0.4395,False,16.3903,457.6575,1.4826,16.9343,0.8689,0.0,1.0325,Selected PATH_B with highest valid ARPS score (0.4395) satisfying all retinal preservation constraints.
aptos_2222,PATH_C,1.1622,False,13.7391,2153.0018,2.9652,7.1259,0.9806,1.4826,3.698,Selected PATH_C with highest valid ARPS score (1.1622) satisfying all retinal preservation constraints.
aptos_0663,PATH_A,1.4122,False,17.6137,2878.8509,2.9652,18.279,0.9774,1.4826,3.7894,Selected PATH_A with highest valid ARPS score (1.4122) satisfying all retinal preservation constraints.
aptos_1346,PATH_A,1.3881,False,24.1594,2745.8538,2.9652,19.8618,0.9817,1.4826,0.7433,Selected PATH_A with highest valid ARPS score (1.3881) satisfying all retinal preservation constraints.
aptos_1687,PATH_A,1.3768,False,28.1971,3613.9182,2.9652,30.668,0.9788,1.4826,5.9461,Selected PATH_A with highest valid ARPS score (1.3768) satisfying all retinal preservation constraints.
aptos_3546,PATH_A,0.9998,False,32.3849,3573.0647,2.9652,39.0229,0.9635,1.4826,3.1344,Selected PATH_A with highest valid ARPS score (0.9998) satisfying all retinal preservation constraints.
aptos_1073,PATH_A,1.391,False,22.4037,2865.3341,2.9652,22.2351,0.975,1.4826,2.9758,Selected PATH_A with highest valid ARPS score (1.3910) satisfying all retinal preservation constraints.
aptos_3407,PATH_B,0.3778,False,16.5476,493.3972,1.4826,14.7387,0.9078,0.0,-1.1943,Selected PATH_B with highest valid ARPS score (0.3778) satisfying all retinal preservation constraints.
aptos_3231,PATH_A,1.0897,False,21.4215,3134.3178,2.9652,17.9203,0.9703,1.4826,2.1114,Selected PATH_A with highest valid ARPS score (1.0897) satisfying all retinal preservation constraints.
aptos_2195,PATH_A,1.5555,False,17.3152,1336.8124,1.4826,21.3296,0.952,0.0,5.4889,Selected PATH_A with highest valid ARPS score (1.5555) satisfying all retinal preservation constraints.
aptos_2183,PATH_A,1.4442,False,18.1539,2868.8974,2.9652,13.7382,0.9756,1.4826,6.1137,Selected PATH_A with highest valid ARPS score (1.4442) satisfying all retinal preservation constraints.
aptos_0163,PATH_A,1.4402,False,16.6348,2403.675,2.9652,11.7161,0.9725,1.4826,4.692,Selected PATH_A with highest valid ARPS score (1.4402) satisfying all retinal preservation constraints.
aptos_2717,PATH_A,1.5143,False,17.9876,866.8765,1.4826,30.4173,0.9477,0.0,3.9169,Selected PATH_A with highest valid ARPS score (1.5143) satisfying all retinal preservation constraints.
aptos_0155,PATH_A,1.4543,False,24.9693,2134.833,1.4826,23.6084,0.9756,0.0,1.7567,Selected PATH_A with highest valid ARPS score (1.4543) satisfying all retinal preservation constraints.
aptos_1426,PATH_C,1.404,False,14.0817,1559.5746,2.9652,7.8783,0.9687,1.4826,-3.006,Selected PATH_C with highest valid ARPS score (1.4040) satisfying all retinal preservation constraints.
aptos_2567,PATH_A,1.4165,False,16.3196,2671.7341,2.9652,14.4974,0.9779,1.4826,2.6694,Selected PATH_A with highest valid ARPS score (1.4165) satisfying all retinal preservation constraints.
aptos_1705,PATH_A,1.3014,False,36.2841,2718.0571,2.9652,36.7108,0.9775,1.4826,-2.2741,Selected PATH_A with highest valid ARPS score (1.3014) satisfying all retinal preservation constraints.
aptos_3295,PATH_B,0.4018,False,18.0384,599.3552,1.4826,15.3763,0.9061,0.0,1.854,Selected PATH_B with highest valid ARPS score (0.4018) satisfying all retinal preservation constraints.
aptos_2617,PATH_C,0.8535,False,14.8765,2852.9882,2.9652,6.9093,0.9706,1.4826,1.9694,Selected PATH_C with highest valid ARPS score (0.8535) satisfying all retinal preservation constraints.
aptos_1247,PATH_A,1.3798,False,26.0468,2046.3141,2.9652,29.2173,0.9851,1.4826,5.1762,Selected PATH_A with highest valid ARPS score (1.3798) satisfying all retinal preservation constraints.
aptos_0977,PATH_A,1.3437,False,19.3146,3386.2642,2.9652,20.1916,0.9808,1.4826,4.8505,Selected PATH_A with highest valid ARPS score (1.3437) satisfying all retinal preservation constraints.
aptos_2724,PATH_A,1.515,False,23.1108,1076.4991,1.4826,25.8892,0.9737,0.0,2.3013,Selected PATH_A with highest valid ARPS score (1.5150) satisfying all retinal preservation constraints.
aptos_3124,PATH_C,0.5317,False,3.5943,166.025,0.0,9.5578,0.9028,-1.4826,-2.8607,Selected PATH_C with highest valid ARPS score (0.5317) satisfying all retinal preservation constraints.
aptos_1984,PATH_C,0.9604,False,13.7901,3038.6078,2.9652,7.4793,0.9722,1.4826,-1.4664,Selected PATH_C with highest valid ARPS score (0.9604) satisfying all retinal preservation constraints.
aptos_1194,PATH_A,1.0325,False,18.6691,3992.9396,2.9652,14.4685,0.9762,1.4826,2.0389,Selected PATH_A with highest valid ARPS score (1.0325) satisfying all retinal preservation constraints.
aptos_0923,PATH_A,1.0764,False,16.81,3241.8284,2.9652,14.3305,0.967,1.4826,2.4346,Selected PATH_A with highest valid ARPS score (1.0764) satisfying all retinal preservation constraints.
aptos_2798,PATH_C,0.945,False,13.8598,2266.3796,2.9652,7.4443,0.9686,1.4826,-1.9341,Selected PATH_C with highest valid ARPS score (0.9450) satisfying all retinal preservation constraints.
aptos_3560,PATH_C,1.5582,False,19.9629,1303.5762,1.4826,6.8979,0.976,0.0,5.361,Selected PATH_C with highest valid ARPS score (1.5582) satisfying all retinal preservation constraints.
aptos_0393,PATH_C,0.9666,False,15.0136,3072.4476,2.9652,8.6797,0.9749,1.4826,0.3437,Selected PATH_C with highest valid ARPS score (0.9666) satisfying all retinal preservation constraints.
aptos_0604,PATH_C,1.4475,False,16.4442,1177.782,2.9652,9.3796,0.9665,1.4826,4.748,Selected PATH_C with highest valid ARPS score (1.4475) satisfying all retinal preservation constraints.
aptos_2018,PATH_A,1.2471,False,15.7909,2923.6292,2.9652,15.2941,0.9542,1.4826,1.1041,Selected PATH_A with highest valid ARPS score (1.2471) satisfying all retinal preservation constraints.
aptos_0560,PATH_A,1.422,False,17.0141,1792.1153,2.9652,14.7472,0.9682,1.4826,3.7106,Selected PATH_A with highest valid ARPS score (1.4220) satisfying all retinal preservation constraints.
aptos_3014,PATH_A,0.9871,False,14.3311,3196.9391,2.9652,12.5574,0.9677,1.4826,1.3109,Selected PATH_A with highest valid ARPS score (0.9871) satisfying all retinal preservation constraints.
aptos_1160,PATH_A,1.4392,False,17.8397,3396.7304,2.9652,12.1382,0.9786,1.4826,5.0033,Selected PATH_A with highest valid ARPS score (1.4392) satisfying all retinal preservation constraints.
aptos_1640,PATH_A,1.5064,False,28.0189,1461.5078,1.4826,32.7529,0.9744,0.0,5.4397,Selected PATH_A with highest valid ARPS score (1.5064) satisfying all retinal preservation constraints.
aptos_1519,PATH_A,1.0935,False,14.431,3561.7687,2.9652,12.3517,0.9727,1.4826,0.0169,Selected PATH_A with highest valid ARPS score (1.0935) satisfying all retinal preservation constraints.
aptos_0596,PATH_A,1.5476,False,17.4149,1188.9438,1.4826,18.1483,0.9742,0.0,3.3711,Selected PATH_A with highest valid ARPS score (1.5476) satisfying all retinal preservation constraints.
aptos_3244,PATH_A,1.4295,False,19.8475,3514.7888,2.9652,12.5214,0.9568,1.4826,4.625,Selected PATH_A with highest valid ARPS score (1.4295) satisfying all retinal preservation constraints.
aptos_0071,PATH_C,1.355,False,14.5914,1757.7307,2.9652,7.8299,0.9783,1.4826,0.1446,Selected PATH_C with highest valid ARPS score (1.3550) satisfying all retinal preservation constraints.
aptos_0590,PATH_A,1.4277,False,16.1639,1703.0742,2.9652,15.5427,0.9672,1.4826,4.4244,Selected PATH_A with highest valid ARPS score (1.4277) satisfying all retinal preservation constraints.
aptos_3632,PATH_A,1.4365,False,20.3954,1963.8403,2.9652,16.0042,0.9735,1.4826,6.7442,Selected PATH_A with highest valid ARPS score (1.4365) satisfying all retinal preservation constraints.
aptos_0849,PATH_C,1.4262,False,12.7225,1405.1913,2.9652,6.3934,0.9744,1.4826,0.4727,Selected PATH_C with highest valid ARPS score (1.4262) satisfying all retinal preservation constraints.
aptos_3160,PATH_A,1.4694,False,22.352,5085.2984,4.4478,16.95,0.9784,1.4826,1.7379,Selected PATH_A with highest valid ARPS score (1.4694) satisfying all retinal preservation constraints.
aptos_3187,PATH_A,1.3885,False,19.7574,1732.8018,2.9652,22.8079,0.9752,1.4826,2.4653,Selected PATH_A with highest valid ARPS score (1.3885) satisfying all retinal preservation constraints.
aptos_3313,PATH_B,0.3939,False,17.3875,482.5892,1.4826,15.9611,0.8915,0.0,1.5944,Selected PATH_B with highest valid ARPS score (0.3939) satisfying all retinal preservation constraints.
aptos_0570,PATH_A,1.4073,False,17.784,1385.8221,2.9652,18.3797,0.9815,1.4826,3.1327,Selected PATH_A with highest valid ARPS score (1.4073) satisfying all retinal preservation constraints.
aptos_1932,PATH_B,0.5269,False,15.8882,400.9304,1.4826,28.6825,0.8833,0.0,4.5198,Selected PATH_B with highest valid ARPS score (0.5269) satisfying all retinal preservation constraints.
aptos_1290,PATH_A,1.0026,False,34.1268,2220.2018,1.4826,35.5512,0.9536,0.0,0.5661,Selected PATH_A with highest valid ARPS score (1.0026) satisfying all retinal preservation constraints.
aptos_1749,PATH_A,1.4361,False,28.8095,1242.6942,1.4826,32.8641,0.9764,0.0,1.3034,Selected PATH_A with highest valid ARPS score (1.4361) satisfying all retinal preservation constraints.
aptos_1805,PATH_B,0.396,False,17.1474,485.1176,1.4826,14.8037,0.8992,0.0,2.0674,Selected PATH_B with highest valid ARPS score (0.3960) satisfying all retinal preservation constraints.
aptos_3180,PATH_C,1.4538,False,13.3945,1579.3932,2.9652,7.4866,0.9797,1.4826,3.8689,Selected PATH_C with highest valid ARPS score (1.4538) satisfying all retinal preservation constraints.
aptos_1901,PATH_B,0.4019,False,18.4743,644.2867,1.4826,16.1312,0.9132,0.0,1.6643,Selected PATH_B with highest valid ARPS score (0.4019) satisfying all retinal preservation constraints.
aptos_0541,PATH_A,1.4139,False,17.4142,1516.6993,2.9652,21.7646,0.9847,1.4826,5.044,Selected PATH_A with highest valid ARPS score (1.4139) satisfying all retinal preservation constraints.
aptos_2147,PATH_C,1.4518,False,18.9398,1017.1162,2.9652,7.6585,0.9709,1.4826,6.0439,Selected PATH_C with highest valid ARPS score (1.4518) satisfying all retinal preservation constraints.
aptos_0607,PATH_C,1.4429,False,13.5225,1208.9131,2.9652,7.9193,0.9654,1.4826,3.1311,Selected PATH_C with highest valid ARPS score (1.4429) satisfying all retinal preservation constraints.
aptos_2557,PATH_A,1.4027,False,20.3391,1740.8706,2.9652,19.5867,0.9695,1.4826,3.523,Selected PATH_A with highest valid ARPS score (1.4027) satisfying all retinal preservation constraints.
aptos_0543,PATH_A,1.5234,False,21.8684,1144.1254,1.4826,24.0207,0.9605,0.0,2.9951,Selected PATH_A with highest valid ARPS score (1.5234) satisfying all retinal preservation constraints.
aptos_1877,PATH_B,0.4597,False,21.5981,653.6965,1.4826,19.9397,0.9021,-1.4826,0.3292,Selected PATH_B with highest valid ARPS score (0.4597) satisfying all retinal preservation constraints.
aptos_2384,PATH_C,1.2094,False,17.4253,5657.9517,4.4478,7.5525,0.9804,1.4826,-1.447,Selected PATH_C with highest valid ARPS score (1.2094) satisfying all retinal preservation constraints.
aptos_0196,PATH_A,1.4009,False,19.36,1319.2464,2.9652,20.7615,0.9711,1.4826,3.5721,Selected PATH_A with highest valid ARPS score (1.4009) satisfying all retinal preservation constraints.
aptos_0659,PATH_A,1.1529,False,30.8549,2861.5214,2.9652,33.8329,0.9701,1.4826,0.5853,Selected PATH_A with highest valid ARPS score (1.1529) satisfying all retinal preservation constraints.
aptos_0838,PATH_A,1.4416,False,14.7049,2804.1274,2.9652,12.3646,0.9741,1.4826,4.4214,Selected PATH_A with highest valid ARPS score (1.4416) satisfying all retinal preservation constraints.
aptos_0940,PATH_B,0.4008,False,16.8486,686.1431,1.4826,13.0316,0.8702,0.0,2.1218,Selected PATH_B with highest valid ARPS score (0.4008) satisfying all retinal preservation constraints.
aptos_2085,PATH_C,0.6796,False,16.2271,656.057,1.4826,13.5059,0.9483,0.0,2.6804,Selected PATH_C with highest valid ARPS score (0.6796) satisfying all retinal preservation constraints.
aptos_1352,PATH_A,1.416,False,18.8328,2603.2491,2.9652,18.9937,0.977,1.4826,4.8222,Selected PATH_A with highest valid ARPS score (1.4160) satisfying all retinal preservation constraints.
aptos_3108,PATH_C,1.4625,False,20.3999,1214.2747,1.4826,6.5033,0.9645,0.0,7.9516,Selected PATH_C with highest valid ARPS score (1.4625) satisfying all retinal preservation constraints.
aptos_2077,PATH_A,1.4106,False,19.3293,3232.0005,2.9652,16.4489,0.9791,1.4826,3.0847,Selected PATH_A with highest valid ARPS score (1.4106) satisfying all retinal preservation constraints.
aptos_1741,PATH_C,0.9024,False,14.3875,2808.4425,2.9652,7.7377,0.9683,1.4826,-1.9936,Selected PATH_C with highest valid ARPS score (0.9024) satisfying all retinal preservation constraints.
aptos_0455,PATH_C,1.1766,False,13.7507,2160.2479,2.9652,9.6322,0.9764,1.4826,1.1396,Selected PATH_C with highest valid ARPS score (1.1766) satisfying all retinal preservation constraints.
aptos_1127,PATH_A,1.4673,False,19.166,3486.4559,2.9652,8.9991,0.98,1.4826,7.3505,Selected PATH_A with highest valid ARPS score (1.4673) satisfying all retinal preservation constraints.
aptos_1189,PATH_A,1.439,False,14.1513,1743.4696,2.9652,12.6574,0.9724,1.4826,4.1163,Selected PATH_A with highest valid ARPS score (1.4390) satisfying all retinal preservation constraints.
aptos_1715,PATH_B,0.4433,False,32.9914,776.3428,1.4826,24.5661,0.8937,0.0,2.1986,Selected PATH_B with highest valid ARPS score (0.4433) satisfying all retinal preservation constraints.
aptos_0460,PATH_A,1.3942,False,24.9497,2803.6984,2.9652,23.248,0.9591,1.4826,4.835,Selected PATH_A with highest valid ARPS score (1.3942) satisfying all retinal preservation constraints.
aptos_1756,PATH_A,1.4383,False,14.2644,3025.1337,2.9652,11.9472,0.9708,1.4826,3.9151,Selected PATH_A with highest valid ARPS score (1.4383) satisfying all retinal preservation constraints.
aptos_2477,PATH_C,1.4494,False,14.531,1279.0548,2.9652,6.6633,0.9757,1.4826,3.5876,Selected PATH_C with highest valid ARPS score (1.4494) satisfying all retinal preservation constraints.
aptos_2084,PATH_B,0.3859,False,20.9735,697.5589,1.4826,17.0775,0.9107,0.0,0.3766,Selected PATH_B with highest valid ARPS score (0.3859) satisfying all retinal preservation constraints.
aptos_3080,PATH_C,0.9379,False,18.8666,4184.3746,2.9652,8.304,0.9732,1.4826,3.1837,Selected PATH_C with highest valid ARPS score (0.9379) satisfying all retinal preservation constraints.
aptos_2483,PATH_A,1.0507,False,16.3365,3601.3915,2.9652,13.7875,0.9582,1.4826,2.9105,Selected PATH_A with highest valid ARPS score (1.0507) satisfying all retinal preservation constraints.
aptos_3035,PATH_A,1.4126,False,24.3102,2016.0713,2.9652,20.7883,0.9627,1.4826,6.6488,Selected PATH_A with highest valid ARPS score (1.4126) satisfying all retinal preservation constraints.
aptos_0130,PATH_C,0.9768,False,15.0531,3332.8263,2.9652,6.991,0.9756,1.4826,-0.0196,Selected PATH_C with highest valid ARPS score (0.9768) satisfying all retinal preservation constraints.
aptos_0299,PATH_A,1.4057,False,18.5193,2762.6981,2.9652,19.8828,0.9727,1.4826,3.7468,Selected PATH_A with highest valid ARPS score (1.4057) satisfying all retinal preservation constraints.
aptos_1173,PATH_A,1.5276,False,16.9265,710.2235,1.4826,30.4599,0.9623,0.0,5.088,Selected PATH_A with highest valid ARPS score (1.5276) satisfying all retinal preservation constraints.
aptos_0007,PATH_A,1.4325,False,16.2927,2198.933,2.9652,13.8387,0.9751,1.4826,4.395,Selected PATH_A with highest valid ARPS score (1.4325) satisfying all retinal preservation constraints.
aptos_1830,PATH_A,1.4577,False,10.6259,1757.8256,2.9652,11.7229,0.9717,1.4826,4.0125,Selected PATH_A with highest valid ARPS score (1.4577) satisfying all retinal preservation constraints.
aptos_0298,PATH_A,1.3872,False,20.8014,2000.8991,2.9652,22.0198,0.9829,1.4826,1.7758,Selected PATH_A with highest valid ARPS score (1.3872) satisfying all retinal preservation constraints.
aptos_3094,PATH_A,1.4198,False,23.0984,2847.1964,2.9652,16.6481,0.976,1.4826,5.4749,Selected PATH_A with highest valid ARPS score (1.4198) satisfying all retinal preservation constraints.
aptos_1746,PATH_C,1.343,False,14.4394,2298.6599,2.9652,8.8788,0.9759,1.4826,-0.816,Selected PATH_C with highest valid ARPS score (1.3430) satisfying all retinal preservation constraints.
aptos_2170,PATH_C,1.0564,False,15.6018,2479.3405,2.9652,7.7547,0.9817,1.4826,2.7622,Selected PATH_C with highest valid ARPS score (1.0564) satisfying all retinal preservation constraints.
aptos_1647,PATH_A,1.3957,False,19.467,2423.0832,2.9652,24.1656,0.9827,1.4826,4.1436,Selected PATH_A with highest valid ARPS score (1.3957) satisfying all retinal preservation constraints.
aptos_0401,PATH_A,1.2765,False,25.2081,1703.6869,1.4826,25.4301,0.9647,0.0,1.0517,Selected PATH_A with highest valid ARPS score (1.2765) satisfying all retinal preservation constraints.
aptos_0629,PATH_B,0.531,False,23.8564,393.5379,1.4826,26.6538,0.8912,0.0,-1.8026,Selected PATH_B with highest valid ARPS score (0.5310) satisfying all retinal preservation constraints.
aptos_3225,PATH_C,1.4216,False,13.7583,1551.7553,2.9652,7.1041,0.9769,1.4826,0.0658,Selected PATH_C with highest valid ARPS score (1.4216) satisfying all retinal preservation constraints.
aptos_3284,PATH_C,1.0615,False,12.3897,1365.7433,2.9652,8.0297,0.9749,1.4826,1.6589,Selected PATH_C with highest valid ARPS score (1.0615) satisfying all retinal preservation constraints.
aptos_2485,PATH_A,1.4044,False,25.709,1682.5734,2.9652,21.8035,0.9705,1.4826,6.0131,Selected PATH_A with highest valid ARPS score (1.4044) satisfying all retinal preservation constraints.
aptos_3565,PATH_A,1.4679,False,19.3928,5724.7822,4.4478,16.3493,0.9787,1.4826,0.8297,Selected PATH_A with highest valid ARPS score (1.4679) satisfying all retinal preservation constraints.
aptos_3125,PATH_C,0.9883,False,12.6584,1941.6996,2.9652,7.6678,0.979,1.4826,0.8209,Selected PATH_C with highest valid ARPS score (0.9883) satisfying all retinal preservation constraints.
aptos_3215,PATH_A,1.3989,False,20.2859,2018.5147,2.9652,16.295,0.9758,1.4826,4.9418,Selected PATH_A with highest valid ARPS score (1.3989) satisfying all retinal preservation constraints.
aptos_0280,PATH_A,1.3945,False,26.3755,3803.1443,2.9652,20.4888,0.9818,1.4826,3.0346,Selected PATH_A with highest valid ARPS score (1.3945) satisfying all retinal preservation constraints.
aptos_0612,PATH_A,1.3763,False,23.5371,2437.6987,2.9652,25.2676,0.9751,1.4826,1.7332,Selected PATH_A with highest valid ARPS score (1.3763) satisfying all retinal preservation constraints.
aptos_1953,PATH_B,0.5047,False,18.881,939.6487,1.4826,12.8359,0.8996,0.0,3.2149,Selected PATH_B with highest valid ARPS score (0.5047) satisfying all retinal preservation constraints.
aptos_2509,PATH_A,1.3863,False,22.9885,2873.5945,2.9652,24.3473,0.9715,1.4826,3.3631,Selected PATH_A with highest valid ARPS score (1.3863) satisfying all retinal preservation constraints.
aptos_3404,PATH_C,1.4495,False,15.8322,1751.7069,2.9652,6.4945,0.9707,1.4826,3.9069,Selected PATH_C with highest valid ARPS score (1.4495) satisfying all retinal preservation constraints.
aptos_3458,PATH_B,0.7035,False,21.6323,395.4407,0.0,20.4323,0.8951,-1.4826,3.358,Selected PATH_B with highest valid ARPS score (0.7035) satisfying all retinal preservation constraints.
aptos_0634,PATH_A,1.4262,False,16.2577,3256.0957,2.9652,14.1216,0.9704,1.4826,3.8124,Selected PATH_A with highest valid ARPS score (1.4262) satisfying all retinal preservation constraints.
aptos_1390,PATH_A,1.0374,False,27.3137,2996.6049,2.9652,28.784,0.964,1.4826,2.2619,Selected PATH_A with highest valid ARPS score (1.0374) satisfying all retinal preservation constraints.
aptos_2400,PATH_A,1.4135,False,20.6312,3223.9761,2.9652,19.8425,0.982,1.4826,5.2181,Selected PATH_A with highest valid ARPS score (1.4135) satisfying all retinal preservation constraints.
aptos_0985,PATH_C,1.4529,False,12.7597,1182.8634,2.9652,6.536,0.9741,1.4826,3.4326,Selected PATH_C with highest valid ARPS score (1.4529) satisfying all retinal preservation constraints.
aptos_0139,PATH_C,1.4554,False,18.4406,1326.4021,2.9652,6.8507,0.9751,1.4826,5.34,Selected PATH_C with highest valid ARPS score (1.4554) satisfying all retinal preservation constraints.
aptos_3177,PATH_A,1.496,False,20.1933,5495.908,4.4478,15.6841,0.9806,1.4826,5.3636,Selected PATH_A with highest valid ARPS score (1.4960) satisfying all retinal preservation constraints.
aptos_0288,PATH_A,1.4449,False,17.0266,3293.3405,2.9652,13.7373,0.9852,1.4826,5.739,Selected PATH_A with highest valid ARPS score (1.4449) satisfying all retinal preservation constraints.
aptos_3170,PATH_B,0.5727,False,26.6117,571.7649,0.0,21.0091,0.9,-1.4826,0.4957,Selected PATH_B with highest valid ARPS score (0.5727) satisfying all retinal preservation constraints.
aptos_0246,PATH_A,1.4137,False,16.8744,2414.5755,2.9652,16.9706,0.9554,1.4826,3.5388,Selected PATH_A with highest valid ARPS score (1.4137) satisfying all retinal preservation constraints.
aptos_2168,PATH_A,1.1952,False,18.1756,3455.7832,2.9652,15.784,0.9761,1.4826,0.9666,Selected PATH_A with highest valid ARPS score (1.1952) satisfying all retinal preservation constraints.
aptos_0657,PATH_B,0.398,False,20.5086,729.2847,1.4826,16.4102,0.9146,0.0,0.8625,Selected PATH_B with highest valid ARPS score (0.3980) satisfying all retinal preservation constraints.
aptos_2102,PATH_C,0.8597,False,15.2173,2736.3752,2.9652,6.9208,0.9679,1.4826,-1.0608,Selected PATH_C with highest valid ARPS score (0.8597) satisfying all retinal preservation constraints.
aptos_1050,PATH_A,1.4065,False,20.1268,2135.081,2.9652,16.975,0.9766,1.4826,2.7828,Selected PATH_A with highest valid ARPS score (1.4065) satisfying all retinal preservation constraints.
aptos_0324,PATH_A,0.9931,False,13.5869,3154.061,2.9652,10.8558,0.9641,1.4826,0.1618,Selected PATH_A with highest valid ARPS score (0.9931) satisfying all retinal preservation constraints.
aptos_0965,PATH_C,1.4386,False,14.7141,895.2661,2.9652,5.9428,0.9585,1.4826,3.2371,Selected PATH_C with highest valid ARPS score (1.4386) satisfying all retinal preservation constraints.
aptos_2158,PATH_A,1.4021,False,18.2583,2201.5149,2.9652,20.4452,0.9756,1.4826,3.3728,Selected PATH_A with highest valid ARPS score (1.4021) satisfying all retinal preservation constraints.
aptos_0648,PATH_A,1.3544,False,28.109,2716.9375,2.9652,32.667,0.9788,1.4826,1.673,Selected PATH_A with highest valid ARPS score (1.3544) satisfying all retinal preservation constraints.
aptos_2118,PATH_A,1.417,False,12.9776,1390.88,2.9652,17.5904,0.9683,1.4826,3.1125,Selected PATH_A with highest valid ARPS score (1.4170) satisfying all retinal preservation constraints.
aptos_2031,PATH_A,1.602,False,13.0944,940.3669,1.4826,10.2185,0.968,0.0,5.0805,Selected PATH_A with highest valid ARPS score (1.6020) satisfying all retinal preservation constraints.
aptos_1620,PATH_A,1.4267,False,20.6492,3096.1208,2.9652,15.2511,0.9843,1.4826,5.2396,Selected PATH_A with highest valid ARPS score (1.4267) satisfying all retinal preservation constraints.
aptos_1815,PATH_A,1.3926,False,22.6866,5425.1267,4.4478,17.4397,0.979,1.4826,-0.3727,Selected PATH_A with highest valid ARPS score (1.3926) satisfying all retinal preservation constraints.
aptos_0315,PATH_A,1.429,False,17.3327,2236.5242,2.9652,13.1637,0.9637,1.4826,4.1428,Selected PATH_A with highest valid ARPS score (1.4290) satisfying all retinal preservation constraints.
aptos_0894,PATH_A,1.4408,False,13.5353,2195.3576,2.9652,14.7056,0.98,1.4826,4.4875,Selected PATH_A with highest valid ARPS score (1.4408) satisfying all retinal preservation constraints.
aptos_1947,PATH_A,1.5461,False,16.0418,1388.7945,1.4826,23.4415,0.9772,0.0,4.5898,Selected PATH_A with highest valid ARPS score (1.5461) satisfying all retinal preservation constraints.
aptos_3098,PATH_C,1.4473,False,13.0687,1028.833,2.9652,6.3855,0.9702,1.4826,2.9961,Selected PATH_C with highest valid ARPS score (1.4473) satisfying all retinal preservation constraints.
aptos_0716,PATH_A,1.4331,False,26.5299,5866.8885,4.4478,26.3113,0.9766,1.4826,-0.939,Selected PATH_A with highest valid ARPS score (1.4331) satisfying all retinal preservation constraints.
aptos_1855,PATH_B,0.353,False,21.3088,512.0993,1.4826,17.3432,0.8977,0.0,-2.6768,Selected PATH_B with highest valid ARPS score (0.3530) satisfying all retinal preservation constraints.
aptos_1987,PATH_A,1.3997,False,21.8621,2337.5326,2.9652,21.0644,0.9685,1.4826,4.0178,Selected PATH_A with highest valid ARPS score (1.3997) satisfying all retinal preservation constraints.
aptos_1622,PATH_B,0.5231,False,20.4426,657.5997,1.4826,33.6742,0.8834,-1.4826,4.7517,Selected PATH_B with highest valid ARPS score (0.5231) satisfying all retinal preservation constraints.
aptos_2934,PATH_B,0.3927,False,18.0471,583.6622,1.4826,16.2363,0.9065,0.0,0.1875,Selected PATH_B with highest valid ARPS score (0.3927) satisfying all retinal preservation constraints.
aptos_3448,PATH_B,0.3882,False,17.9713,554.1116,1.4826,16.3796,0.9084,0.0,-0.1984,Selected PATH_B with highest valid ARPS score (0.3882) satisfying all retinal preservation constraints.
aptos_1402,PATH_A,1.4254,False,20.7456,2106.9752,2.9652,16.4385,0.9723,1.4826,5.6627,Selected PATH_A with highest valid ARPS score (1.4254) satisfying all retinal preservation constraints.
aptos_2642,PATH_B,0.565,False,21.4931,726.9696,1.4826,19.5857,0.9277,0.0,-0.9299,Selected PATH_B with highest valid ARPS score (0.5650) satisfying all retinal preservation constraints.
aptos_1899,PATH_C,0.7937,False,15.8662,2766.8097,2.9652,7.9022,0.9644,1.4826,2.0808,Selected PATH_C with highest valid ARPS score (0.7937) satisfying all retinal preservation constraints.
aptos_2826,PATH_A,0.91,False,45.9599,7897.384,2.9652,32.9137,0.974,1.4826,-1.2725,Selected PATH_A with highest valid ARPS score (0.9100) satisfying all retinal preservation constraints.
aptos_0651,PATH_A,1.4148,False,16.0219,2049.7424,2.9652,13.3493,0.9778,1.4826,1.907,Selected PATH_A with highest valid ARPS score (1.4148) satisfying all retinal preservation constraints.
aptos_2836,PATH_A,1.4209,False,19.4905,3253.4618,2.9652,14.9166,0.9737,1.4826,4.107,Selected PATH_A with highest valid ARPS score (1.4209) satisfying all retinal preservation constraints.
aptos_2969,PATH_C,1.3818,False,16.2425,1923.0148,2.9652,6.9941,0.974,1.4826,1.2695,Selected PATH_C with highest valid ARPS score (1.3818) satisfying all retinal preservation constraints.
aptos_0452,PATH_C,1.1653,False,14.3374,2322.3184,2.9652,7.7964,0.9807,1.4826,1.321,Selected PATH_C with highest valid ARPS score (1.1653) satisfying all retinal preservation constraints.
aptos_2625,PATH_A,1.5283,False,16.2743,887.6969,1.4826,26.1416,0.9583,0.0,3.6851,Selected PATH_A with highest valid ARPS score (1.5283) satisfying all retinal preservation constraints.
aptos_1223,PATH_B,0.3976,False,16.7586,565.8125,1.4826,15.4995,0.8998,0.0,-0.093,Selected PATH_B with highest valid ARPS score (0.3976) satisfying all retinal preservation constraints.
aptos_0917,PATH_A,1.4402,False,20.1798,3157.4111,2.9652,12.5926,0.983,1.4826,5.9065,Selected PATH_A with highest valid ARPS score (1.4402) satisfying all retinal preservation constraints.
aptos_1333,PATH_C,1.0083,False,14.5394,2851.334,2.9652,8.6173,0.9757,1.4826,-0.6937,Selected PATH_C with highest valid ARPS score (1.0083) satisfying all retinal preservation constraints.
aptos_0762,PATH_A,1.3898,False,21.5529,2597.3869,2.9652,22.7279,0.9805,1.4826,2.825,Selected PATH_A with highest valid ARPS score (1.3898) satisfying all retinal preservation constraints.
aptos_2458,PATH_A,1.1219,False,15.2652,3522.2907,2.9652,12.1738,0.9738,1.4826,2.273,Selected PATH_A with highest valid ARPS score (1.1219) satisfying all retinal preservation constraints.
aptos_2107,PATH_A,1.5416,False,21.666,1546.5084,1.4826,21.7062,0.9734,0.0,4.8697,Selected PATH_A with highest valid ARPS score (1.5416) satisfying all retinal preservation constraints.
aptos_2196,PATH_A,1.4593,False,16.3577,3343.8083,2.9652,11.758,0.9816,1.4826,6.2498,Selected PATH_A with highest valid ARPS score (1.4593) satisfying all retinal preservation constraints.
aptos_3184,PATH_C,0.7944,False,13.484,1506.5799,2.9652,11.3881,0.9612,0.0,1.3512,Selected PATH_C with highest valid ARPS score (0.7944) satisfying all retinal preservation constraints.
aptos_3209,PATH_A,1.4349,False,16.9546,3091.6233,2.9652,12.701,0.9748,1.4826,4.4931,Selected PATH_A with highest valid ARPS score (1.4349) satisfying all retinal preservation constraints.
aptos_2026,PATH_B,0.4773,False,28.9141,1304.1606,1.4826,24.9982,0.9212,0.0,1.1296,Selected PATH_B with highest valid ARPS score (0.4773) satisfying all retinal preservation constraints.
aptos_2296,PATH_A,1.3727,False,22.8696,2382.6033,2.9652,23.0751,0.9754,1.4826,-0.963,Selected PATH_A with highest valid ARPS score (1.3727) satisfying all retinal preservation constraints.
aptos_3145,PATH_C,1.4542,False,15.144,1686.4628,2.9652,7.4561,0.9775,1.4826,4.4189,Selected PATH_C with highest valid ARPS score (1.4542) satisfying all retinal preservation constraints.
aptos_2040,PATH_C,1.3583,False,15.6664,3133.0695,2.9652,7.0012,0.9784,1.4826,1.0344,Selected PATH_C with highest valid ARPS score (1.3583) satisfying all retinal preservation constraints.
aptos_1141,PATH_A,1.2468,False,25.2375,1607.1945,1.4826,24.6567,0.9784,1.4826,3.4416,Selected PATH_A with highest valid ARPS score (1.2468) satisfying all retinal preservation constraints.
aptos_0102,PATH_A,1.4181,False,20.0699,1898.9591,2.9652,13.7282,0.9656,1.4826,3.3363,Selected PATH_A with highest valid ARPS score (1.4181) satisfying all retinal preservation constraints.
aptos_2615,PATH_B,0.4036,False,19.0963,785.7725,1.4826,15.9692,0.9264,0.0,-0.4632,Selected PATH_B with highest valid ARPS score (0.4036) satisfying all retinal preservation constraints.
aptos_2148,PATH_A,1.4433,False,15.601,2157.7236,2.9652,11.7099,0.9678,1.4826,4.7186,Selected PATH_A with highest valid ARPS score (1.4433) satisfying all retinal preservation constraints.
aptos_0420,PATH_B,0.4065,False,17.4833,683.8587,1.4826,15.3228,0.9085,0.0,0.572,Selected PATH_B with highest valid ARPS score (0.4065) satisfying all retinal preservation constraints.
aptos_3078,PATH_C,1.523,False,15.975,1279.8857,1.4826,8.1854,0.9756,0.0,4.2631,Selected PATH_C with highest valid ARPS score (1.5230) satisfying all retinal preservation constraints.
aptos_2165,PATH_A,1.372,False,22.1858,2258.2427,2.9652,23.4372,0.9793,1.4826,-0.9069,Selected PATH_A with highest valid ARPS score (1.3720) satisfying all retinal preservation constraints.
aptos_2347,PATH_B,0.395,False,17.7952,537.6996,1.4826,16.8075,0.9074,0.0,-1.392,Selected PATH_B with highest valid ARPS score (0.3950) satisfying all retinal preservation constraints.
aptos_0116,PATH_C,0.954,False,15.5796,3347.4617,2.9652,7.5173,0.9722,1.4826,-0.2293,Selected PATH_C with highest valid ARPS score (0.9540) satisfying all retinal preservation constraints.
aptos_2436,PATH_A,1.0799,False,21.2623,3961.2063,2.9652,17.0676,0.9748,1.4826,1.9637,Selected PATH_A with highest valid ARPS score (1.0799) satisfying all retinal preservation constraints.
aptos_1424,PATH_A,1.4379,False,21.2307,2952.1386,2.9652,11.9045,0.9807,1.4826,5.6755,Selected PATH_A with highest valid ARPS score (1.4379) satisfying all retinal preservation constraints.
aptos_2866,PATH_C,0.8731,False,14.6373,2919.2636,2.9652,7.8919,0.9736,1.4826,-1.2531,Selected PATH_C with highest valid ARPS score (0.8731) satisfying all retinal preservation constraints.
aptos_3592,PATH_A,1.1404,False,14.9057,3097.505,2.9652,13.6289,0.9703,1.4826,1.1749,Selected PATH_A with highest valid ARPS score (1.1404) satisfying all retinal preservation constraints.
aptos_3111,PATH_A,1.4147,False,19.4293,2089.1217,2.9652,18.5939,0.9723,1.4826,4.6966,Selected PATH_A with highest valid ARPS score (1.4147) satisfying all retinal preservation constraints.
aptos_3200,PATH_A,1.4925,False,31.2378,1895.8595,1.4826,32.2104,0.9657,0.0,1.7694,Selected PATH_A with highest valid ARPS score (1.4925) satisfying all retinal preservation constraints.
aptos_2465,PATH_A,1.3708,False,29.5342,4660.0479,2.9652,25.6984,0.9799,1.4826,0.654,Selected PATH_A with highest valid ARPS score (1.3708) satisfying all retinal preservation constraints.
aptos_2890,PATH_A,1.4356,False,19.0166,2497.7875,2.9652,19.7115,0.9587,1.4826,7.296,Selected PATH_A with highest valid ARPS score (1.4356) satisfying all retinal preservation constraints.
aptos_1738,PATH_A,1.4001,False,19.4551,2188.2836,2.9652,19.8174,0.9711,1.4826,3.0284,Selected PATH_A with highest valid ARPS score (1.4001) satisfying all retinal preservation constraints.
aptos_1420,PATH_C,1.4229,False,13.584,1680.2968,2.9652,7.3141,0.9785,1.4826,0.3515,Selected PATH_C with highest valid ARPS score (1.4229) satisfying all retinal preservation constraints.
aptos_1004,PATH_A,1.3906,False,21.6215,2544.7528,2.9652,19.7923,0.9776,1.4826,1.2794,Selected PATH_A with highest valid ARPS score (1.3906) satisfying all retinal preservation constraints.
aptos_0641,PATH_B,0.4695,False,20.5449,572.6424,1.4826,19.5557,0.8956,0.0,-1.0057,Selected PATH_B with highest valid ARPS score (0.4695) satisfying all retinal preservation constraints.
aptos_3301,PATH_A,1.4048,False,20.2442,1551.1953,2.9652,22.2535,0.9721,1.4826,4.9646,Selected PATH_A with highest valid ARPS score (1.4048) satisfying all retinal preservation constraints.
aptos_1709,PATH_A,1.4582,False,13.5612,1956.0592,2.9652,11.7322,0.9727,1.4826,5.1473,Selected PATH_A with highest valid ARPS score (1.4582) satisfying all retinal preservation constraints.
aptos_2063,PATH_C,0.9683,False,15.0369,3059.9837,2.9652,9.0598,0.9754,1.4826,1.9097,Selected PATH_C with highest valid ARPS score (0.9683) satisfying all retinal preservation constraints.
aptos_0346,PATH_C,0.86,False,16.0864,3296.4524,2.9652,7.7829,0.9728,1.4826,0.2923,Selected PATH_C with highest valid ARPS score (0.8600) satisfying all retinal preservation constraints.
aptos_0242,PATH_C,0.8798,False,15.4268,2883.1764,2.9652,7.5929,0.9723,1.4826,-0.4488,Selected PATH_C with highest valid ARPS score (0.8798) satisfying all retinal preservation constraints.
aptos_1279,PATH_A,1.2491,False,32.1646,3317.5968,2.9652,33.9042,0.9732,1.4826,0.7946,Selected PATH_A with highest valid ARPS score (1.2491) satisfying all retinal preservation constraints.
aptos_1248,PATH_B,0.3847,False,17.5054,553.3,1.4826,15.4475,0.9048,0.0,-1.2898,Selected PATH_B with highest valid ARPS score (0.3847) satisfying all retinal preservation constraints.
aptos_2426,PATH_A,1.4117,False,18.8861,2367.9814,2.9652,16.1847,0.9786,1.4826,3.074,Selected PATH_A with highest valid ARPS score (1.4117) satisfying all retinal preservation constraints.
aptos_1121,PATH_A,1.3448,False,35.2724,1871.331,2.9652,34.3685,0.9786,1.4826,0.176,Selected PATH_A with highest valid ARPS score (1.3448) satisfying all retinal preservation constraints.
aptos_0501,PATH_A,0.7452,False,32.5842,1773.0073,1.4826,39.9248,0.9453,1.4826,1.8112,Selected PATH_A with highest valid ARPS score (0.7452) satisfying all retinal preservation constraints.
aptos_0126,PATH_A,1.3687,False,24.1929,1494.9067,2.9652,27.8736,0.9746,1.4826,1.7218,Selected PATH_A with highest valid ARPS score (1.3687) satisfying all retinal preservation constraints.
aptos_1750,PATH_A,1.4311,False,26.737,2208.8791,1.4826,27.2796,0.9714,0.0,1.7432,Selected PATH_A with highest valid ARPS score (1.4311) satisfying all retinal preservation constraints.
aptos_3216,PATH_B,0.4299,False,18.6404,472.3205,1.4826,19.74,0.8858,0.0,2.4322,Selected PATH_B with highest valid ARPS score (0.4299) satisfying all retinal preservation constraints.
aptos_0608,PATH_C,0.9503,False,15.0635,3049.5176,2.9652,7.9573,0.9705,1.4826,-3.0494,Selected PATH_C with highest valid ARPS score (0.9503) satisfying all retinal preservation constraints.
aptos_1582,PATH_A,1.351,False,27.65,2366.2348,2.9652,34.254,0.978,1.4826,1.9801,Selected PATH_A with highest valid ARPS score (1.3510) satisfying all retinal preservation constraints.
aptos_3156,PATH_A,1.3996,False,19.1162,1242.3351,2.9652,19.5307,0.9628,1.4826,2.8577,Selected PATH_A with highest valid ARPS score (1.3996) satisfying all retinal preservation constraints.
aptos_3484,PATH_B,0.4445,False,22.6463,709.2666,1.4826,20.5591,0.8936,0.0,-3.5221,Selected PATH_B with highest valid ARPS score (0.4445) satisfying all retinal preservation constraints.
aptos_2234,PATH_A,1.4682,False,21.9952,4914.9949,4.4478,19.2978,0.9748,1.4826,2.9204,Selected PATH_A with highest valid ARPS score (1.4682) satisfying all retinal preservation constraints.
aptos_1683,PATH_A,1.1707,False,17.6149,3993.8166,3.7065,15.1265,0.9643,2.2239,1.7095,Selected PATH_A with highest valid ARPS score (1.1707) satisfying all retinal preservation constraints.
aptos_1493,PATH_A,1.3925,False,18.7952,1552.4883,2.9652,26.0711,0.9767,1.4826,4.3583,Selected PATH_A with highest valid ARPS score (1.3925) satisfying all retinal preservation constraints.
aptos_1869,PATH_A,1.4207,False,18.0824,2250.3393,2.9652,16.9575,0.9741,1.4826,4.5284,Selected PATH_A with highest valid ARPS score (1.4207) satisfying all retinal preservation constraints.
aptos_0348,PATH_C,1.1752,False,11.9223,1726.5662,2.9652,11.5256,0.9707,1.4826,-4.9388,Selected PATH_C with highest valid ARPS score (1.1752) satisfying all retinal preservation constraints.
aptos_0619,PATH_C,1.5623,False,13.8936,1135.9378,1.4826,7.7752,0.9716,0.0,5.2591,Selected PATH_C with highest valid ARPS score (1.5623) satisfying all retinal preservation constraints.
aptos_2877,PATH_C,1.4278,False,13.1297,1106.9619,2.9652,7.451,0.966,1.4826,1.2089,Selected PATH_C with highest valid ARPS score (1.4278) satisfying all retinal preservation constraints.
aptos_0709,PATH_A,1.4386,False,15.3618,2256.0207,2.9652,12.7533,0.9627,1.4826,4.5215,Selected PATH_A with highest valid ARPS score (1.4386) satisfying all retinal preservation constraints.
aptos_1545,PATH_A,1.4122,True,45.4359,1631.0281,1.4826,45.966,0.9615,0.0,-5.5342,No candidate met all strict constraints. Selected PATH_A under documented fallback policy (least constraint penalty violation).
aptos_2815,PATH_A,1.5306,False,21.9704,1138.5008,1.4826,23.5638,0.9591,0.0,4.1361,Selected PATH_A with highest valid ARPS score (1.5306) satisfying all retinal preservation constraints.
aptos_2677,PATH_C,0.9344,False,19.99,2790.5187,2.9652,7.5434,0.9764,1.4826,5.0625,Selected PATH_C with highest valid ARPS score (0.9344) satisfying all retinal preservation constraints.
aptos_2936,PATH_C,0.6475,False,15.4887,746.2844,1.4826,10.3479,0.9619,0.0,-1.2558,Selected PATH_C with highest valid ARPS score (0.6475) satisfying all retinal preservation constraints.
aptos_1013,PATH_C,0.8856,False,15.9024,3376.9998,2.9652,8.1704,0.9735,1.4826,-3.6474,Selected PATH_C with highest valid ARPS score (0.8856) satisfying all retinal preservation constraints.
aptos_0986,PATH_C,1.4357,False,12.7843,1510.0934,2.9652,8.3831,0.9767,1.4826,2.3028,Selected PATH_C with highest valid ARPS score (1.4357) satisfying all retinal preservation constraints.
aptos_1929,PATH_C,0.9274,False,14.8181,3092.9733,2.9652,8.1715,0.9732,1.4826,-2.3343,Selected PATH_C with highest valid ARPS score (0.9274) satisfying all retinal preservation constraints.
aptos_0597,PATH_C,1.4611,False,17.0217,1090.9556,2.9652,6.5773,0.9657,1.4826,5.4851,Selected PATH_C with highest valid ARPS score (1.4611) satisfying all retinal preservation constraints.
aptos_0470,PATH_A,1.5109,False,23.1254,882.0823,1.4826,24.3751,0.9648,0.0,0.3558,Selected PATH_A with highest valid ARPS score (1.5109) satisfying all retinal preservation constraints.
aptos_2526,PATH_B,0.4139,False,18.334,745.0904,1.4826,15.372,0.9128,0.0,0.4991,Selected PATH_B with highest valid ARPS score (0.4139) satisfying all retinal preservation constraints.
aptos_2089,PATH_A,1.1213,False,41.4412,2408.197,1.4826,38.6397,0.9641,0.0,-0.9262,Selected PATH_A with highest valid ARPS score (1.1213) satisfying all retinal preservation constraints.
aptos_0453,PATH_A,1.5166,False,21.521,1427.0035,1.4826,29.5937,0.9832,0.0,4.292,Selected PATH_A with highest valid ARPS score (1.5166) satisfying all retinal preservation constraints.
aptos_0091,PATH_C,0.8388,False,15.2195,2300.695,2.9652,7.3914,0.9678,1.4826,0.0167,Selected PATH_C with highest valid ARPS score (0.8388) satisfying all retinal preservation constraints.
aptos_0636,PATH_A,1.4417,False,14.0647,1419.2266,2.9652,11.526,0.9645,1.4826,4.0993,Selected PATH_A with highest valid ARPS score (1.4417) satisfying all retinal preservation constraints.
aptos_1584,PATH_C,1.0196,False,13.7478,3109.9814,2.9652,8.6108,0.9757,1.4826,-3.5215,Selected PATH_C with highest valid ARPS score (1.0196) satisfying all retinal preservation constraints.
aptos_3220,PATH_C,1.4874,False,13.4011,2820.8814,4.4478,8.2214,0.9715,1.4826,0.1161,Selected PATH_C with highest valid ARPS score (1.4874) satisfying all retinal preservation constraints.
aptos_2193,PATH_A,1.4188,False,18.224,1852.4164,2.9652,19.4178,0.9748,1.4826,5.1546,Selected PATH_A with highest valid ARPS score (1.4188) satisfying all retinal preservation constraints.
aptos_1946,PATH_C,0.9271,False,16.5745,3459.6378,2.9652,8.1861,0.9653,1.4826,-2.535,Selected PATH_C with highest valid ARPS score (0.9271) satisfying all retinal preservation constraints.
aptos_2715,PATH_A,1.4152,False,22.7404,1484.1961,2.9652,17.5923,0.9606,1.4826,5.2577,Selected PATH_A with highest valid ARPS score (1.4152) satisfying all retinal preservation constraints.
aptos_2959,PATH_A,1.3865,False,25.1061,4245.0727,2.9652,25.3697,0.9814,1.4826,4.2078,Selected PATH_A with highest valid ARPS score (1.3865) satisfying all retinal preservation constraints.
aptos_1143,PATH_A,1.1423,False,17.7924,3770.3412,2.9652,12.1985,0.9617,1.4826,3.9116,Selected PATH_A with highest valid ARPS score (1.1423) satisfying all retinal preservation constraints.
aptos_0701,PATH_B,0.3756,False,17.5802,569.8322,1.4826,14.7492,0.9173,0.0,-0.8375,Selected PATH_B with highest valid ARPS score (0.3756) satisfying all retinal preservation constraints.
aptos_3542,PATH_A,1.4393,False,19.8143,2198.0888,2.9652,16.38,0.9711,1.4826,6.9687,Selected PATH_A with highest valid ARPS score (1.4393) satisfying all retinal preservation constraints.
aptos_2619,PATH_C,0.7987,False,15.1746,2664.2289,2.9652,7.217,0.9646,1.4826,1.0738,Selected PATH_C with highest valid ARPS score (0.7987) satisfying all retinal preservation constraints.
aptos_0969,PATH_A,1.4202,False,19.7791,1345.5045,2.9652,13.4802,0.9738,1.4826,3.4256,Selected PATH_A with highest valid ARPS score (1.4202) satisfying all retinal preservation constraints.
aptos_1167,PATH_A,1.4004,False,18.5093,2971.9988,2.9652,17.29,0.9739,1.4826,1.675,Selected PATH_A with highest valid ARPS score (1.4004) satisfying all retinal preservation constraints.
aptos_2034,PATH_C,1.0293,False,15.5917,1401.8127,2.9652,8.4021,0.9694,1.4826,1.2863,Selected PATH_C with highest valid ARPS score (1.0293) satisfying all retinal preservation constraints.
aptos_0115,PATH_A,1.3762,False,27.348,2505.8992,2.9652,27.5807,0.9823,1.4826,3.6015,Selected PATH_A with highest valid ARPS score (1.3762) satisfying all retinal preservation constraints.
aptos_3490,PATH_A,1.4437,False,18.1176,3506.6983,2.9652,11.7913,0.9818,1.4826,5.4499,Selected PATH_A with highest valid ARPS score (1.4437) satisfying all retinal preservation constraints.
aptos_0161,PATH_A,1.3729,False,29.7483,4633.122,2.9652,30.4842,0.9868,1.4826,5.0865,Selected PATH_A with highest valid ARPS score (1.3729) satisfying all retinal preservation constraints.
aptos_0884,PATH_A,1.4023,False,20.9858,2464.4792,2.9652,23.7129,0.9518,1.4826,5.5722,Selected PATH_A with highest valid ARPS score (1.4023) satisfying all retinal preservation constraints.
aptos_2218,PATH_A,1.1578,False,17.8447,3444.5262,2.9652,15.7458,0.9559,1.4826,2.1368,Selected PATH_A with highest valid ARPS score (1.1578) satisfying all retinal preservation constraints.
aptos_2334,PATH_B,0.3919,False,21.3383,538.5605,1.4826,18.9818,0.9143,0.0,0.8904,Selected PATH_B with highest valid ARPS score (0.3919) satisfying all retinal preservation constraints.
aptos_3159,PATH_C,0.6967,False,20.9474,665.6057,1.4826,13.2096,0.9447,0.0,-2.9739,Selected PATH_C with highest valid ARPS score (0.6967) satisfying all retinal preservation constraints.
aptos_0049,PATH_C,1.4446,False,14.9473,1602.6182,2.9652,7.2334,0.9755,1.4826,3.3616,Selected PATH_C with highest valid ARPS score (1.4446) satisfying all retinal preservation constraints.
aptos_1995,PATH_C,0.7783,False,15.6889,2693.3258,2.9652,7.0855,0.9646,1.4826,0.5197,Selected PATH_C with highest valid ARPS score (0.7783) satisfying all retinal preservation constraints.
aptos_2658,PATH_A,1.4366,False,16.1101,2828.5056,2.9652,10.2561,0.9741,1.4826,3.6952,Selected PATH_A with highest valid ARPS score (1.4366) satisfying all retinal preservation constraints.
aptos_1862,PATH_A,1.3562,False,34.7677,6313.7015,2.9652,33.3206,0.9808,1.4826,3.3281,Selected PATH_A with highest valid ARPS score (1.3562) satisfying all retinal preservation constraints.
aptos_1798,PATH_A,1.5188,False,16.4454,719.0765,1.4826,32.7823,0.9628,0.0,4.7133,Selected PATH_A with highest valid ARPS score (1.5188) satisfying all retinal preservation constraints.
aptos_0934,PATH_A,1.4279,False,22.8182,4161.2171,4.4478,33.8182,0.9747,1.4826,3.1618,Selected PATH_A with highest valid ARPS score (1.4279) satisfying all retinal preservation constraints.
aptos_0991,PATH_A,1.4966,False,20.2725,6831.0481,4.4478,14.8347,0.9697,1.4826,5.2377,Selected PATH_A with highest valid ARPS score (1.4966) satisfying all retinal preservation constraints.
aptos_2407,PATH_C,1.4423,False,13.7794,928.392,2.9652,7.3685,0.9588,1.4826,3.0167,Selected PATH_C with highest valid ARPS score (1.4423) satisfying all retinal preservation constraints.
aptos_0162,PATH_C,1.1801,False,14.6169,1824.3545,2.9652,8.3904,0.976,1.4826,0.6321,Selected PATH_C with highest valid ARPS score (1.1801) satisfying all retinal preservation constraints.
aptos_1517,PATH_A,1.4314,False,20.3856,3391.1253,2.9652,14.8842,0.9831,1.4826,5.671,Selected PATH_A with highest valid ARPS score (1.4314) satisfying all retinal preservation constraints.
aptos_3316,PATH_A,1.3502,False,31.1343,2781.5244,2.9652,33.8031,0.9802,1.4826,1.4881,Selected PATH_A with highest valid ARPS score (1.3502) satisfying all retinal preservation constraints.
aptos_2123,PATH_A,1.5287,False,18.0959,735.5441,1.4826,24.3851,0.9698,0.0,3.3701,Selected PATH_A with highest valid ARPS score (1.5287) satisfying all retinal preservation constraints.
aptos_1530,PATH_A,1.3905,False,21.6781,3286.2995,2.9652,20.9616,0.9803,1.4826,1.9586,Selected PATH_A with highest valid ARPS score (1.3905) satisfying all retinal preservation constraints.
aptos_1754,PATH_C,1.0974,False,18.3377,2371.2156,2.9652,7.8279,0.9748,1.4826,6.4392,Selected PATH_C with highest valid ARPS score (1.0974) satisfying all retinal preservation constraints.
aptos_2981,PATH_A,1.4183,False,18.2711,3459.375,2.9652,15.9734,0.9758,1.4826,3.8829,Selected PATH_A with highest valid ARPS score (1.4183) satisfying all retinal preservation constraints.
aptos_1192,PATH_A,1.4293,False,14.0186,801.7996,2.9652,15.1295,0.9719,1.4826,3.8484,Selected PATH_A with highest valid ARPS score (1.4293) satisfying all retinal preservation constraints.
aptos_1152,PATH_A,1.3856,False,23.1837,1974.9942,2.9652,23.3416,0.9788,1.4826,2.5357,Selected PATH_A with highest valid ARPS score (1.3856) satisfying all retinal preservation constraints.
aptos_2283,PATH_C,0.9833,False,14.8689,3392.7028,2.9652,7.3724,0.9755,1.4826,-1.9515,Selected PATH_C with highest valid ARPS score (0.9833) satisfying all retinal preservation constraints.
aptos_0067,PATH_A,1.3826,False,21.6484,2028.6113,2.9652,30.8167,0.9706,1.4826,5.6068,Selected PATH_A with highest valid ARPS score (1.3826) satisfying all retinal preservation constraints.
aptos_2585,PATH_A,1.3378,False,15.0466,1712.8328,2.9652,14.9223,0.9627,1.4826,2.1431,Selected PATH_A with highest valid ARPS score (1.3378) satisfying all retinal preservation constraints.
aptos_0062,PATH_A,1.3308,False,23.9955,5487.1052,4.4478,19.4246,0.984,1.4826,-0.3787,Selected PATH_A with highest valid ARPS score (1.3308) satisfying all retinal preservation constraints.
aptos_2169,PATH_A,1.4397,False,12.3022,1151.8592,2.9652,18.5481,0.9485,1.4826,4.8061,Selected PATH_A with highest valid ARPS score (1.4397) satisfying all retinal preservation constraints.
aptos_1564,PATH_C,0.9692,False,14.8663,3288.9628,2.9652,8.7851,0.9756,1.4826,-1.2418,Selected PATH_C with highest valid ARPS score (0.9692) satisfying all retinal preservation constraints.
aptos_2647,PATH_C,1.0097,False,15.413,3286.5097,2.9652,7.7795,0.9763,1.4826,2.0959,Selected PATH_C with highest valid ARPS score (1.0097) satisfying all retinal preservation constraints.
aptos_0810,PATH_A,1.3813,False,28.2337,2312.8822,2.9652,22.3118,0.9637,1.4826,1.2989,Selected PATH_A with highest valid ARPS score (1.3813) satisfying all retinal preservation constraints.
aptos_1757,PATH_B,0.3744,False,19.9122,574.1666,1.4826,17.1066,0.9122,0.0,-2.0243,Selected PATH_B with highest valid ARPS score (0.3744) satisfying all retinal preservation constraints.
aptos_2611,PATH_A,1.4021,False,19.145,2401.8976,2.9652,14.8508,0.9784,1.4826,0.6047,Selected PATH_A with highest valid ARPS score (1.4021) satisfying all retinal preservation constraints.
aptos_0487,PATH_A,1.4097,False,22.5063,3500.9707,2.9652,18.2854,0.9793,1.4826,4.3809,Selected PATH_A with highest valid ARPS score (1.4097) satisfying all retinal preservation constraints.
aptos_0769,PATH_C,0.8667,False,16.6246,3001.3351,2.9652,7.9963,0.9645,1.4826,-2.9302,Selected PATH_C with highest valid ARPS score (0.8667) satisfying all retinal preservation constraints.
aptos_3656,PATH_A,1.3792,False,29.1908,1994.523,2.9652,24.7308,0.9775,1.4826,2.5016,Selected PATH_A with highest valid ARPS score (1.3792) satisfying all retinal preservation constraints.
aptos_3044,PATH_C,0.9451,False,16.6423,3627.6085,2.9652,7.6432,0.9726,1.4826,-1.803,Selected PATH_C with highest valid ARPS score (0.9451) satisfying all retinal preservation constraints.
aptos_0827,PATH_C,1.4345,False,14.702,1132.1037,2.9652,6.9051,0.9694,1.4826,2.0315,Selected PATH_C with highest valid ARPS score (1.4345) satisfying all retinal preservation constraints.
aptos_2858,PATH_B,0.3904,False,18.461,584.9361,1.4826,16.0621,0.9051,0.0,-0.1127,Selected PATH_B with highest valid ARPS score (0.3904) satisfying all retinal preservation constraints.
aptos_0323,PATH_A,1.4065,False,25.0868,2312.4376,2.9652,13.9341,0.9667,1.4826,1.5073,Selected PATH_A with highest valid ARPS score (1.4065) satisfying all retinal preservation constraints.
aptos_3435,PATH_C,1.4533,False,15.4665,1112.7538,2.9652,6.7796,0.9705,1.4826,4.2951,Selected PATH_C with highest valid ARPS score (1.4533) satisfying all retinal preservation constraints.
aptos_1207,PATH_A,1.0596,False,15.6394,3421.6164,2.9652,12.8299,0.9719,1.4826,1.2253,Selected PATH_A with highest valid ARPS score (1.0596) satisfying all retinal preservation constraints.
aptos_1348,PATH_B,0.5259,False,23.8902,667.2424,1.4826,23.4906,0.9193,0.0,-2.0109,Selected PATH_B with highest valid ARPS score (0.5259) satisfying all retinal preservation constraints.
aptos_0904,PATH_B,0.4187,False,18.5816,634.9327,1.4826,16.7692,0.9069,0.0,0.7488,Selected PATH_B with highest valid ARPS score (0.4187) satisfying all retinal preservation constraints.
aptos_3082,PATH_C,0.9302,False,15.8157,3346.8784,2.9652,7.4293,0.9753,1.4826,-0.242,Selected PATH_C with highest valid ARPS score (0.9302) satisfying all retinal preservation constraints.
aptos_1533,PATH_A,1.4166,False,24.3045,1751.6256,2.9652,15.6085,0.9659,1.4826,4.7806,Selected PATH_A with highest valid ARPS score (1.4166) satisfying all retinal preservation constraints.
aptos_2120,PATH_A,1.5279,False,22.1731,1455.1119,1.4826,22.7007,0.9705,0.0,3.0573,Selected PATH_A with highest valid ARPS score (1.5279) satisfying all retinal preservation constraints.
aptos_0565,PATH_A,1.4401,False,17.1236,1671.398,2.9652,14.5795,0.9685,1.4826,5.6574,Selected PATH_A with highest valid ARPS score (1.4401) satisfying all retinal preservation constraints.
aptos_1284,PATH_A,1.3996,False,18.148,2050.6157,2.9652,16.9582,0.9786,1.4826,1.243,Selected PATH_A with highest valid ARPS score (1.3996) satisfying all retinal preservation constraints.
aptos_0891,PATH_A,1.3997,False,23.858,2992.2868,2.9652,18.8772,0.9772,1.4826,2.9765,Selected PATH_A with highest valid ARPS score (1.3997) satisfying all retinal preservation constraints.
aptos_1976,PATH_C,1.2469,False,12.7914,1628.2494,2.9652,7.8893,0.9646,1.4826,-4.229,Selected PATH_C with highest valid ARPS score (1.2469) satisfying all retinal preservation constraints.
aptos_0388,PATH_A,1.444,False,14.2481,1827.7664,2.9652,13.723,0.9784,1.4826,4.7685,Selected PATH_A with highest valid ARPS score (1.4440) satisfying all retinal preservation constraints.
aptos_2729,PATH_C,1.0024,False,16.0305,3104.8388,2.9652,8.8946,0.9749,1.4826,0.4186,Selected PATH_C with highest valid ARPS score (1.0024) satisfying all retinal preservation constraints.
aptos_3289,PATH_A,1.3805,False,22.4054,2649.5566,2.9652,25.367,0.9764,1.4826,2.6254,Selected PATH_A with highest valid ARPS score (1.3805) satisfying all retinal preservation constraints.
aptos_1858,PATH_C,0.9336,False,14.635,2674.8528,2.9652,8.1326,0.9752,1.4826,1.4756,Selected PATH_C with highest valid ARPS score (0.9336) satisfying all retinal preservation constraints.
aptos_1104,PATH_A,1.3729,False,26.6535,4305.8115,2.9652,27.827,0.9804,1.4826,2.871,Selected PATH_A with highest valid ARPS score (1.3729) satisfying all retinal preservation constraints.
aptos_2492,PATH_B,0.383,False,19.3364,563.7462,1.4826,16.4927,0.9079,0.0,0.8561,Selected PATH_B with highest valid ARPS score (0.3830) satisfying all retinal preservation constraints.
aptos_0270,PATH_A,1.4027,False,17.8888,2554.6586,2.9652,18.6317,0.9792,1.4826,2.5772,Selected PATH_A with highest valid ARPS score (1.4027) satisfying all retinal preservation constraints.
aptos_0015,PATH_C,0.9336,False,15.2386,3102.022,2.9652,8.6796,0.9736,1.4826,-1.4386,Selected PATH_C with highest valid ARPS score (0.9336) satisfying all retinal preservation constraints.
aptos_3162,PATH_A,1.3444,False,29.3467,1731.3164,2.9652,33.1025,0.9451,1.4826,-0.4544,Selected PATH_A with highest valid ARPS score (1.3444) satisfying all retinal preservation constraints.
aptos_3353,PATH_B,0.3839,False,17.7633,532.8962,1.4826,15.4133,0.9062,0.0,-0.1719,Selected PATH_B with highest valid ARPS score (0.3839) satisfying all retinal preservation constraints.
aptos_0947,PATH_A,1.424,False,15.2554,2867.906,2.9652,12.4915,0.9766,1.4826,2.7383,Selected PATH_A with highest valid ARPS score (1.4240) satisfying all retinal preservation constraints.
aptos_1992,PATH_B,0.4488,False,29.6046,1339.1197,1.4826,24.2586,0.9162,0.0,-1.4844,Selected PATH_B with highest valid ARPS score (0.4488) satisfying all retinal preservation constraints.
aptos_1751,PATH_B,0.3955,False,17.048,571.5545,1.4826,15.9924,0.8997,0.0,-1.492,Selected PATH_B with highest valid ARPS score (0.3955) satisfying all retinal preservation constraints.
aptos_0544,PATH_A,1.4002,False,22.4246,1928.2398,2.9652,19.6672,0.978,1.4826,3.3318,Selected PATH_A with highest valid ARPS score (1.4002) satisfying all retinal preservation constraints.
aptos_3589,PATH_A,1.4254,False,17.4618,2188.5676,2.9652,20.7038,0.9715,1.4826,5.9887,Selected PATH_A with highest valid ARPS score (1.4254) satisfying all retinal preservation constraints.
aptos_2342,PATH_A,1.4293,False,23.9826,3313.2708,2.9652,17.8385,0.9746,1.4826,7.6549,Selected PATH_A with highest valid ARPS score (1.4293) satisfying all retinal preservation constraints.
aptos_1283,PATH_A,1.3736,False,22.8535,1367.914,2.9652,25.0815,0.9714,1.4826,0.9358,Selected PATH_A with highest valid ARPS score (1.3736) satisfying all retinal preservation constraints.
aptos_1316,PATH_C,1.1584,False,13.2943,2188.8034,2.9652,7.16,0.9764,1.4826,-1.3239,Selected PATH_C with highest valid ARPS score (1.1584) satisfying all retinal preservation constraints.
aptos_1429,PATH_C,1.1672,False,17.2784,2866.6947,2.9652,6.6556,0.9798,1.4826,4.6163,Selected PATH_C with highest valid ARPS score (1.1672) satisfying all retinal preservation constraints.
aptos_3246,PATH_B,0.3841,False,21.3899,628.8598,1.4826,18.3554,0.9073,0.0,-0.9985,Selected PATH_B with highest valid ARPS score (0.3841) satisfying all retinal preservation constraints.
aptos_0224,PATH_A,1.3573,False,26.3587,2032.8944,2.9652,37.2912,0.9846,1.4826,5.3143,Selected PATH_A with highest valid ARPS score (1.3573) satisfying all retinal preservation constraints.
aptos_2493,PATH_A,1.4212,False,25.7858,1232.6254,2.9652,13.0591,0.9628,1.4826,4.5792,Selected PATH_A with highest valid ARPS score (1.4212) satisfying all retinal preservation constraints.
aptos_2560,PATH_C,1.3865,False,11.5421,1414.6041,2.9652,7.9177,0.9785,1.4826,3.0125,Selected PATH_C with highest valid ARPS score (1.3865) satisfying all retinal preservation constraints.
aptos_1894,PATH_C,1.2016,False,15.1772,1961.9091,2.9652,8.0461,0.9648,1.4826,-4.8936,Selected PATH_C with highest valid ARPS score (1.2016) satisfying all retinal preservation constraints.
aptos_2984,PATH_C,1.0016,False,14.6719,3503.8647,2.9652,6.7388,0.9793,1.4826,-0.5416,Selected PATH_C with highest valid ARPS score (1.0016) satisfying all retinal preservation constraints.
aptos_0874,PATH_B,0.3983,False,18.4827,715.1896,1.4826,15.2226,0.9154,0.0,0.324,Selected PATH_B with highest valid ARPS score (0.3983) satisfying all retinal preservation constraints.
aptos_2795,PATH_B,0.478,False,22.1431,529.5609,1.4826,23.6646,0.8939,0.0,1.1706,Selected PATH_B with highest valid ARPS score (0.4780) satisfying all retinal preservation constraints.
aptos_2364,PATH_A,1.0865,False,15.035,3760.1275,2.9652,11.1873,0.9654,1.4826,5.7442,Selected PATH_A with highest valid ARPS score (1.0865) satisfying all retinal preservation constraints.
aptos_0352,PATH_C,1.4275,False,16.2844,1852.7937,2.9652,7.4846,0.969,1.4826,1.4253,Selected PATH_C with highest valid ARPS score (1.4275) satisfying all retinal preservation constraints.
aptos_3255,PATH_C,0.9844,False,13.2128,2634.5399,2.9652,7.36,0.9774,1.4826,-0.2319,Selected PATH_C with highest valid ARPS score (0.9844) satisfying all retinal preservation constraints.
aptos_1380,PATH_A,1.5659,False,16.8341,1673.4809,1.4826,13.414,0.9757,0.0,3.8737,Selected PATH_A with highest valid ARPS score (1.5659) satisfying all retinal preservation constraints.
aptos_2375,PATH_B,0.4039,False,17.8755,656.1637,1.4826,15.6169,0.9161,0.0,-0.5593,Selected PATH_B with highest valid ARPS score (0.4039) satisfying all retinal preservation constraints.
aptos_2676,PATH_A,1.5501,False,30.42,999.0465,1.4826,14.0418,0.9654,0.0,3.6589,Selected PATH_A with highest valid ARPS score (1.5501) satisfying all retinal preservation constraints.
aptos_0972,PATH_A,1.4004,False,18.0965,2473.6652,2.9652,16.6785,0.9758,1.4826,1.2795,Selected PATH_A with highest valid ARPS score (1.4004) satisfying all retinal preservation constraints.
aptos_1422,PATH_C,0.8868,False,14.593,2590.0587,2.9652,10.0882,0.9721,1.4826,-2.1371,Selected PATH_C with highest valid ARPS score (0.8868) satisfying all retinal preservation constraints.
aptos_1887,PATH_A,1.4474,False,15.7735,2466.2263,2.9652,11.9881,0.9752,1.4826,5.1629,Selected PATH_A with highest valid ARPS score (1.4474) satisfying all retinal preservation constraints.
aptos_1409,PATH_C,0.9692,False,15.0343,3315.8045,2.9652,7.7864,0.9736,1.4826,-1.7999,Selected PATH_C with highest valid ARPS score (0.9692) satisfying all retinal preservation constraints.
aptos_0037,PATH_C,0.9111,False,15.3175,2503.274,2.9652,7.5326,0.9684,1.4826,0.5052,Selected PATH_C with highest valid ARPS score (0.9111) satisfying all retinal preservation constraints.
aptos_2700,PATH_C,0.8455,False,14.0749,651.388,1.4826,11.8575,0.9411,0.0,3.3374,Selected PATH_C with highest valid ARPS score (0.8455) satisfying all retinal preservation constraints.
aptos_2769,PATH_B,0.3982,False,18.9623,637.4749,1.4826,15.5513,0.9155,0.0,-2.2145,Selected PATH_B with highest valid ARPS score (0.3982) satisfying all retinal preservation constraints.
aptos_1233,PATH_A,1.5393,False,15.0498,951.893,1.4826,28.3598,0.9713,0.0,4.9627,Selected PATH_A with highest valid ARPS score (1.5393) satisfying all retinal preservation constraints.
aptos_3100,PATH_A,1.4297,False,16.5528,2115.1277,2.9652,13.8892,0.977,1.4826,4.1605,Selected PATH_A with highest valid ARPS score (1.4297) satisfying all retinal preservation constraints.
aptos_1240,PATH_A,1.4118,False,19.4155,2011.5075,2.9652,15.5841,0.9659,1.4826,3.042,Selected PATH_A with highest valid ARPS score (1.4118) satisfying all retinal preservation constraints.
aptos_2545,PATH_A,1.0999,False,16.2486,3262.888,2.9652,13.7145,0.9727,1.4826,1.1043,Selected PATH_A with highest valid ARPS score (1.0999) satisfying all retinal preservation constraints.
aptos_0548,PATH_A,1.4344,False,17.0614,1740.5988,2.9652,14.7783,0.9788,1.4826,5.0656,Selected PATH_A with highest valid ARPS score (1.4344) satisfying all retinal preservation constraints.
aptos_3164,PATH_A,1.4615,False,20.8184,5132.0147,4.4478,17.9128,0.9817,1.4826,0.3622,Selected PATH_A with highest valid ARPS score (1.4615) satisfying all retinal preservation constraints.
aptos_1532,PATH_C,1.456,False,18.5163,1053.8739,2.9652,7.4155,0.9689,1.4826,5.6559,Selected PATH_C with highest valid ARPS score (1.4560) satisfying all retinal preservation constraints.
aptos_0622,PATH_A,1.5315,False,20.664,1679.732,1.4826,27.5102,0.977,0.0,5.5043,Selected PATH_A with highest valid ARPS score (1.5315) satisfying all retinal preservation constraints.
aptos_0192,PATH_A,1.4239,False,19.8118,2470.7393,2.9652,17.1328,0.9675,1.4826,5.5051,Selected PATH_A with highest valid ARPS score (1.4239) satisfying all retinal preservation constraints.
aptos_0774,PATH_A,1.3298,False,24.5243,1197.5161,2.9652,29.204,0.9608,1.4826,1.1224,Selected PATH_A with highest valid ARPS score (1.3298) satisfying all retinal preservation constraints.
aptos_2212,PATH_A,1.4095,False,19.6094,3060.8603,2.9652,18.9426,0.9826,1.4826,4.031,Selected PATH_A with highest valid ARPS score (1.4095) satisfying all retinal preservation constraints.
aptos_0691,PATH_A,1.4143,False,22.1899,2386.5543,2.9652,21.837,0.9804,1.4826,6.5413,Selected PATH_A with highest valid ARPS score (1.4143) satisfying all retinal preservation constraints.
aptos_1994,PATH_A,1.4339,False,21.1217,5146.0007,4.4478,19.1066,0.9822,1.4826,0.4287,Selected PATH_A with highest valid ARPS score (1.4339) satisfying all retinal preservation constraints.
aptos_0124,PATH_A,1.3842,False,24.4813,3956.6617,2.9652,25.6282,0.9847,1.4826,3.7131,Selected PATH_A with highest valid ARPS score (1.3842) satisfying all retinal preservation constraints.
aptos_1405,PATH_C,0.6522,False,16.1528,811.8487,1.4826,15.2777,0.9598,0.0,-1.6294,Selected PATH_C with highest valid ARPS score (0.6522) satisfying all retinal preservation constraints.
aptos_1018,PATH_C,1.3226,False,12.9993,1642.0677,2.9652,8.1353,0.9738,1.4826,-1.4905,Selected PATH_C with highest valid ARPS score (1.3226) satisfying all retinal preservation constraints.
aptos_2792,PATH_C,1.0563,False,16.1587,2684.9484,2.9652,8.0276,0.9833,1.4826,4.8796,Selected PATH_C with highest valid ARPS score (1.0563) satisfying all retinal preservation constraints.
aptos_0951,PATH_C,0.9916,False,15.0431,3430.7636,2.9652,8.0747,0.9781,1.4826,-2.2413,Selected PATH_C with highest valid ARPS score (0.9916) satisfying all retinal preservation constraints.
aptos_2932,PATH_A,1.427,False,18.7223,2483.2294,2.9652,18.6453,0.9643,1.4826,6.0455,Selected PATH_A with highest valid ARPS score (1.4270) satisfying all retinal preservation constraints.
aptos_2808,PATH_C,0.9205,False,18.846,3775.9597,2.9652,8.1383,0.9728,1.4826,-0.6564,Selected PATH_C with highest valid ARPS score (0.9205) satisfying all retinal preservation constraints.
aptos_2452,PATH_A,1.3728,False,27.1084,3349.6789,2.9652,23.7612,0.981,1.4826,-0.5616,Selected PATH_A with highest valid ARPS score (1.3728) satisfying all retinal preservation constraints.
aptos_2833,PATH_A,1.4355,False,19.825,3171.392,2.9652,14.2006,0.9811,1.4826,5.8031,Selected PATH_A with highest valid ARPS score (1.4355) satisfying all retinal preservation constraints.
aptos_1671,PATH_C,0.9202,False,15.0152,2758.6283,2.9652,8.2664,0.9698,1.4826,-3.5908,Selected PATH_C with highest valid ARPS score (0.9202) satisfying all retinal preservation constraints.
aptos_2939,PATH_A,0.9097,False,12.5478,2910.7333,2.9652,11.227,0.9551,1.4826,2.3361,Selected PATH_A with highest valid ARPS score (0.9097) satisfying all retinal preservation constraints.
aptos_0069,PATH_C,1.0598,False,14.3103,3186.3726,2.9652,7.8773,0.9733,1.4826,1.558,Selected PATH_C with highest valid ARPS score (1.0598) satisfying all retinal preservation constraints.
aptos_0261,PATH_B,0.3916,False,15.366,631.4178,1.4826,12.686,0.9158,0.0,0.7319,Selected PATH_B with highest valid ARPS score (0.3916) satisfying all retinal preservation constraints.
aptos_1086,PATH_A,1.3594,False,27.411,3287.0754,2.9652,29.9029,0.9783,1.4826,0.7986,Selected PATH_A with highest valid ARPS score (1.3594) satisfying all retinal preservation constraints.
aptos_1592,PATH_A,1.2555,False,19.9053,565.2955,1.4826,21.6905,0.9606,1.4826,3.0046,Selected PATH_A with highest valid ARPS score (1.2555) satisfying all retinal preservation constraints.
aptos_0686,PATH_C,0.9539,False,13.5569,2963.0323,2.9652,7.7147,0.9731,1.4826,-2.7429,Selected PATH_C with highest valid ARPS score (0.9539) satisfying all retinal preservation constraints.
aptos_2470,PATH_A,1.4466,False,25.9401,4074.1691,4.4478,29.4716,0.9847,1.4826,4.8672,Selected PATH_A with highest valid ARPS score (1.4466) satisfying all retinal preservation constraints.
aptos_3048,PATH_A,1.536,False,20.5453,1442.497,1.4826,22.9947,0.9843,0.0,4.1951,Selected PATH_A with highest valid ARPS score (1.5360) satisfying all retinal preservation constraints.
aptos_1411,PATH_C,0.9253,False,21.7386,3563.1827,2.9652,7.2123,0.9764,1.4826,1.4267,Selected PATH_C with highest valid ARPS score (0.9253) satisfying all retinal preservation constraints.
aptos_2793,PATH_C,1.1458,False,13.4094,1852.6546,2.9652,8.4527,0.9705,1.4826,-4.6456,Selected PATH_C with highest valid ARPS score (1.1458) satisfying all retinal preservation constraints.
aptos_2220,PATH_B,0.6943,False,18.9889,469.8711,0.0,17.1047,0.9134,-1.4826,2.4735,Selected PATH_B with highest valid ARPS score (0.6943) satisfying all retinal preservation constraints.
aptos_0248,PATH_A,1.0665,False,20.0497,2703.2095,2.9652,17.7481,0.9444,1.4826,0.706,Selected PATH_A with highest valid ARPS score (1.0665) satisfying all retinal preservation constraints.
aptos_1601,PATH_C,0.899,False,13.9567,2514.8648,2.9652,8.0673,0.9751,1.4826,0.3113,Selected PATH_C with highest valid ARPS score (0.8990) satisfying all retinal preservation constraints.
aptos_0845,PATH_B,0.4008,False,16.1876,606.4456,1.4826,14.1416,0.9088,0.0,-0.2306,Selected PATH_B with highest valid ARPS score (0.4008) satisfying all retinal preservation constraints.
aptos_1861,PATH_A,1.3878,False,30.6575,2696.4606,1.4826,31.9373,0.9682,0.0,1.5622,Selected PATH_A with highest valid ARPS score (1.3878) satisfying all retinal preservation constraints.
aptos_0070,PATH_A,1.3593,False,28.6244,2377.531,2.9652,32.7956,0.9748,1.4826,3.3149,Selected PATH_A with highest valid ARPS score (1.3593) satisfying all retinal preservation constraints.
aptos_2790,PATH_B,0.3992,False,31.4511,612.0668,1.4826,29.1788,0.8791,0.0,-0.8126,Selected PATH_B with highest valid ARPS score (0.3992) satisfying all retinal preservation constraints.
aptos_1177,PATH_A,1.3918,False,21.9353,1792.4329,2.9652,23.2969,0.9752,1.4826,3.6468,Selected PATH_A with highest valid ARPS score (1.3918) satisfying all retinal preservation constraints.
aptos_2943,PATH_A,1.4107,False,19.5509,3034.1985,2.9652,20.3813,0.979,1.4826,4.807,Selected PATH_A with highest valid ARPS score (1.4107) satisfying all retinal preservation constraints.
aptos_0395,PATH_C,0.9104,False,14.6705,3150.488,2.9652,7.1947,0.9777,1.4826,-1.5254,Selected PATH_C with highest valid ARPS score (0.9104) satisfying all retinal preservation constraints.
aptos_3604,PATH_B,0.4095,False,17.8925,598.6466,1.4826,15.1309,0.9016,0.0,2.2985,Selected PATH_B with highest valid ARPS score (0.4095) satisfying all retinal preservation constraints.
aptos_0578,PATH_C,1.475,False,15.5585,921.0136,1.4826,7.3794,0.9693,0.0,0.9292,Selected PATH_C with highest valid ARPS score (1.4750) satisfying all retinal preservation constraints.
aptos_1138,PATH_B,0.5204,False,24.7985,511.2137,1.4826,24.5486,0.9094,0.0,-2.931,Selected PATH_B with highest valid ARPS score (0.5204) satisfying all retinal preservation constraints.
aptos_0309,PATH_A,1.4076,False,21.9497,2025.567,2.9652,18.1159,0.9821,1.4826,3.787,Selected PATH_A with highest valid ARPS score (1.4076) satisfying all retinal preservation constraints.
aptos_1825,PATH_B,0.3927,False,17.0482,588.5161,1.4826,14.6014,0.9081,0.0,0.2852,Selected PATH_B with highest valid ARPS score (0.3927) satisfying all retinal preservation constraints.
aptos_2090,PATH_C,0.9461,False,15.5418,1976.2703,2.9652,9.0221,0.9703,1.4826,0.7661,Selected PATH_C with highest valid ARPS score (0.9461) satisfying all retinal preservation constraints.
aptos_0576,PATH_A,1.4177,False,21.6758,2643.4221,2.9652,17.0786,0.9811,1.4826,4.9506,Selected PATH_A with highest valid ARPS score (1.4177) satisfying all retinal preservation constraints.
aptos_3264,PATH_C,0.9875,False,15.4072,2276.161,2.9652,8.5988,0.9761,1.4826,0.3257,Selected PATH_C with highest valid ARPS score (0.9875) satisfying all retinal preservation constraints.
aptos_2600,PATH_A,1.4057,False,17.9973,2505.4774,2.9652,18.593,0.9709,1.4826,3.1335,Selected PATH_A with highest valid ARPS score (1.4057) satisfying all retinal preservation constraints.
aptos_1145,PATH_A,1.3718,False,28.2872,3963.0746,2.9652,25.0861,0.9811,1.4826,0.3686,Selected PATH_A with highest valid ARPS score (1.3718) satisfying all retinal preservation constraints.
aptos_1968,PATH_B,0.3815,False,19.3216,768.3131,1.4826,15.649,0.9059,0.0,-0.4877,Selected PATH_B with highest valid ARPS score (0.3815) satisfying all retinal preservation constraints.
aptos_0325,PATH_C,0.86,False,14.7564,1777.139,2.9652,7.8592,0.9796,1.4826,0.3739,Selected PATH_C with highest valid ARPS score (0.8600) satisfying all retinal preservation constraints.
aptos_1461,PATH_A,1.4299,False,17.4733,2204.9001,2.9652,14.0114,0.9749,1.4826,4.4792,Selected PATH_A with highest valid ARPS score (1.4299) satisfying all retinal preservation constraints.
aptos_0025,PATH_C,1.4537,False,15.6839,1467.6684,2.9652,6.5248,0.9747,1.4826,4.2906,Selected PATH_C with highest valid ARPS score (1.4537) satisfying all retinal preservation constraints.
aptos_1148,PATH_A,0.9694,False,19.015,3297.0567,2.9652,15.4412,0.963,1.4826,1.3215,Selected PATH_A with highest valid ARPS score (0.9694) satisfying all retinal preservation constraints.
aptos_0088,PATH_A,1.4195,False,19.6973,2188.1452,2.9652,19.3868,0.9776,1.4826,5.6227,Selected PATH_A with highest valid ARPS score (1.4195) satisfying all retinal preservation constraints.
aptos_2253,PATH_A,1.446,False,15.6641,1474.2534,2.9652,12.4757,0.9629,1.4826,5.1976,Selected PATH_A with highest valid ARPS score (1.4460) satisfying all retinal preservation constraints.
aptos_1020,PATH_C,1.423,False,13.6675,1530.7898,2.9652,8.9739,0.9707,1.4826,1.1459,Selected PATH_C with highest valid ARPS score (1.4230) satisfying all retinal preservation constraints.
aptos_3563,PATH_A,1.4271,False,17.8353,2203.7532,2.9652,12.9695,0.974,1.4826,3.8534,Selected PATH_A with highest valid ARPS score (1.4271) satisfying all retinal preservation constraints.
aptos_3188,PATH_A,1.3852,False,20.0439,2414.9329,2.9652,20.8638,0.9792,1.4826,0.6423,Selected PATH_A with highest valid ARPS score (1.3852) satisfying all retinal preservation constraints.
aptos_0084,PATH_A,1.4443,False,15.8555,2034.3937,2.9652,11.5965,0.9714,1.4826,4.8416,Selected PATH_A with highest valid ARPS score (1.4443) satisfying all retinal preservation constraints.
aptos_3367,PATH_B,0.4065,False,16.169,612.475,1.4826,13.5569,0.9078,0.0,0.7234,Selected PATH_B with highest valid ARPS score (0.4065) satisfying all retinal preservation constraints.
aptos_1931,PATH_A,0.9851,False,18.8285,3079.8055,2.9652,14.3684,0.9712,1.4826,0.3494,Selected PATH_A with highest valid ARPS score (0.9851) satisfying all retinal preservation constraints.
aptos_2490,PATH_A,1.3886,False,20.7953,2984.7788,2.9652,19.7708,0.9819,1.4826,0.6942,Selected PATH_A with highest valid ARPS score (1.3886) satisfying all retinal preservation constraints.
aptos_2666,PATH_A,1.1034,False,21.6985,3542.156,2.9652,18.3646,0.9794,1.4826,0.9687,Selected PATH_A with highest valid ARPS score (1.1034) satisfying all retinal preservation constraints.
aptos_2630,PATH_A,1.1367,False,16.0659,4150.6106,2.9652,12.0731,0.9641,1.4826,1.4879,Selected PATH_A with highest valid ARPS score (1.1367) satisfying all retinal preservation constraints.
aptos_3582,PATH_C,0.7112,False,17.4033,922.0545,1.4826,12.4633,0.9596,0.0,1.0588,Selected PATH_C with highest valid ARPS score (0.7112) satisfying all retinal preservation constraints.
aptos_1856,PATH_A,1.4413,False,26.3771,6067.321,4.4478,23.0076,0.9836,1.4826,-1.527,Selected PATH_A with highest valid ARPS score (1.4413) satisfying all retinal preservation constraints.
aptos_1125,PATH_A,1.3886,False,24.0124,2422.8849,2.9652,28.415,0.968,1.4826,6.1187,Selected PATH_A with highest valid ARPS score (1.3886) satisfying all retinal preservation constraints.
aptos_1891,PATH_C,0.9003,False,13.9458,3054.2262,2.9652,7.2652,0.9696,1.4826,-2.8209,Selected PATH_C with highest valid ARPS score (0.9003) satisfying all retinal preservation constraints.
aptos_2673,PATH_A,1.4531,False,14.3982,3198.9091,2.9652,10.9231,0.9569,1.4826,5.0223,Selected PATH_A with highest valid ARPS score (1.4531) satisfying all retinal preservation constraints.
aptos_2265,PATH_A,1.4109,False,15.4125,850.5729,2.9652,17.0571,0.9734,1.4826,2.7668,Selected PATH_A with highest valid ARPS score (1.4109) satisfying all retinal preservation constraints.
aptos_2182,PATH_B,0.3967,False,21.376,701.3345,1.4826,18.2253,0.9216,0.0,-1.8262,Selected PATH_B with highest valid ARPS score (0.3967) satisfying all retinal preservation constraints.
aptos_2775,PATH_C,1.0641,False,13.3758,2055.366,2.9652,8.2338,0.9735,1.4826,0.7065,Selected PATH_C with highest valid ARPS score (1.0641) satisfying all retinal preservation constraints.
aptos_1677,PATH_C,1.6162,False,16.6168,868.2987,1.4826,6.3559,0.9703,0.0,6.6781,Selected PATH_C with highest valid ARPS score (1.6162) satisfying all retinal preservation constraints.
aptos_1915,PATH_A,1.3843,False,21.1489,1422.3338,2.9652,27.1435,0.9666,1.4826,4.1935,Selected PATH_A with highest valid ARPS score (1.3843) satisfying all retinal preservation constraints.
aptos_1328,PATH_A,1.5381,False,17.488,1009.3956,1.4826,24.7568,0.9745,0.0,4.5515,Selected PATH_A with highest valid ARPS score (1.5381) satisfying all retinal preservation constraints.
aptos_1183,PATH_C,1.1049,False,16.8917,1905.0233,2.9652,8.9292,0.9773,1.4826,2.002,Selected PATH_C with highest valid ARPS score (1.1049) satisfying all retinal preservation constraints.
aptos_1959,PATH_A,1.412,False,18.61,1906.4064,2.9652,16.5208,0.9706,1.4826,3.3049,Selected PATH_A with highest valid ARPS score (1.4120) satisfying all retinal preservation constraints.
aptos_3320,PATH_A,1.3997,False,21.8679,2320.4843,2.9652,18.7619,0.9769,1.4826,2.6622,Selected PATH_A with highest valid ARPS score (1.3997) satisfying all retinal preservation constraints.
aptos_2331,PATH_A,1.4241,False,15.3328,1640.6692,2.9652,13.5531,0.9739,1.4826,3.1534,Selected PATH_A with highest valid ARPS score (1.4241) satisfying all retinal preservation constraints.
aptos_2634,PATH_C,1.1196,False,17.4121,1889.1952,2.9652,7.7755,0.9764,1.4826,5.0219,Selected PATH_C with highest valid ARPS score (1.1196) satisfying all retinal preservation constraints.
aptos_0422,PATH_A,1.4438,False,15.3714,2826.0145,2.9652,11.7317,0.9735,1.4826,4.6677,Selected PATH_A with highest valid ARPS score (1.4438) satisfying all retinal preservation constraints.
aptos_2517,PATH_A,1.389,False,22.1212,1858.2104,2.9652,20.7744,0.9755,1.4826,1.6071,Selected PATH_A with highest valid ARPS score (1.3890) satisfying all retinal preservation constraints.
aptos_3202,PATH_A,1.4077,False,19.5539,3801.4856,2.9652,14.8243,0.9825,1.4826,1.7033,Selected PATH_A with highest valid ARPS score (1.4077) satisfying all retinal preservation constraints.
aptos_2759,PATH_A,1.3726,False,26.0864,2200.2915,2.9652,25.8105,0.9816,1.4826,1.1678,Selected PATH_A with highest valid ARPS score (1.3726) satisfying all retinal preservation constraints.
aptos_3021,PATH_B,0.5094,False,18.6035,889.6432,1.4826,19.0282,0.9232,0.0,-0.6984,Selected PATH_B with highest valid ARPS score (0.5094) satisfying all retinal preservation constraints.
aptos_3007,PATH_B,0.5267,False,20.5134,546.1236,1.4826,21.2034,0.8808,0.0,4.1564,Selected PATH_B with highest valid ARPS score (0.5267) satisfying all retinal preservation constraints.
aptos_2547,PATH_A,1.3809,False,20.2897,2272.049,2.9652,26.9527,0.9508,1.4826,3.5679,Selected PATH_A with highest valid ARPS score (1.3809) satisfying all retinal preservation constraints.
aptos_1436,PATH_B,0.3883,False,20.7645,695.7158,1.4826,17.6725,0.9114,0.0,-0.3547,Selected PATH_B with highest valid ARPS score (0.3883) satisfying all retinal preservation constraints.
aptos_0840,PATH_A,1.4284,False,19.8064,3134.2687,2.9652,15.325,0.9644,1.4826,5.4496,Selected PATH_A with highest valid ARPS score (1.4284) satisfying all retinal preservation constraints.
aptos_1312,PATH_B,0.4278,False,19.9808,776.9651,1.4826,16.6073,0.9251,0.0,-1.5776,Selected PATH_B with highest valid ARPS score (0.4278) satisfying all retinal preservation constraints.
aptos_0075,PATH_B,0.3989,False,17.7602,641.3711,1.4826,14.4197,0.9082,0.0,0.3261,Selected PATH_B with highest valid ARPS score (0.3989) satisfying all retinal preservation constraints.
aptos_3350,PATH_A,1.5789,False,16.3748,1276.5787,1.4826,11.8471,0.9666,0.0,4.7716,Selected PATH_A with highest valid ARPS score (1.5789) satisfying all retinal preservation constraints.
aptos_2019,PATH_A,1.4408,False,17.1188,2399.8674,2.9652,12.0793,0.9756,1.4826,4.9748,Selected PATH_A with highest valid ARPS score (1.4408) satisfying all retinal preservation constraints.
aptos_0428,PATH_A,1.3748,False,32.0838,2365.6925,2.9652,24.9418,0.9786,1.4826,1.4451,Selected PATH_A with highest valid ARPS score (1.3748) satisfying all retinal preservation constraints.
aptos_0723,PATH_A,1.3584,False,23.5055,4486.3374,4.4478,21.1762,0.975,1.4826,0.6859,Selected PATH_A with highest valid ARPS score (1.3584) satisfying all retinal preservation constraints.
aptos_0581,PATH_A,1.5825,False,22.4199,2034.5654,1.4826,9.3773,0.9709,0.0,6.0109,Selected PATH_A with highest valid ARPS score (1.5825) satisfying all retinal preservation constraints.
aptos_3325,PATH_A,1.4022,False,19.108,1660.2376,2.9652,26.4717,0.9856,1.4826,5.7047,Selected PATH_A with highest valid ARPS score (1.4022) satisfying all retinal preservation constraints.
aptos_3356,PATH_A,1.4883,False,29.4263,1702.2022,1.4826,36.0979,0.9815,0.0,3.3817,Selected PATH_A with highest valid ARPS score (1.4883) satisfying all retinal preservation constraints.
aptos_2280,PATH_C,1.2678,False,15.9603,2623.7965,2.9652,7.2544,0.978,1.4826,2.0119,Selected PATH_C with highest valid ARPS score (1.2678) satisfying all retinal preservation constraints.
aptos_0503,PATH_C,1.4094,False,13.8413,1879.307,2.9652,7.805,0.9752,1.4826,-1.8592,Selected PATH_C with highest valid ARPS score (1.4094) satisfying all retinal preservation constraints.
aptos_2778,PATH_B,0.4193,False,16.1829,458.9235,1.4826,17.1978,0.8717,0.0,2.228,Selected PATH_B with highest valid ARPS score (0.4193) satisfying all retinal preservation constraints.
aptos_0738,PATH_A,0.9287,False,14.5462,3377.169,2.9652,11.7851,0.9645,1.4826,0.0677,Selected PATH_A with highest valid ARPS score (0.9287) satisfying all retinal preservation constraints.
aptos_1781,PATH_A,1.4404,False,15.7604,3683.2737,2.9652,12.2889,0.9836,1.4826,4.5451,Selected PATH_A with highest valid ARPS score (1.4404) satisfying all retinal preservation constraints.
aptos_0303,PATH_C,1.5522,False,12.1477,830.2882,1.4826,9.2148,0.9663,0.0,2.1404,Selected PATH_C with highest valid ARPS score (1.5522) satisfying all retinal preservation constraints.
aptos_2648,PATH_A,1.4736,False,19.1208,5483.8132,4.4478,16.004,0.9807,1.4826,1.7516,Selected PATH_A with highest valid ARPS score (1.4736) satisfying all retinal preservation constraints.
aptos_3612,PATH_B,0.5085,False,19.7008,322.3768,1.4826,23.1328,0.8799,0.0,-0.7453,Selected PATH_B with highest valid ARPS score (0.5085) satisfying all retinal preservation constraints.
aptos_0464,PATH_A,1.3998,False,20.7945,3816.4943,2.9652,20.2831,0.9731,1.4826,3.3926,Selected PATH_A with highest valid ARPS score (1.3998) satisfying all retinal preservation constraints.
aptos_1482,PATH_A,1.3918,False,19.8745,2173.927,2.9652,20.657,0.983,1.4826,1.854,Selected PATH_A with highest valid ARPS score (1.3918) satisfying all retinal preservation constraints.
aptos_1318,PATH_A,1.4275,False,22.848,2733.2407,2.9652,15.7914,0.974,1.4826,6.2589,Selected PATH_A with highest valid ARPS score (1.4275) satisfying all retinal preservation constraints.
aptos_2758,PATH_A,1.4367,False,14.9218,2542.1136,2.9652,15.2311,0.9779,1.4826,4.742,Selected PATH_A with highest valid ARPS score (1.4367) satisfying all retinal preservation constraints.
aptos_1812,PATH_C,1.025,False,14.4613,3702.2653,2.9652,8.1354,0.9699,1.4826,-3.0509,Selected PATH_C with highest valid ARPS score (1.0250) satisfying all retinal preservation constraints.
aptos_1885,PATH_A,1.5085,False,24.6955,1348.4374,1.4826,27.5538,0.9725,0.0,2.0135,Selected PATH_A with highest valid ARPS score (1.5085) satisfying all retinal preservation constraints.
aptos_1180,PATH_C,1.4913,False,16.3425,1377.9925,2.9652,6.6701,0.9792,1.4826,7.4367,Selected PATH_C with highest valid ARPS score (1.4913) satisfying all retinal preservation constraints.
aptos_3266,PATH_A,1.4118,False,20.3683,2548.0596,2.9652,18.0353,0.975,1.4826,4.2253,Selected PATH_A with highest valid ARPS score (1.4118) satisfying all retinal preservation constraints.
aptos_1569,PATH_A,1.4462,False,15.198,2290.8697,2.9652,15.7181,0.9691,1.4826,5.7314,Selected PATH_A with highest valid ARPS score (1.4462) satisfying all retinal preservation constraints.
aptos_0203,PATH_C,1.3138,False,14.186,1781.247,2.9652,7.2328,0.9744,1.4826,0.6306,Selected PATH_C with highest valid ARPS score (1.3138) satisfying all retinal preservation constraints.
aptos_2958,PATH_A,1.4391,False,15.8417,2929.1649,2.9652,12.5032,0.9731,1.4826,4.5742,Selected PATH_A with highest valid ARPS score (1.4391) satisfying all retinal preservation constraints.
aptos_3410,PATH_A,1.4259,False,18.1579,2494.7439,2.9652,12.8217,0.956,1.4826,3.8729,Selected PATH_A with highest valid ARPS score (1.4259) satisfying all retinal preservation constraints.
aptos_0853,PATH_A,1.4009,False,26.4979,3373.0372,2.9652,23.0266,0.9817,1.4826,6.051,Selected PATH_A with highest valid ARPS score (1.4009) satisfying all retinal preservation constraints.
aptos_1028,PATH_A,1.4337,False,18.5629,2622.3964,2.9652,15.0201,0.9725,1.4826,5.5547,Selected PATH_A with highest valid ARPS score (1.4337) satisfying all retinal preservation constraints.
aptos_1771,PATH_A,0.9889,False,34.4232,2394.8518,2.9652,25.524,0.9409,1.4826,-0.0379,Selected PATH_A with highest valid ARPS score (0.9889) satisfying all retinal preservation constraints.
aptos_1476,PATH_C,0.6486,False,15.9952,1336.6504,1.4826,11.2751,0.9624,0.0,-2.5351,Selected PATH_C with highest valid ARPS score (0.6486) satisfying all retinal preservation constraints.
aptos_0704,PATH_A,1.5297,False,23.6425,1573.0272,1.4826,24.9861,0.9733,0.0,4.8466,Selected PATH_A with highest valid ARPS score (1.5297) satisfying all retinal preservation constraints.
aptos_0706,PATH_C,1.441,False,15.8634,1912.3259,2.9652,7.115,0.9782,1.4826,3.0657,Selected PATH_C with highest valid ARPS score (1.4410) satisfying all retinal preservation constraints.
aptos_2744,PATH_C,0.8804,False,13.1694,1918.0022,2.9652,7.8542,0.968,1.4826,-1.1817,Selected PATH_C with highest valid ARPS score (0.8804) satisfying all retinal preservation constraints.
aptos_0618,PATH_A,1.401,False,22.3253,2975.2504,2.9652,18.6607,0.9789,1.4826,2.8938,Selected PATH_A with highest valid ARPS score (1.4010) satisfying all retinal preservation constraints.
aptos_3385,PATH_C,0.9549,False,15.757,2817.4948,2.9652,8.5052,0.9704,1.4826,-1.0408,Selected PATH_C with highest valid ARPS score (0.9549) satisfying all retinal preservation constraints.
aptos_0122,PATH_A,1.4074,False,16.2861,1478.3487,2.9652,18.2901,0.9588,1.4826,3.0568,Selected PATH_A with highest valid ARPS score (1.4074) satisfying all retinal preservation constraints.
aptos_1623,PATH_A,1.4012,False,21.1943,2048.9878,2.9652,24.3027,0.9702,1.4826,5.5289,Selected PATH_A with highest valid ARPS score (1.4012) satisfying all retinal preservation constraints.
aptos_0625,PATH_A,1.4263,False,21.7906,3536.3623,2.9652,15.2282,0.9744,1.4826,5.5627,Selected PATH_A with highest valid ARPS score (1.4263) satisfying all retinal preservation constraints.
aptos_2589,PATH_A,1.3998,False,20.8438,1318.0128,2.9652,19.5754,0.9352,1.4826,3.5064,Selected PATH_A with highest valid ARPS score (1.3998) satisfying all retinal preservation constraints.
aptos_2650,PATH_A,1.3431,False,22.1088,6026.6844,4.4478,17.7187,0.983,1.4826,0.0259,Selected PATH_A with highest valid ARPS score (1.3431) satisfying all retinal preservation constraints.
aptos_0156,PATH_A,1.4052,False,19.9563,2302.199,2.9652,17.4802,0.9802,1.4826,2.7334,Selected PATH_A with highest valid ARPS score (1.4052) satisfying all retinal preservation constraints.
aptos_3185,PATH_B,0.5542,False,19.4584,570.2693,1.4826,21.8526,0.9267,0.0,-2.6285,Selected PATH_B with highest valid ARPS score (0.5542) satisfying all retinal preservation constraints.
aptos_2782,PATH_C,0.8987,False,13.0999,1874.0883,2.9652,8.2325,0.9721,1.4826,-2.8308,Selected PATH_C with highest valid ARPS score (0.8987) satisfying all retinal preservation constraints.
aptos_0236,PATH_A,1.4014,False,17.9101,2248.7919,2.9652,19.4541,0.9677,1.4826,2.8643,Selected PATH_A with highest valid ARPS score (1.4014) satisfying all retinal preservation constraints.
aptos_2078,PATH_A,1.4251,False,33.0241,1614.7095,1.4826,37.3225,0.9621,0.0,3.9263,Selected PATH_A with highest valid ARPS score (1.4251) satisfying all retinal preservation constraints.
aptos_1359,PATH_A,1.5295,False,21.2356,1491.1055,1.4826,22.7429,0.9639,0.0,3.3444,Selected PATH_A with highest valid ARPS score (1.5295) satisfying all retinal preservation constraints.
aptos_0889,PATH_A,1.39,False,21.1606,1723.36,2.9652,23.9008,0.9721,1.4826,3.5356,Selected PATH_A with highest valid ARPS score (1.3900) satisfying all retinal preservation constraints.
aptos_3062,PATH_A,1.3865,False,21.3349,2076.8073,2.9652,24.6814,0.9739,1.4826,3.309,Selected PATH_A with highest valid ARPS score (1.3865) satisfying all retinal preservation constraints.
aptos_1195,PATH_A,1.1195,False,14.9585,3182.0054,2.9652,13.1314,0.9742,1.4826,2.0656,Selected PATH_A with highest valid ARPS score (1.1195) satisfying all retinal preservation constraints.
aptos_3268,PATH_A,1.5313,False,21.9815,2057.2462,1.4826,24.7636,0.9604,0.0,4.8221,Selected PATH_A with highest valid ARPS score (1.5313) satisfying all retinal preservation constraints.
aptos_2773,PATH_A,1.3826,False,25.7229,2982.6305,2.9652,25.8282,0.986,1.4826,3.6436,Selected PATH_A with highest valid ARPS score (1.3826) satisfying all retinal preservation constraints.
aptos_0164,PATH_A,1.3951,False,19.6066,2228.0638,2.9652,21.651,0.9752,1.4826,3.0303,Selected PATH_A with highest valid ARPS score (1.3951) satisfying all retinal preservation constraints.
aptos_1103,PATH_A,1.5197,False,22.2271,1057.3104,1.4826,28.2695,0.9768,0.0,4.3875,Selected PATH_A with highest valid ARPS score (1.5197) satisfying all retinal preservation constraints.
aptos_1435,PATH_A,1.3967,False,29.3215,2048.2107,1.4826,38.1514,0.9631,0.0,7.2445,Selected PATH_A with highest valid ARPS score (1.3967) satisfying all retinal preservation constraints.
aptos_0362,PATH_A,1.4503,False,18.33,4515.3985,2.9652,11.7959,0.9816,1.4826,6.1948,Selected PATH_A with highest valid ARPS score (1.4503) satisfying all retinal preservation constraints.
aptos_3038,PATH_A,1.4012,False,20.1136,3051.2872,2.9652,21.1501,0.9742,1.4826,3.9058,Selected PATH_A with highest valid ARPS score (1.4012) satisfying all retinal preservation constraints.
aptos_0438,PATH_A,1.4001,False,19.8585,2134.2616,2.9652,20.5726,0.9719,1.4826,3.4499,Selected PATH_A with highest valid ARPS score (1.4001) satisfying all retinal preservation constraints.
aptos_0054,PATH_A,1.4443,False,15.1911,2235.2296,2.9652,12.4978,0.9687,1.4826,4.8737,Selected PATH_A with highest valid ARPS score (1.4443) satisfying all retinal preservation constraints.
aptos_1376,PATH_A,1.5317,False,21.8402,1173.497,1.4826,24.4118,0.9632,0.0,4.656,Selected PATH_A with highest valid ARPS score (1.5317) satisfying all retinal preservation constraints.
aptos_2111,PATH_A,1.4086,False,20.0362,2283.0369,2.9652,18.4183,0.9663,1.4826,3.9305,Selected PATH_A with highest valid ARPS score (1.4086) satisfying all retinal preservation constraints.
aptos_0843,PATH_A,1.3729,False,22.6571,2579.1699,2.9652,30.9732,0.9757,1.4826,4.281,Selected PATH_A with highest valid ARPS score (1.3729) satisfying all retinal preservation constraints.
aptos_1576,PATH_B,0.3926,False,17.1514,547.5924,1.4826,14.8651,0.9154,0.0,0.8018,Selected PATH_B with highest valid ARPS score (0.3926) satisfying all retinal preservation constraints.
aptos_1672,PATH_C,1.5739,False,20.218,903.1923,1.4826,8.6459,0.9609,0.0,3.9738,Selected PATH_C with highest valid ARPS score (1.5739) satisfying all retinal preservation constraints.
aptos_0305,PATH_A,1.4381,False,15.3631,2072.8505,2.9652,12.1488,0.9724,1.4826,4.2427,Selected PATH_A with highest valid ARPS score (1.4381) satisfying all retinal preservation constraints.
aptos_2966,PATH_C,0.9008,False,15.0924,3040.12,2.9652,8.6223,0.9658,1.4826,-3.1702,Selected PATH_C with highest valid ARPS score (0.9008) satisfying all retinal preservation constraints.
aptos_2641,PATH_A,1.4212,False,17.5428,1867.7404,2.9652,15.2318,0.9651,1.4826,3.9347,Selected PATH_A with highest valid ARPS score (1.4212) satisfying all retinal preservation constraints.
aptos_1196,PATH_C,1.1678,False,13.7421,2181.3908,2.9652,8.2467,0.9701,1.4826,-2.709,Selected PATH_C with highest valid ARPS score (1.1678) satisfying all retinal preservation constraints.
aptos_0882,PATH_C,1.4219,False,14.8589,2175.1423,2.9652,8.1629,0.982,1.4826,0.5795,Selected PATH_C with highest valid ARPS score (1.4219) satisfying all retinal preservation constraints.
aptos_3493,PATH_B,0.4073,False,17.5076,686.2876,1.4826,14.2821,0.9023,0.0,1.3443,Selected PATH_B with highest valid ARPS score (0.4073) satisfying all retinal preservation constraints.
aptos_2049,PATH_B,0.4043,False,15.5404,623.947,1.4826,14.2991,0.9055,0.0,-0.3476,Selected PATH_B with highest valid ARPS score (0.4043) satisfying all retinal preservation constraints.
aptos_0187,PATH_A,1.4069,False,21.4159,3138.3107,2.9652,20.4333,0.982,1.4826,4.6701,Selected PATH_A with highest valid ARPS score (1.4069) satisfying all retinal preservation constraints.
aptos_0746,PATH_C,0.9629,False,13.6395,2967.4878,2.9652,8.5005,0.9775,1.4826,-2.4323,Selected PATH_C with highest valid ARPS score (0.9629) satisfying all retinal preservation constraints.
aptos_1019,PATH_C,0.8747,False,14.8415,2903.0613,2.9652,7.5377,0.9703,1.4826,-3.2238,Selected PATH_C with highest valid ARPS score (0.8747) satisfying all retinal preservation constraints.
aptos_2846,PATH_A,1.3847,False,25.3287,2702.9198,2.9652,22.4407,0.98,1.4826,1.8798,Selected PATH_A with highest valid ARPS score (1.3847) satisfying all retinal preservation constraints.
aptos_2489,PATH_A,1.4423,False,16.3801,2811.8151,2.9652,13.5509,0.9803,1.4826,5.2754,Selected PATH_A with highest valid ARPS score (1.4423) satisfying all retinal preservation constraints.
aptos_2083,PATH_A,1.4571,False,19.8981,5325.9382,4.4478,17.4215,0.9792,1.4826,0.8597,Selected PATH_A with highest valid ARPS score (1.4571) satisfying all retinal preservation constraints.
aptos_1282,PATH_A,1.3613,False,22.7248,7461.0767,4.4478,17.1267,0.9819,1.4826,1.7927,Selected PATH_A with highest valid ARPS score (1.3613) satisfying all retinal preservation constraints.
aptos_1441,PATH_C,1.4238,False,21.9115,1345.8628,2.9652,7.9629,0.9728,1.4826,1.3152,Selected PATH_C with highest valid ARPS score (1.4238) satisfying all retinal preservation constraints.
aptos_0639,PATH_A,1.4536,False,23.3421,4852.7938,4.4478,22.1608,0.9762,1.4826,1.5742,Selected PATH_A with highest valid ARPS score (1.4536) satisfying all retinal preservation constraints.
aptos_0595,PATH_A,1.4199,False,18.4833,2458.6912,2.9652,15.0044,0.9778,1.4826,3.7504,Selected PATH_A with highest valid ARPS score (1.4199) satisfying all retinal preservation constraints.
aptos_0131,PATH_A,1.4202,False,16.5282,2449.0187,2.9652,13.6449,0.9793,1.4826,2.8643,Selected PATH_A with highest valid ARPS score (1.4202) satisfying all retinal preservation constraints.
aptos_0529,PATH_A,1.4007,False,25.1408,3075.088,2.9652,19.0962,0.9806,1.4826,3.4533,Selected PATH_A with highest valid ARPS score (1.4007) satisfying all retinal preservation constraints.
aptos_0778,PATH_A,1.4327,False,19.0534,2039.682,2.9652,13.6007,0.9804,1.4826,5.0368,Selected PATH_A with highest valid ARPS score (1.4327) satisfying all retinal preservation constraints.
aptos_1373,PATH_A,1.3839,False,22.4587,2325.8469,2.9652,22.0623,0.9788,1.4826,1.2478,Selected PATH_A with highest valid ARPS score (1.3839) satisfying all retinal preservation constraints.
aptos_3083,PATH_B,0.3925,False,15.9311,515.6347,1.4826,14.8563,0.9139,0.0,1.0979,Selected PATH_B with highest valid ARPS score (0.3925) satisfying all retinal preservation constraints.
aptos_3263,PATH_A,1.4334,False,21.2146,1825.8727,2.9652,13.1562,0.9783,1.4826,5.5546,Selected PATH_A with highest valid ARPS score (1.4334) satisfying all retinal preservation constraints.
aptos_2883,PATH_A,1.4273,False,18.0526,3429.7065,2.9652,14.7964,0.9808,1.4826,4.5221,Selected PATH_A with highest valid ARPS score (1.4273) satisfying all retinal preservation constraints.
aptos_2345,PATH_A,1.388,False,23.3521,1712.1242,2.9652,23.0516,0.9393,1.4826,3.4823,Selected PATH_A with highest valid ARPS score (1.3880) satisfying all retinal preservation constraints.
aptos_2971,PATH_C,0.9724,False,14.5406,2850.7737,2.9652,8.4503,0.9738,1.4826,-2.4877,Selected PATH_C with highest valid ARPS score (0.9724) satisfying all retinal preservation constraints.
aptos_0216,PATH_C,1.3082,False,10.7969,1326.0917,2.9652,7.7103,0.9781,1.4826,2.8243,Selected PATH_C with highest valid ARPS score (1.3082) satisfying all retinal preservation constraints.
aptos_2852,PATH_A,1.4102,False,17.9646,2123.046,2.9652,23.8471,0.957,1.4826,5.641,Selected PATH_A with highest valid ARPS score (1.4102) satisfying all retinal preservation constraints.
aptos_0080,PATH_A,1.4321,False,17.4428,2124.869,2.9652,15.7791,0.9747,1.4826,5.2652,Selected PATH_A with highest valid ARPS score (1.4321) satisfying all retinal preservation constraints.
aptos_2762,PATH_A,1.4029,False,18.5823,2417.3577,2.9652,16.8908,0.9762,1.4826,1.9023,Selected PATH_A with highest valid ARPS score (1.4029) satisfying all retinal preservation constraints.
aptos_2429,PATH_B,0.5668,False,16.8467,394.8989,1.4826,21.4668,0.8895,0.0,1.7002,Selected PATH_B with highest valid ARPS score (0.5668) satisfying all retinal preservation constraints.
aptos_2537,PATH_A,1.4599,False,13.1433,1316.0071,2.9652,11.4398,0.9734,1.4826,5.0365,Selected PATH_A with highest valid ARPS score (1.4599) satisfying all retinal preservation constraints.
aptos_2824,PATH_A,1.4119,False,23.2831,2212.4007,2.9652,12.5256,0.9836,1.4826,1.4777,Selected PATH_A with highest valid ARPS score (1.4119) satisfying all retinal preservation constraints.
aptos_0899,PATH_B,0.5622,False,19.0252,419.3994,1.4826,27.2949,0.9025,0.0,3.6019,Selected PATH_B with highest valid ARPS score (0.5622) satisfying all retinal preservation constraints.
aptos_0123,PATH_A,1.4543,False,15.4598,2145.087,2.9652,13.4348,0.9728,1.4826,5.9303,Selected PATH_A with highest valid ARPS score (1.4543) satisfying all retinal preservation constraints.
aptos_2240,PATH_A,1.4118,False,19.9183,2689.5524,2.9652,14.4068,0.9743,1.4826,2.4252,Selected PATH_A with highest valid ARPS score (1.4118) satisfying all retinal preservation constraints.
aptos_1296,PATH_C,1.1235,False,15.1557,1408.5207,2.9652,8.5109,0.9729,1.4826,2.2629,Selected PATH_C with highest valid ARPS score (1.1235) satisfying all retinal preservation constraints.
aptos_1586,PATH_C,1.0033,False,13.9068,3132.7621,2.9652,7.9204,0.9755,1.4826,-1.4799,Selected PATH_C with highest valid ARPS score (1.0033) satisfying all retinal preservation constraints.
aptos_0888,PATH_B,0.4014,False,18.2881,800.6786,1.4826,14.5897,0.9087,0.0,2.6868,Selected PATH_B with highest valid ARPS score (0.4014) satisfying all retinal preservation constraints.
aptos_0997,PATH_A,1.051,False,18.2974,4095.982,2.9652,13.5174,0.9742,1.4826,2.2159,Selected PATH_A with highest valid ARPS score (1.0510) satisfying all retinal preservation constraints.
aptos_3450,PATH_A,1.1318,False,21.3585,3685.9392,2.9652,17.8118,0.9778,1.4826,2.2461,Selected PATH_A with highest valid ARPS score (1.1318) satisfying all retinal preservation constraints.
aptos_2603,PATH_A,1.4376,False,17.976,1785.6508,2.9652,14.7909,0.9726,1.4826,5.7157,Selected PATH_A with highest valid ARPS score (1.4376) satisfying all retinal preservation constraints.
aptos_2735,PATH_A,1.4584,False,17.059,1981.6586,2.9652,12.4297,0.9748,1.4826,6.6341,Selected PATH_A with highest valid ARPS score (1.4584) satisfying all retinal preservation constraints.
aptos_1023,PATH_A,1.3879,False,21.3225,2567.9137,2.9652,19.5218,0.9784,1.4826,0.4315,Selected PATH_A with highest valid ARPS score (1.3879) satisfying all retinal preservation constraints.
aptos_2416,PATH_C,1.4382,False,15.4277,585.6945,1.4826,7.4859,0.9459,0.0,7.0505,Selected PATH_C with highest valid ARPS score (1.4382) satisfying all retinal preservation constraints.
aptos_1655,PATH_A,1.435,False,13.6872,1925.323,2.9652,14.0054,0.9761,1.4826,3.9473,Selected PATH_A with highest valid ARPS score (1.4350) satisfying all retinal preservation constraints.
aptos_0835,PATH_B,0.4511,False,28.5895,500.524,1.4826,23.5315,0.8908,0.0,0.6249,Selected PATH_B with highest valid ARPS score (0.4511) satisfying all retinal preservation constraints.
aptos_2215,PATH_A,1.3579,False,31.0291,1852.7037,2.9652,30.8446,0.9773,1.4826,1.3387,Selected PATH_A with highest valid ARPS score (1.3579) satisfying all retinal preservation constraints.
aptos_0583,PATH_C,1.4003,False,13.2102,1348.5101,2.9652,6.8368,0.9563,1.4826,-4.3234,Selected PATH_C with highest valid ARPS score (1.4003) satisfying all retinal preservation constraints.
aptos_0040,PATH_A,1.3958,False,24.8523,2296.6094,2.9652,18.8229,0.9722,1.4826,2.2045,Selected PATH_A with highest valid ARPS score (1.3958) satisfying all retinal preservation constraints.
aptos_2633,PATH_A,1.517,False,25.1265,1870.9428,1.4826,34.036,0.9762,0.0,7.3333,Selected PATH_A with highest valid ARPS score (1.5170) satisfying all retinal preservation constraints.
aptos_1056,PATH_A,1.3473,False,24.0168,1316.8773,1.4826,31.8241,0.9453,0.0,2.4913,Selected PATH_A with highest valid ARPS score (1.3473) satisfying all retinal preservation constraints.
aptos_2140,PATH_A,1.5423,False,21.1711,1960.5127,1.4826,15.7644,0.9805,0.0,1.7344,Selected PATH_A with highest valid ARPS score (1.5423) satisfying all retinal preservation constraints.
aptos_1594,PATH_A,1.4245,False,15.9111,1463.3574,2.9652,13.1054,0.9742,1.4826,3.1566,Selected PATH_A with highest valid ARPS score (1.4245) satisfying all retinal preservation constraints.
aptos_3532,PATH_B,0.3791,False,17.9843,583.4735,1.4826,15.3625,0.9103,0.0,0.1185,Selected PATH_B with highest valid ARPS score (0.3791) satisfying all retinal preservation constraints.
aptos_3540,PATH_A,1.3964,False,22.9735,1869.3712,2.9652,22.5984,0.9825,1.4826,4.2285,Selected PATH_A with highest valid ARPS score (1.3964) satisfying all retinal preservation constraints.
aptos_1871,PATH_A,1.4402,False,16.2477,2157.1757,2.9652,13.5709,0.9709,1.4826,5.1053,Selected PATH_A with highest valid ARPS score (1.4402) satisfying all retinal preservation constraints.
aptos_1765,PATH_C,1.4511,False,13.6236,965.3615,2.9652,6.7844,0.9694,1.4826,3.5985,Selected PATH_C with highest valid ARPS score (1.4511) satisfying all retinal preservation constraints.
aptos_1714,PATH_A,1.4338,False,19.3036,3208.9537,2.9652,18.3974,0.9704,1.4826,6.8182,Selected PATH_A with highest valid ARPS score (1.4338) satisfying all retinal preservation constraints.
aptos_3240,PATH_C,0.9396,False,14.2175,2609.2622,2.9652,8.0145,0.9731,1.4826,-0.4347,Selected PATH_C with highest valid ARPS score (0.9396) satisfying all retinal preservation constraints.
aptos_0869,PATH_A,1.3639,False,29.1252,3772.0444,2.9652,27.8995,0.9797,1.4826,0.4324,Selected PATH_A with highest valid ARPS score (1.3639) satisfying all retinal preservation constraints.
aptos_3531,PATH_A,1.4411,False,17.0405,4046.6694,2.9652,11.2587,0.9803,1.4826,4.7027,Selected PATH_A with highest valid ARPS score (1.4411) satisfying all retinal preservation constraints.
aptos_2093,PATH_A,1.4656,False,19.16,5570.1975,4.4478,16.1956,0.9826,1.4826,1.1897,Selected PATH_A with highest valid ARPS score (1.4656) satisfying all retinal preservation constraints.
aptos_0389,PATH_A,1.319,False,16.3907,2207.0193,2.9652,14.1426,0.9754,1.4826,2.7739,Selected PATH_A with highest valid ARPS score (1.3190) satisfying all retinal preservation constraints.
aptos_1888,PATH_C,0.8451,False,15.004,2677.2504,2.9652,8.0117,0.9673,1.4826,1.1405,Selected PATH_C with highest valid ARPS score (0.8451) satisfying all retinal preservation constraints.
aptos_2502,PATH_A,1.3906,False,20.7875,2268.6081,2.9652,18.3207,0.9811,1.4826,0.1919,Selected PATH_A with highest valid ARPS score (1.3906) satisfying all retinal preservation constraints.
aptos_1299,PATH_C,1.3961,False,11.9684,1724.0014,2.9652,9.3112,0.9745,1.4826,-1.1018,Selected PATH_C with highest valid ARPS score (1.3961) satisfying all retinal preservation constraints.
aptos_0359,PATH_A,1.3842,False,28.0077,2791.3248,2.9652,25.3218,0.9859,1.4826,4.0174,Selected PATH_A with highest valid ARPS score (1.3842) satisfying all retinal preservation constraints.
aptos_0637,PATH_A,1.3913,False,20.6238,3405.958,2.9652,17.9032,0.9817,1.4826,0.0672,Selected PATH_A with highest valid ARPS score (1.3913) satisfying all retinal preservation constraints.
aptos_3514,PATH_A,1.3939,False,23.1362,1701.424,2.9652,24.4561,0.9817,1.4826,4.7673,Selected PATH_A with highest valid ARPS score (1.3939) satisfying all retinal preservation constraints.
aptos_0730,PATH_C,1.412,False,14.1329,1382.9357,2.9652,8.1403,0.9681,1.4826,-1.0468,Selected PATH_C with highest valid ARPS score (1.4120) satisfying all retinal preservation constraints.
aptos_2767,PATH_B,0.5314,False,27.8896,817.8944,1.4826,23.8315,0.9076,-1.4826,2.7054,Selected PATH_B with highest valid ARPS score (0.5314) satisfying all retinal preservation constraints.
aptos_2985,PATH_A,1.4115,False,21.3581,3322.9587,2.9652,16.9131,0.967,1.4826,3.9577,Selected PATH_A with highest valid ARPS score (1.4115) satisfying all retinal preservation constraints.
aptos_3090,PATH_C,0.854,False,14.7443,2950.8766,2.9652,7.5082,0.9739,1.4826,1.4029,Selected PATH_C with highest valid ARPS score (0.8540) satisfying all retinal preservation constraints.
aptos_3558,PATH_B,0.3859,False,18.4409,585.65,1.4826,17.7294,0.9085,0.0,-0.2735,Selected PATH_B with highest valid ARPS score (0.3859) satisfying all retinal preservation constraints.
aptos_2684,PATH_A,1.4044,False,21.3521,2167.7464,2.9652,19.8117,0.9729,1.4826,4.0661,Selected PATH_A with highest valid ARPS score (1.4044) satisfying all retinal preservation constraints.
aptos_1108,PATH_A,1.4251,False,17.3037,2338.6987,2.9652,15.5391,0.977,1.4826,4.3532,Selected PATH_A with highest valid ARPS score (1.4251) satisfying all retinal preservation constraints.
aptos_1322,PATH_A,1.402,False,18.6084,1161.716,2.9652,19.2287,0.9683,1.4826,2.9661,Selected PATH_A with highest valid ARPS score (1.4020) satisfying all retinal preservation constraints.
aptos_2173,PATH_A,1.431,False,16.1855,2382.0181,2.9652,17.1547,0.9542,1.4826,5.2663,Selected PATH_A with highest valid ARPS score (1.4310) satisfying all retinal preservation constraints.
aptos_0257,PATH_A,1.4065,False,15.9801,2081.6747,2.9652,17.0292,0.9798,1.4826,2.1945,Selected PATH_A with highest valid ARPS score (1.4065) satisfying all retinal preservation constraints.
aptos_3293,PATH_C,0.8318,False,15.3484,2325.1145,2.9652,7.1149,0.9633,1.4826,3.831,Selected PATH_C with highest valid ARPS score (0.8318) satisfying all retinal preservation constraints.
aptos_1516,PATH_A,1.519,False,21.3458,1156.0509,1.4826,25.3786,0.9678,0.0,2.7309,Selected PATH_A with highest valid ARPS score (1.5190) satisfying all retinal preservation constraints.
aptos_0765,PATH_A,1.5167,False,23.7625,1417.6927,1.4826,28.753,0.9561,0.0,4.6604,Selected PATH_A with highest valid ARPS score (1.5167) satisfying all retinal preservation constraints.
aptos_3578,PATH_C,0.8259,False,16.677,3011.8653,2.9652,7.6847,0.964,1.4826,-1.5253,Selected PATH_C with highest valid ARPS score (0.8259) satisfying all retinal preservation constraints.
aptos_2980,PATH_A,1.4223,False,18.6932,1671.4186,2.9652,14.0462,0.9707,1.4826,3.8201,Selected PATH_A with highest valid ARPS score (1.4223) satisfying all retinal preservation constraints.
aptos_1926,PATH_A,1.4577,False,10.6259,1757.8256,2.9652,11.7229,0.9717,1.4826,4.0125,Selected PATH_A with highest valid ARPS score (1.4577) satisfying all retinal preservation constraints.
aptos_2013,PATH_B,0.3803,False,17.9481,701.7208,1.4826,15.3543,0.9046,0.0,-0.8081,Selected PATH_B with highest valid ARPS score (0.3803) satisfying all retinal preservation constraints.
aptos_2947,PATH_B,0.3867,False,18.746,603.2403,1.4826,17.3861,0.9032,0.0,-0.6126,Selected PATH_B with highest valid ARPS score (0.3867) satisfying all retinal preservation constraints.
aptos_1574,PATH_C,0.6571,False,9.8292,1284.462,2.9652,11.3991,0.966,0.0,-2.9709,Selected PATH_C with highest valid ARPS score (0.6571) satisfying all retinal preservation constraints.
aptos_2130,PATH_C,1.4488,False,16.9609,1898.8955,2.9652,6.6305,0.9777,1.4826,4.7425,Selected PATH_C with highest valid ARPS score (1.4488) satisfying all retinal preservation constraints.
aptos_2503,PATH_B,0.3963,False,15.6867,518.782,1.4826,12.7194,0.8873,0.0,1.03,Selected PATH_B with highest valid ARPS score (0.3963) satisfying all retinal preservation constraints.
aptos_0563,PATH_C,1.2874,False,10.1864,531.9424,0.0,18.1732,0.9473,0.0,-1.3613,Selected PATH_C with highest valid ARPS score (1.2874) satisfying all retinal preservation constraints.
aptos_2884,PATH_C,0.8628,False,16.0587,3084.7403,2.9652,8.1191,0.9679,1.4826,0.7105,Selected PATH_C with highest valid ARPS score (0.8628) satisfying all retinal preservation constraints.
aptos_3372,PATH_C,1.3883,False,13.7624,1729.6817,2.9652,7.8953,0.9737,1.4826,-0.5813,Selected PATH_C with highest valid ARPS score (1.3883) satisfying all retinal preservation constraints.
aptos_3569,PATH_A,1.5448,False,18.5704,1142.468,1.4826,21.0442,0.9737,0.0,4.3539,Selected PATH_A with highest valid ARPS score (1.5448) satisfying all retinal preservation constraints.
aptos_0677,PATH_A,1.529,False,19.9606,1299.8158,1.4826,31.4675,0.9796,0.0,6.3542,Selected PATH_A with highest valid ARPS score (1.5290) satisfying all retinal preservation constraints.
aptos_0799,PATH_A,1.4463,False,17.771,3070.299,2.9652,14.3237,0.9668,1.4826,6.388,Selected PATH_A with highest valid ARPS score (1.4463) satisfying all retinal preservation constraints.
aptos_1230,PATH_C,1.1228,False,16.4779,2302.6897,2.9652,7.6552,0.9784,1.4826,1.8136,Selected PATH_C with highest valid ARPS score (1.1228) satisfying all retinal preservation constraints.
aptos_1008,PATH_A,1.4005,False,16.7196,2959.8638,2.9652,16.154,0.9808,1.4826,0.8743,Selected PATH_A with highest valid ARPS score (1.4005) satisfying all retinal preservation constraints.
aptos_1982,PATH_A,1.0994,False,11.7555,2747.8707,2.9652,10.5345,0.9482,1.4826,2.1625,Selected PATH_A with highest valid ARPS score (1.0994) satisfying all retinal preservation constraints.
aptos_3544,PATH_B,0.3896,False,17.0098,566.1172,1.4826,15.3279,0.9032,0.0,0.1959,Selected PATH_B with highest valid ARPS score (0.3896) satisfying all retinal preservation constraints.
aptos_1625,PATH_A,1.4071,False,17.3156,1537.0658,2.9652,21.7055,0.9731,1.4826,4.3175,Selected PATH_A with highest valid ARPS score (1.4071) satisfying all retinal preservation constraints.
aptos_2696,PATH_C,1.0608,False,11.765,1210.9705,2.9652,8.687,0.969,1.4826,-1.5231,Selected PATH_C with highest valid ARPS score (1.0608) satisfying all retinal preservation constraints.
aptos_0582,PATH_A,1.4416,False,14.7389,1774.0576,2.9652,12.1795,0.9599,1.4826,4.479,Selected PATH_A with highest valid ARPS score (1.4416) satisfying all retinal preservation constraints.
aptos_0584,PATH_C,1.0056,False,14.3736,2885.0913,2.9652,8.0649,0.9657,1.4826,-1.9483,Selected PATH_C with highest valid ARPS score (1.0056) satisfying all retinal preservation constraints.
aptos_2614,PATH_A,1.0407,False,17.2793,4164.2673,2.9652,13.7417,0.9619,1.4826,2.8524,Selected PATH_A with highest valid ARPS score (1.0407) satisfying all retinal preservation constraints.
aptos_2194,PATH_C,1.0798,False,13.7156,1801.1956,2.9652,9.9195,0.9745,1.4826,-1.8599,Selected PATH_C with highest valid ARPS score (1.0798) satisfying all retinal preservation constraints.
aptos_0594,PATH_B,0.4171,False,17.4153,637.7528,1.4826,15.4179,0.9176,0.0,1.0856,Selected PATH_B with highest valid ARPS score (0.4171) satisfying all retinal preservation constraints.
aptos_3036,PATH_C,0.733,False,21.2863,942.3264,1.4826,11.9523,0.9506,0.0,3.319,Selected PATH_C with highest valid ARPS score (0.7330) satisfying all retinal preservation constraints.
aptos_3489,PATH_A,1.4172,False,21.2179,2242.6376,2.9652,16.9812,0.9763,1.4826,4.7804,Selected PATH_A with highest valid ARPS score (1.4172) satisfying all retinal preservation constraints.
aptos_3358,PATH_B,0.3972,False,16.501,665.3415,1.4826,15.0984,0.9187,0.0,-0.4023,Selected PATH_B with highest valid ARPS score (0.3972) satisfying all retinal preservation constraints.
aptos_0743,PATH_A,1.476,False,17.7586,4581.9276,4.4478,16.6685,0.971,1.4826,2.4625,Selected PATH_A with highest valid ARPS score (1.4760) satisfying all retinal preservation constraints.
aptos_1696,PATH_B,0.4761,False,30.8301,515.1798,1.4826,24.4283,0.8938,0.0,1.8845,Selected PATH_B with highest valid ARPS score (0.4761) satisfying all retinal preservation constraints.
aptos_3590,PATH_B,0.3995,False,17.4628,715.5077,1.4826,15.907,0.9145,0.0,0.5045,Selected PATH_B with highest valid ARPS score (0.3995) satisfying all retinal preservation constraints.
aptos_1600,PATH_A,1.5366,False,16.4641,1193.6279,1.4826,27.7023,0.9796,0.0,4.9511,Selected PATH_A with highest valid ARPS score (1.5366) satisfying all retinal preservation constraints.
aptos_1085,PATH_C,1.0495,False,18.5259,4531.6582,2.9652,6.9009,0.98,1.4826,3.5929,Selected PATH_C with highest valid ARPS score (1.0495) satisfying all retinal preservation constraints.
aptos_3323,PATH_A,1.298,False,26.0643,2560.86,2.9652,27.7215,0.9717,1.4826,1.9878,Selected PATH_A with highest valid ARPS score (1.2980) satisfying all retinal preservation constraints.
aptos_0764,PATH_A,1.3637,False,27.8771,4679.7603,2.9652,21.8202,0.9814,1.4826,1.9593,Selected PATH_A with highest valid ARPS score (1.3637) satisfying all retinal preservation constraints.
aptos_2141,PATH_A,1.3708,False,23.2926,3622.7379,2.9652,24.5285,0.9783,1.4826,-0.3784,Selected PATH_A with highest valid ARPS score (1.3708) satisfying all retinal preservation constraints.
aptos_2818,PATH_B,0.7354,False,19.9025,684.6969,0.0,17.4521,0.9201,-1.4826,1.5044,Selected PATH_B with highest valid ARPS score (0.7354) satisfying all retinal preservation constraints.
aptos_3650,PATH_C,1.3246,False,13.5175,1951.5889,2.9652,7.7017,0.973,1.4826,-1.6561,Selected PATH_C with highest valid ARPS score (1.3246) satisfying all retinal preservation constraints.
aptos_0322,PATH_A,1.5363,False,22.4888,1332.2109,1.4826,27.0156,0.9726,0.0,6.5215,Selected PATH_A with highest valid ARPS score (1.5363) satisfying all retinal preservation constraints.
aptos_0443,PATH_C,0.8485,False,15.8725,2883.8018,2.9652,7.0667,0.9695,1.4826,-0.8792,Selected PATH_C with highest valid ARPS score (0.8485) satisfying all retinal preservation constraints.
aptos_1137,PATH_B,0.5986,False,30.8831,328.474,0.0,21.9882,0.8664,-1.4826,-1.5156,Selected PATH_B with highest valid ARPS score (0.5986) satisfying all retinal preservation constraints.
aptos_0897,PATH_C,0.8152,False,13.7128,652.2961,1.4826,9.9606,0.9489,0.0,3.6013,Selected PATH_C with highest valid ARPS score (0.8152) satisfying all retinal preservation constraints.
aptos_1068,PATH_C,0.9031,False,16.4553,1967.3985,2.9652,8.7123,0.9767,1.4826,-0.0459,Selected PATH_C with highest valid ARPS score (0.9031) satisfying all retinal preservation constraints.
aptos_1438,PATH_A,1.4408,False,15.3055,1506.8893,2.9652,12.1351,0.9778,1.4826,4.4492,Selected PATH_A with highest valid ARPS score (1.4408) satisfying all retinal preservation constraints.
aptos_1326,PATH_A,0.8846,False,17.9852,3872.1449,2.9652,14.08,0.957,1.4826,2.4885,Selected PATH_A with highest valid ARPS score (0.8846) satisfying all retinal preservation constraints.
aptos_2511,PATH_C,0.7861,False,18.1619,779.7821,1.4826,13.1846,0.9617,0.0,3.0849,Selected PATH_C with highest valid ARPS score (0.7861) satisfying all retinal preservation constraints.
aptos_0670,PATH_A,1.448,False,16.3497,1590.0115,2.9652,10.7692,0.964,1.4826,5.1659,Selected PATH_A with highest valid ARPS score (1.4480) satisfying all retinal preservation constraints.
aptos_3258,PATH_C,1.2169,False,16.9746,1794.0249,2.9652,6.9867,0.9773,1.4826,8.4435,Selected PATH_C with highest valid ARPS score (1.2169) satisfying all retinal preservation constraints.
aptos_2708,PATH_C,1.4387,False,17.6973,1069.4399,2.9652,7.8472,0.9592,1.4826,3.5649,Selected PATH_C with highest valid ARPS score (1.4387) satisfying all retinal preservation constraints.
aptos_2644,PATH_C,1.3838,False,14.1319,2114.5637,2.9652,6.8255,0.9757,1.4826,0.9156,Selected PATH_C with highest valid ARPS score (1.3838) satisfying all retinal preservation constraints.
aptos_3360,PATH_C,1.4224,False,13.3034,1147.0603,2.9652,7.9421,0.9663,1.4826,0.656,Selected PATH_C with highest valid ARPS score (1.4224) satisfying all retinal preservation constraints.
aptos_0537,PATH_A,1.3937,False,27.2834,3556.2551,2.9652,16.2733,0.969,1.4826,-0.355,Selected PATH_A with highest valid ARPS score (1.3937) satisfying all retinal preservation constraints.
aptos_2900,PATH_C,1.2008,False,13.6784,2285.1045,2.9652,7.9181,0.976,1.4826,0.2106,Selected PATH_C with highest valid ARPS score (1.2008) satisfying all retinal preservation constraints.
aptos_0672,PATH_A,1.0226,False,18.0118,3568.1625,2.9652,14.1879,0.972,1.4826,1.3065,Selected PATH_A with highest valid ARPS score (1.0226) satisfying all retinal preservation constraints.
aptos_1611,PATH_C,1.4558,False,15.4479,1202.683,2.9652,7.3464,0.9691,1.4826,4.6806,Selected PATH_C with highest valid ARPS score (1.4558) satisfying all retinal preservation constraints.
aptos_1621,PATH_B,0.5271,False,21.3298,688.3308,1.4826,28.3776,0.8848,-1.4826,4.167,Selected PATH_B with highest valid ARPS score (0.5271) satisfying all retinal preservation constraints.
aptos_1739,PATH_A,1.3593,False,21.428,5289.1918,4.4478,17.183,0.9784,1.4826,0.4528,Selected PATH_A with highest valid ARPS score (1.3593) satisfying all retinal preservation constraints.
aptos_3378,PATH_B,0.3803,False,16.0495,509.506,1.4826,13.6286,0.8947,0.0,-1.374,Selected PATH_B with highest valid ARPS score (0.3803) satisfying all retinal preservation constraints.
aptos_3324,PATH_A,1.3801,False,24.4365,4132.3368,2.9652,24.14,0.9793,1.4826,1.8849,Selected PATH_A with highest valid ARPS score (1.3801) satisfying all retinal preservation constraints.
aptos_1200,PATH_A,1.4139,False,19.2485,3279.2725,2.9652,20.1249,0.9784,1.4826,5.0621,Selected PATH_A with highest valid ARPS score (1.4139) satisfying all retinal preservation constraints.
aptos_1776,PATH_C,1.2297,False,16.2995,2645.8833,2.9652,7.2173,0.977,1.4826,1.6613,Selected PATH_C with highest valid ARPS score (1.2297) satisfying all retinal preservation constraints.
aptos_2640,PATH_A,1.5486,False,16.8498,735.3456,1.4826,21.7988,0.9675,0.0,4.67,Selected PATH_A with highest valid ARPS score (1.5486) satisfying all retinal preservation constraints.
aptos_3516,PATH_A,1.3989,False,20.9464,2047.7671,2.9652,22.863,0.979,1.4826,4.4248,Selected PATH_A with highest valid ARPS score (1.3989) satisfying all retinal preservation constraints.
aptos_3210,PATH_C,1.4287,False,13.4406,1057.5743,2.9652,8.4015,0.9685,1.4826,1.674,Selected PATH_C with highest valid ARPS score (1.4287) satisfying all retinal preservation constraints.
aptos_2337,PATH_A,1.4137,False,17.4491,1934.5082,2.9652,17.1485,0.967,1.4826,3.6129,Selected PATH_A with highest valid ARPS score (1.4137) satisfying all retinal preservation constraints.
aptos_1313,PATH_A,1.4112,False,20.2494,1689.6035,2.9652,21.3457,0.9731,1.4826,5.4641,Selected PATH_A with highest valid ARPS score (1.4112) satisfying all retinal preservation constraints.
aptos_1965,PATH_A,1.427,False,24.1306,2816.3489,2.9652,14.7669,0.9782,1.4826,6.0236,Selected PATH_A with highest valid ARPS score (1.4270) satisfying all retinal preservation constraints.
aptos_2032,PATH_B,0.4017,False,18.0281,516.6416,1.4826,16.3929,0.9086,0.0,1.8653,Selected PATH_B with highest valid ARPS score (0.4017) satisfying all retinal preservation constraints.
aptos_1122,PATH_A,1.2218,False,16.6409,3263.6614,2.9652,15.0167,0.9693,1.4826,1.7406,Selected PATH_A with highest valid ARPS score (1.2218) satisfying all retinal preservation constraints.
aptos_0089,PATH_A,1.444,False,16.2985,2842.0274,2.9652,12.7144,0.9713,1.4826,5.237,Selected PATH_A with highest valid ARPS score (1.4440) satisfying all retinal preservation constraints.
aptos_1552,PATH_B,0.4382,False,16.935,425.7327,1.4826,18.2351,0.9033,0.0,3.5816,Selected PATH_B with highest valid ARPS score (0.4382) satisfying all retinal preservation constraints.
aptos_0771,PATH_B,0.4921,False,25.673,651.5367,1.4826,24.2797,0.9139,0.0,-0.5633,Selected PATH_B with highest valid ARPS score (0.4921) satisfying all retinal preservation constraints.
aptos_3139,PATH_B,0.4583,False,32.9341,1229.4813,1.4826,21.3364,0.9128,0.0,1.3957,Selected PATH_B with highest valid ARPS score (0.4583) satisfying all retinal preservation constraints.
aptos_3552,PATH_A,1.5102,False,23.3599,938.0517,1.4826,21.5945,0.9546,0.0,1.6876,Selected PATH_A with highest valid ARPS score (1.5102) satisfying all retinal preservation constraints.
aptos_2396,PATH_A,1.4688,False,19.9,4832.6159,4.4478,17.7254,0.9796,1.4826,1.8339,Selected PATH_A with highest valid ARPS score (1.4688) satisfying all retinal preservation constraints.
aptos_0737,PATH_A,0.9602,False,40.9414,5766.5599,2.9652,36.5211,0.9707,1.4826,-2.7513,Selected PATH_A with highest valid ARPS score (0.9602) satisfying all retinal preservation constraints.
aptos_1553,PATH_A,1.4692,False,14.522,2289.0427,2.9652,11.9089,0.9703,1.4826,6.2413,Selected PATH_A with highest valid ARPS score (1.4692) satisfying all retinal preservation constraints.
aptos_1539,PATH_B,0.73,False,15.6777,470.4395,0.0,18.2963,0.9014,-1.4826,4.8152,Selected PATH_B with highest valid ARPS score (0.7300) satisfying all retinal preservation constraints.
aptos_3194,PATH_A,1.3414,False,36.7894,2497.7166,2.9652,34.1977,0.9803,1.4826,-1.6648,Selected PATH_A with highest valid ARPS score (1.3414) satisfying all retinal preservation constraints.
aptos_2285,PATH_A,1.0858,False,16.1053,3397.0632,2.9652,13.5681,0.9519,1.4826,-0.5954,Selected PATH_A with highest valid ARPS score (1.0858) satisfying all retinal preservation constraints.
aptos_0415,PATH_C,0.9621,False,16.7097,3599.4608,2.9652,8.1348,0.9707,1.4826,0.1376,Selected PATH_C with highest valid ARPS score (0.9621) satisfying all retinal preservation constraints.
aptos_0210,PATH_A,1.3823,False,20.642,1335.4334,2.9652,28.6747,0.9812,1.4826,4.3094,Selected PATH_A with highest valid ARPS score (1.3823) satisfying all retinal preservation constraints.
aptos_2023,PATH_B,0.5387,False,23.4665,471.7601,1.4826,18.8124,0.894,0.0,1.2492,Selected PATH_B with highest valid ARPS score (0.5387) satisfying all retinal preservation constraints.
aptos_3310,PATH_A,1.4212,False,18.0762,3287.849,2.9652,13.0067,0.9752,1.4826,3.0641,Selected PATH_A with highest valid ARPS score (1.4212) satisfying all retinal preservation constraints.
aptos_0208,PATH_A,1.4214,False,25.9276,3991.6286,2.9652,15.175,0.9787,1.4826,5.64,Selected PATH_A with highest valid ARPS score (1.4214) satisfying all retinal preservation constraints.
aptos_1726,PATH_C,0.8805,False,20.1517,2477.4185,2.9652,8.5223,0.9739,1.4826,-1.1696,Selected PATH_C with highest valid ARPS score (0.8805) satisfying all retinal preservation constraints.
aptos_2203,PATH_C,0.7935,False,15.8195,2829.9859,2.9652,7.2405,0.9724,1.4826,1.3612,Selected PATH_C with highest valid ARPS score (0.7935) satisfying all retinal preservation constraints.
aptos_2957,PATH_A,1.4075,False,16.595,2064.3298,2.9652,18.392,0.9687,1.4826,3.0723,Selected PATH_A with highest valid ARPS score (1.4075) satisfying all retinal preservation constraints.
aptos_1451,PATH_B,0.4705,False,35.7457,777.1084,1.4826,33.7108,0.9289,0.0,3.912,Selected PATH_B with highest valid ARPS score (0.4705) satisfying all retinal preservation constraints.
aptos_0531,PATH_A,1.4,False,21.5707,1871.2398,2.9652,20.701,0.9758,1.4826,3.7419,Selected PATH_A with highest valid ARPS score (1.4000) satisfying all retinal preservation constraints.
aptos_1922,PATH_B,0.7144,False,20.5657,326.2879,0.0,20.3137,0.8804,-1.4826,2.9729,Selected PATH_B with highest valid ARPS score (0.7144) satisfying all retinal preservation constraints.
aptos_0129,PATH_A,1.3469,False,30.7422,2512.9379,2.9652,39.5554,0.9795,1.4826,5.3094,Selected PATH_A with highest valid ARPS score (1.3469) satisfying all retinal preservation constraints.
aptos_0137,PATH_B,0.3823,False,18.173,626.5043,1.4826,14.8223,0.9026,0.0,0.4261,Selected PATH_B with highest valid ARPS score (0.3823) satisfying all retinal preservation constraints.
aptos_0142,PATH_A,1.0861,False,16.4236,3483.8408,2.9652,13.9545,0.957,1.4826,1.7776,Selected PATH_A with highest valid ARPS score (1.0861) satisfying all retinal preservation constraints.
aptos_3634,PATH_A,1.4146,False,15.9889,1928.0174,2.9652,19.8276,0.9789,1.4826,4.1804,Selected PATH_A with highest valid ARPS score (1.4146) satisfying all retinal preservation constraints.
aptos_0680,PATH_A,1.3672,False,30.6283,5997.5103,2.9652,30.3387,0.9796,1.4826,3.7264,Selected PATH_A with highest valid ARPS score (1.3672) satisfying all retinal preservation constraints.
aptos_2683,PATH_A,1.3899,False,25.5395,1591.5904,2.9652,25.4856,0.9746,1.4826,5.1404,Selected PATH_A with highest valid ARPS score (1.3899) satisfying all retinal preservation constraints.
aptos_1949,PATH_C,1.0941,False,16.8278,3199.9753,2.9652,7.0486,0.9779,1.4826,0.7441,Selected PATH_C with highest valid ARPS score (1.0941) satisfying all retinal preservation constraints.
aptos_2918,PATH_C,1.4227,False,12.9408,1212.1316,2.9652,7.4935,0.968,1.4826,0.4906,Selected PATH_C with highest valid ARPS score (1.4227) satisfying all retinal preservation constraints.
aptos_3453,PATH_A,1.4457,False,16.2704,2379.8199,2.9652,11.3418,0.9743,1.4826,5.0087,Selected PATH_A with highest valid ARPS score (1.4457) satisfying all retinal preservation constraints.
aptos_2314,PATH_A,1.4629,False,22.0359,5350.286,4.4478,19.0763,0.981,1.4826,1.5436,Selected PATH_A with highest valid ARPS score (1.4629) satisfying all retinal preservation constraints.
aptos_2415,PATH_A,1.375,False,24.9656,2897.5962,2.9652,23.1124,0.9825,1.4826,-0.4423,Selected PATH_A with highest valid ARPS score (1.3750) satisfying all retinal preservation constraints.
aptos_1560,PATH_C,0.9414,False,14.0094,3066.2964,2.9652,7.5141,0.9721,1.4826,-2.2393,Selected PATH_C with highest valid ARPS score (0.9414) satisfying all retinal preservation constraints.
aptos_2322,PATH_C,1.429,False,14.3385,1356.1771,2.9652,7.4367,0.9718,1.4826,1.4315,Selected PATH_C with highest valid ARPS score (1.4290) satisfying all retinal preservation constraints.
aptos_1384,PATH_A,1.423,False,20.6394,2108.7886,2.9652,15.932,0.9662,1.4826,5.16,Selected PATH_A with highest valid ARPS score (1.4230) satisfying all retinal preservation constraints.
aptos_1254,PATH_B,0.4393,False,24.3225,502.7939,1.4826,24.8025,0.8949,0.0,-0.3675,Selected PATH_B with highest valid ARPS score (0.4393) satisfying all retinal preservation constraints.
aptos_0978,PATH_C,1.3909,False,16.2801,1884.1241,2.9652,7.7873,0.9763,1.4826,1.4937,Selected PATH_C with highest valid ARPS score (1.3909) satisfying all retinal preservation constraints.
aptos_2332,PATH_A,1.4277,False,18.0516,2510.1609,2.9652,15.7497,0.9611,1.4826,5.0483,Selected PATH_A with highest valid ARPS score (1.4277) satisfying all retinal preservation constraints.
aptos_0748,PATH_A,1.4815,False,20.3773,5738.5732,4.4478,16.5204,0.9755,1.4826,3.6524,Selected PATH_A with highest valid ARPS score (1.4815) satisfying all retinal preservation constraints.
aptos_1253,PATH_A,1.4322,False,17.7671,1998.2756,2.9652,16.9838,0.9791,1.4826,5.6827,Selected PATH_A with highest valid ARPS score (1.4322) satisfying all retinal preservation constraints.
aptos_1777,PATH_A,1.4464,False,15.8627,2020.9726,2.9652,12.2308,0.9574,1.4826,5.2763,Selected PATH_A with highest valid ARPS score (1.4464) satisfying all retinal preservation constraints.
aptos_0195,PATH_C,1.2198,False,18.6063,3560.8272,2.9652,7.0691,0.9773,1.4826,3.0162,Selected PATH_C with highest valid ARPS score (1.2198) satisfying all retinal preservation constraints.
aptos_2725,PATH_A,1.3935,False,19.8069,2032.2386,2.9652,28.2886,0.985,1.4826,5.4926,Selected PATH_A with highest valid ARPS score (1.3935) satisfying all retinal preservation constraints.
aptos_2112,PATH_C,1.4313,False,15.08,2021.8215,2.9652,6.3952,0.9784,1.4826,1.3281,Selected PATH_C with highest valid ARPS score (1.4313) satisfying all retinal preservation constraints.
aptos_0577,PATH_A,1.4633,False,13.6213,2264.1429,2.9652,12.11,0.9567,1.4826,5.6076,Selected PATH_A with highest valid ARPS score (1.4633) satisfying all retinal preservation constraints.
aptos_1000,PATH_A,1.4388,False,14.5269,2195.4011,2.9652,12.4666,0.9748,1.4826,4.145,Selected PATH_A with highest valid ARPS score (1.4388) satisfying all retinal preservation constraints.
aptos_1360,PATH_C,0.9257,False,15.2642,2797.9412,2.9652,8.3375,0.9686,1.4826,-3.0789,Selected PATH_C with highest valid ARPS score (0.9257) satisfying all retinal preservation constraints.
aptos_0854,PATH_A,1.3811,False,22.0785,1668.5647,2.9652,22.4248,0.9681,1.4826,0.9524,Selected PATH_A with highest valid ARPS score (1.3811) satisfying all retinal preservation constraints.
aptos_3032,PATH_C,1.4039,False,15.1882,1159.5301,2.9652,7.2593,0.9608,1.4826,-3.5885,Selected PATH_C with highest valid ARPS score (1.4039) satisfying all retinal preservation constraints.
aptos_3500,PATH_C,0.8013,False,19.5777,3845.7964,2.9652,7.3963,0.977,1.4826,6.506,Selected PATH_C with highest valid ARPS score (0.8013) satisfying all retinal preservation constraints.
aptos_1169,PATH_C,0.9045,False,13.8865,2570.6539,2.9652,8.6113,0.9703,1.4826,-2.7111,Selected PATH_C with highest valid ARPS score (0.9045) satisfying all retinal preservation constraints.
aptos_1544,PATH_A,1.4208,False,18.5352,3582.6281,2.9652,16.428,0.9817,1.4826,4.3945,Selected PATH_A with highest valid ARPS score (1.4208) satisfying all retinal preservation constraints.
aptos_2099,PATH_A,1.4637,False,20.6312,5368.0611,4.4478,17.9827,0.9818,1.4826,0.9202,Selected PATH_A with highest valid ARPS score (1.4637) satisfying all retinal preservation constraints.
aptos_2307,PATH_A,1.413,False,19.2865,2723.8573,2.9652,24.4009,0.9701,1.4826,6.4217,Selected PATH_A with highest valid ARPS score (1.4130) satisfying all retinal preservation constraints.
aptos_1335,PATH_C,0.9564,False,14.9203,2968.5256,2.9652,7.6793,0.971,1.4826,-2.7085,Selected PATH_C with highest valid ARPS score (0.9564) satisfying all retinal preservation constraints.
aptos_3616,PATH_B,0.472,False,26.1108,907.3737,1.4826,23.3527,0.9133,0.0,2.2696,Selected PATH_B with highest valid ARPS score (0.4720) satisfying all retinal preservation constraints.
aptos_1369,PATH_A,1.1633,False,17.072,3483.2726,2.9652,13.6566,0.9758,1.4826,2.2313,Selected PATH_A with highest valid ARPS score (1.1633) satisfying all retinal preservation constraints.
aptos_2707,PATH_A,1.0751,False,17.6327,3125.8291,2.9652,16.2039,0.9727,1.4826,-1.0872,Selected PATH_A with highest valid ARPS score (1.0751) satisfying all retinal preservation constraints.
aptos_0797,PATH_A,1.4438,False,15.3714,2826.0145,2.9652,11.7317,0.9735,1.4826,4.6677,Selected PATH_A with highest valid ARPS score (1.4438) satisfying all retinal preservation constraints.
aptos_3267,PATH_A,1.5133,False,25.6562,2071.4421,1.4826,31.8044,0.969,0.0,5.8741,Selected PATH_A with highest valid ARPS score (1.5133) satisfying all retinal preservation constraints.
aptos_1472,PATH_A,1.4842,False,28.171,751.4533,1.4826,38.5228,0.9656,0.0,4.2079,Selected PATH_A with highest valid ARPS score (1.4842) satisfying all retinal preservation constraints.
aptos_2868,PATH_C,0.838,False,14.7556,2477.9872,2.9652,8.7661,0.9736,1.4826,-1.7199,Selected PATH_C with highest valid ARPS score (0.8380) satisfying all retinal preservation constraints.
aptos_3232,PATH_A,1.4168,False,20.7124,3092.2449,2.9652,16.2896,0.9616,1.4826,4.4643,Selected PATH_A with highest valid ARPS score (1.4168) satisfying all retinal preservation constraints.
aptos_0915,PATH_C,0.6213,False,13.2288,803.9094,1.4826,13.3744,0.9548,0.0,-3.7555,Selected PATH_C with highest valid ARPS score (0.6213) satisfying all retinal preservation constraints.
aptos_0027,PATH_C,0.9664,False,14.3959,2964.321,2.9652,8.1431,0.9749,1.4826,-0.9668,Selected PATH_C with highest valid ARPS score (0.9664) satisfying all retinal preservation constraints.
aptos_1710,PATH_A,1.4327,False,16.7203,1662.419,2.9652,16.0642,0.973,1.4826,5.1931,Selected PATH_A with highest valid ARPS score (1.4327) satisfying all retinal preservation constraints.
aptos_0098,PATH_A,1.3757,False,22.9483,2498.5285,2.9652,28.8801,0.9665,1.4826,3.8625,Selected PATH_A with highest valid ARPS score (1.3757) satisfying all retinal preservation constraints.
aptos_3072,PATH_C,1.0117,False,14.4781,3266.0225,2.9652,8.7875,0.9752,1.4826,-0.8082,Selected PATH_C with highest valid ARPS score (1.0117) satisfying all retinal preservation constraints.
aptos_3290,PATH_A,1.4282,False,16.0498,2906.131,2.9652,14.1539,0.9701,1.4826,4.0012,Selected PATH_A with highest valid ARPS score (1.4282) satisfying all retinal preservation constraints.
aptos_3467,PATH_A,1.4324,False,17.4402,2667.4313,2.9652,12.9949,0.9722,1.4826,4.4411,Selected PATH_A with highest valid ARPS score (1.4324) satisfying all retinal preservation constraints.
aptos_2494,PATH_B,0.4956,False,21.055,469.9936,1.4826,21.1524,0.898,0.0,1.7634,Selected PATH_B with highest valid ARPS score (0.4956) satisfying all retinal preservation constraints.
aptos_2007,PATH_A,1.425,False,19.2966,2327.8359,2.9652,15.4523,0.984,1.4826,4.7472,Selected PATH_A with highest valid ARPS score (1.4250) satisfying all retinal preservation constraints.
aptos_0121,PATH_A,1.46,False,20.6674,5822.3672,4.4478,19.3645,0.9789,1.4826,1.0262,Selected PATH_A with highest valid ARPS score (1.4600) satisfying all retinal preservation constraints.
aptos_0157,PATH_C,1.4476,False,12.4467,1466.7825,2.9652,7.117,0.9724,1.4826,3.049,Selected PATH_C with highest valid ARPS score (1.4476) satisfying all retinal preservation constraints.
aptos_2303,PATH_A,1.0096,False,14.6393,3466.6453,2.9652,12.3698,0.9659,1.4826,-0.0875,Selected PATH_A with highest valid ARPS score (1.0096) satisfying all retinal preservation constraints.
aptos_2242,PATH_A,1.371,False,24.9349,2537.0056,2.9652,27.1095,0.9692,1.4826,1.9157,Selected PATH_A with highest valid ARPS score (1.3710) satisfying all retinal preservation constraints.
aptos_2766,PATH_C,0.9683,False,13.9972,2936.5076,2.9652,7.7754,0.9778,1.4826,-2.077,Selected PATH_C with highest valid ARPS score (0.9683) satisfying all retinal preservation constraints.
aptos_3243,PATH_C,1.4067,False,17.5201,1133.5584,2.9652,7.781,0.9625,1.4826,-2.8746,Selected PATH_C with highest valid ARPS score (1.4067) satisfying all retinal preservation constraints.
aptos_3024,PATH_A,1.2886,False,10.9265,808.5235,1.4826,17.8646,0.9571,1.4826,3.3979,Selected PATH_A with highest valid ARPS score (1.2886) satisfying all retinal preservation constraints.
aptos_1246,PATH_C,0.9515,False,16.9453,3707.5453,2.9652,7.2443,0.9733,1.4826,-1.4952,Selected PATH_C with highest valid ARPS score (0.9515) satisfying all retinal preservation constraints.
aptos_0615,PATH_B,0.3819,False,19.0231,608.3488,1.4826,15.0283,0.8559,0.0,0.068,Selected PATH_B with highest valid ARPS score (0.3819) satisfying all retinal preservation constraints.
aptos_2241,PATH_C,1.4292,False,14.1804,2627.0619,2.9652,6.7543,0.9805,1.4826,1.0681,Selected PATH_C with highest valid ARPS score (1.4292) satisfying all retinal preservation constraints.
aptos_0375,PATH_A,1.5057,False,32.6834,1865.703,1.4826,27.1318,0.9733,0.0,1.263,Selected PATH_A with highest valid ARPS score (1.5057) satisfying all retinal preservation constraints.
aptos_1388,PATH_C,1.4643,False,13.0278,1037.2152,2.9652,6.7354,0.9712,1.4826,4.4338,Selected PATH_C with highest valid ARPS score (1.4643) satisfying all retinal preservation constraints.
aptos_3588,PATH_A,1.0852,False,17.0213,3533.7521,2.9652,13.3956,0.9728,1.4826,2.083,Selected PATH_A with highest valid ARPS score (1.0852) satisfying all retinal preservation constraints.
aptos_0481,PATH_C,1.4212,False,13.4413,1736.0857,2.9652,7.2341,0.975,1.4826,0.0775,Selected PATH_C with highest valid ARPS score (1.4212) satisfying all retinal preservation constraints.
aptos_0954,PATH_C,1.4644,False,15.61,1360.2531,2.9652,6.1146,0.9713,1.4826,5.1707,Selected PATH_C with highest valid ARPS score (1.4644) satisfying all retinal preservation constraints.
aptos_1843,PATH_B,0.5248,False,29.7915,473.7896,1.4826,25.8792,0.8905,0.0,2.1698,Selected PATH_B with highest valid ARPS score (0.5248) satisfying all retinal preservation constraints.
aptos_0024,PATH_A,1.3871,False,22.6673,4351.4945,2.9652,20.1313,0.9734,1.4826,0.7633,Selected PATH_A with highest valid ARPS score (1.3871) satisfying all retinal preservation constraints.
aptos_1801,PATH_B,0.5426,False,24.3917,1205.9627,1.4826,18.0375,0.9264,0.0,3.6667,Selected PATH_B with highest valid ARPS score (0.5426) satisfying all retinal preservation constraints.
aptos_0760,PATH_C,0.7498,False,9.892,875.5255,2.9652,12.3216,0.9564,1.4826,-2.4374,Selected PATH_C with highest valid ARPS score (0.7498) satisfying all retinal preservation constraints.
aptos_2741,PATH_A,1.4018,False,24.7814,2447.5102,2.9652,20.6019,0.98,1.4826,4.5505,Selected PATH_A with highest valid ARPS score (1.4018) satisfying all retinal preservation constraints.
aptos_1615,PATH_C,1.3728,False,14.4316,1984.2134,2.9652,9.6442,0.9783,1.4826,-0.5462,Selected PATH_C with highest valid ARPS score (1.3728) satisfying all retinal preservation constraints.
aptos_3599,PATH_C,1.4474,False,13.1114,1059.0429,2.9652,7.1029,0.97,1.4826,3.2096,Selected PATH_C with highest valid ARPS score (1.4474) satisfying all retinal preservation constraints.
aptos_1354,PATH_B,0.4007,False,17.0244,575.0503,1.4826,15.3259,0.9127,0.0,0.7787,Selected PATH_B with highest valid ARPS score (0.4007) satisfying all retinal preservation constraints.
aptos_0510,PATH_C,1.3486,False,11.1052,1131.157,2.9652,7.8885,0.9743,1.4826,3.7279,Selected PATH_C with highest valid ARPS score (1.3486) satisfying all retinal preservation constraints.
aptos_2856,PATH_C,0.9697,False,14.787,3358.5114,2.9652,7.0625,0.9794,1.4826,-0.8993,Selected PATH_C with highest valid ARPS score (0.9697) satisfying all retinal preservation constraints.
aptos_3114,PATH_A,1.3872,False,31.5233,2183.2126,2.9652,19.7403,0.9714,1.4826,0.7644,Selected PATH_A with highest valid ARPS score (1.3872) satisfying all retinal preservation constraints.
aptos_2687,PATH_B,0.3993,False,17.0314,557.8803,1.4826,15.1153,0.9039,0.0,0.262,Selected PATH_B with highest valid ARPS score (0.3993) satisfying all retinal preservation constraints.
aptos_0928,PATH_A,1.2469,False,15.7215,2915.3383,2.9652,14.7475,0.974,1.4826,0.3149,Selected PATH_A with highest valid ARPS score (1.2469) satisfying all retinal preservation constraints.
aptos_2804,PATH_A,1.3925,False,21.7566,4146.6793,2.9652,22.7848,0.9836,1.4826,3.3776,Selected PATH_A with highest valid ARPS score (1.3925) satisfying all retinal preservation constraints.
aptos_2413,PATH_A,1.4181,False,19.0418,2806.5885,2.9652,14.4954,0.9774,1.4826,3.3767,Selected PATH_A with highest valid ARPS score (1.4181) satisfying all retinal preservation constraints.
aptos_0023,PATH_C,1.4598,False,11.1666,679.5054,1.4826,7.9697,0.9542,0.0,-3.0143,Selected PATH_C with highest valid ARPS score (1.4598) satisfying all retinal preservation constraints.
aptos_0661,PATH_A,1.4149,False,18.621,2269.9996,2.9652,17.9685,0.9748,1.4826,4.2722,Selected PATH_A with highest valid ARPS score (1.4149) satisfying all retinal preservation constraints.
aptos_0050,PATH_B,0.4691,False,25.2811,750.0109,1.4826,23.3869,0.8972,0.0,3.1788,Selected PATH_B with highest valid ARPS score (0.4691) satisfying all retinal preservation constraints.
aptos_0824,PATH_A,1.3729,False,22.6571,2579.1699,2.9652,30.9732,0.9757,1.4826,4.281,Selected PATH_A with highest valid ARPS score (1.3729) satisfying all retinal preservation constraints.
aptos_0425,PATH_A,1.4027,False,17.8888,2554.6586,2.9652,18.6317,0.9792,1.4826,2.5772,Selected PATH_A with highest valid ARPS score (1.4027) satisfying all retinal preservation constraints.
aptos_0792,PATH_A,1.0818,False,18.5322,2770.1837,2.9652,16.1566,0.9643,1.4826,0.9221,Selected PATH_A with highest valid ARPS score (1.0818) satisfying all retinal preservation constraints.
aptos_0568,PATH_B,0.4796,False,20.5283,511.8069,1.4826,21.4293,0.8792,0.0,2.5944,Selected PATH_B with highest valid ARPS score (0.4796) satisfying all retinal preservation constraints.
aptos_3474,PATH_A,1.4222,False,17.6809,2027.8555,2.9652,15.4588,0.975,1.4826,4.0795,Selected PATH_A with highest valid ARPS score (1.4222) satisfying all retinal preservation constraints.
aptos_0148,PATH_A,1.0225,False,15.8207,3078.7945,2.9652,13.4024,0.952,1.4826,0.5352,Selected PATH_A with highest valid ARPS score (1.0225) satisfying all retinal preservation constraints.
aptos_0652,PATH_A,1.5452,False,20.4404,1115.2421,1.4826,18.4155,0.9362,0.0,4.1217,Selected PATH_A with highest valid ARPS score (1.5452) satisfying all retinal preservation constraints.
aptos_0551,PATH_C,0.9281,False,15.6007,2106.685,2.9652,7.402,0.9774,1.4826,2.8879,Selected PATH_C with highest valid ARPS score (0.9281) satisfying all retinal preservation constraints.
aptos_0811,PATH_B,0.5499,False,16.8357,379.0019,1.4826,25.9826,0.8929,0.0,2.3436,Selected PATH_B with highest valid ARPS score (0.5499) satisfying all retinal preservation constraints.
aptos_3011,PATH_A,1.5349,False,22.0047,1392.8048,1.4826,18.8309,0.9822,0.0,2.0475,Selected PATH_A with highest valid ARPS score (1.5349) satisfying all retinal preservation constraints.
aptos_2418,PATH_A,1.5348,False,21.5937,1203.2462,1.4826,21.6555,0.9718,0.0,3.7022,Selected PATH_A with highest valid ARPS score (1.5348) satisfying all retinal preservation constraints.
aptos_1489,PATH_A,1.5244,False,21.5122,1021.4703,1.4826,26.6711,0.963,0.0,4.446,Selected PATH_A with highest valid ARPS score (1.5244) satisfying all retinal preservation constraints.
aptos_0580,PATH_B,0.4169,False,15.6407,416.6583,1.4826,15.7107,0.8893,0.0,1.5103,Selected PATH_B with highest valid ARPS score (0.4169) satisfying all retinal preservation constraints.
aptos_2200,PATH_A,1.4225,False,17.7945,2623.7499,2.9652,13.4861,0.9787,1.4826,3.3698,Selected PATH_A with highest valid ARPS score (1.4225) satisfying all retinal preservation constraints.
aptos_1896,PATH_A,1.4197,False,16.9726,3197.2462,2.9652,14.3393,0.9779,1.4826,3.1658,Selected PATH_A with highest valid ARPS score (1.4197) satisfying all retinal preservation constraints.
aptos_2910,PATH_A,1.4171,False,22.176,3433.9816,2.9652,16.6273,0.9595,1.4826,5.0097,Selected PATH_A with highest valid ARPS score (1.4171) satisfying all retinal preservation constraints.
aptos_0715,PATH_A,1.4448,False,27.6665,5510.0328,4.4478,23.2492,0.9788,1.4826,0.0357,Selected PATH_A with highest valid ARPS score (1.4448) satisfying all retinal preservation constraints.
aptos_1610,PATH_C,0.9534,False,17.7241,4388.5356,2.9652,8.3549,0.9855,1.4826,4.647,Selected PATH_C with highest valid ARPS score (0.9534) satisfying all retinal preservation constraints.
aptos_2842,PATH_A,1.3631,False,20.5488,1067.7296,2.9652,29.534,0.968,1.4826,1.3561,Selected PATH_A with highest valid ARPS score (1.3631) satisfying all retinal preservation constraints.
aptos_0761,PATH_C,0.893,False,14.3491,2707.7082,2.9652,8.5407,0.9731,1.4826,-0.3986,Selected PATH_C with highest valid ARPS score (0.8930) satisfying all retinal preservation constraints.
aptos_3182,PATH_A,1.1513,False,26.8245,978.8718,1.4826,30.9775,0.9634,1.4826,4.6397,Selected PATH_A with highest valid ARPS score (1.1513) satisfying all retinal preservation constraints.
aptos_3000,PATH_A,1.4063,False,21.2848,2191.6919,2.9652,17.5092,0.975,1.4826,3.2038,Selected PATH_A with highest valid ARPS score (1.4063) satisfying all retinal preservation constraints.
aptos_1694,PATH_B,0.4176,False,16.3529,701.3054,1.4826,14.2624,0.9194,0.0,-0.298,Selected PATH_B with highest valid ARPS score (0.4176) satisfying all retinal preservation constraints.
aptos_2942,PATH_A,1.4399,False,16.7264,1796.2279,2.9652,8.8338,0.9544,1.4826,3.9094,Selected PATH_A with highest valid ARPS score (1.4399) satisfying all retinal preservation constraints.
aptos_1260,PATH_A,1.3966,False,26.2131,5242.5791,2.9652,23.2742,0.9768,1.4826,5.3307,Selected PATH_A with highest valid ARPS score (1.3966) satisfying all retinal preservation constraints.
aptos_1329,PATH_B,0.389,False,18.6647,456.2779,1.4826,18.0275,0.9073,0.0,-0.3222,Selected PATH_B with highest valid ARPS score (0.3890) satisfying all retinal preservation constraints.
aptos_2867,PATH_A,1.4305,False,17.9289,2947.9785,2.9652,13.2701,0.9778,1.4826,4.3837,Selected PATH_A with highest valid ARPS score (1.4305) satisfying all retinal preservation constraints.
aptos_0318,PATH_C,1.4636,False,15.6416,926.8776,2.9652,7.128,0.9608,1.4826,5.4165,Selected PATH_C with highest valid ARPS score (1.4636) satisfying all retinal preservation constraints.
aptos_2188,PATH_A,1.426,False,11.5111,1521.2419,2.9652,15.9232,0.968,1.4826,3.0946,Selected PATH_A with highest valid ARPS score (1.4260) satisfying all retinal preservation constraints.
aptos_0414,PATH_A,1.5123,False,19.2803,964.1304,1.4826,26.915,0.9583,0.0,2.1454,Selected PATH_A with highest valid ARPS score (1.5123) satisfying all retinal preservation constraints.
aptos_3581,PATH_C,1.0187,False,14.0815,3050.0028,2.9652,8.2575,0.9729,1.4826,-1.3736,Selected PATH_C with highest valid ARPS score (1.0187) satisfying all retinal preservation constraints.
aptos_2716,PATH_A,1.4015,False,22.6095,2678.1281,2.9652,18.2614,0.98,1.4826,2.7786,Selected PATH_A with highest valid ARPS score (1.4015) satisfying all retinal preservation constraints.
aptos_0924,PATH_C,1.2294,False,16.107,5186.3733,4.4478,7.6384,0.976,1.4826,-2.1759,Selected PATH_C with highest valid ARPS score (1.2294) satisfying all retinal preservation constraints.
aptos_0188,PATH_C,1.3654,False,14.5075,1998.6065,2.9652,7.8626,0.9763,1.4826,1.1015,Selected PATH_C with highest valid ARPS score (1.3654) satisfying all retinal preservation constraints.
aptos_0134,PATH_A,1.379,False,24.1611,1609.9701,2.9652,28.238,0.9799,1.4826,4.182,Selected PATH_A with highest valid ARPS score (1.3790) satisfying all retinal preservation constraints.
aptos_0546,PATH_A,1.4051,False,17.1598,1424.4636,2.9652,21.0066,0.9657,1.4826,3.8688,Selected PATH_A with highest valid ARPS score (1.4051) satisfying all retinal preservation constraints.
aptos_1153,PATH_A,1.3922,False,19.4414,2610.8295,2.9652,20.155,0.9761,1.4826,1.699,Selected PATH_A with highest valid ARPS score (1.3922) satisfying all retinal preservation constraints.
aptos_2399,PATH_B,0.371,False,21.9688,438.3894,1.4826,19.926,0.8926,0.0,-0.7508,Selected PATH_B with highest valid ARPS score (0.3710) satisfying all retinal preservation constraints.
aptos_0623,PATH_A,1.4016,False,23.5964,2262.0823,2.9652,18.8993,0.98,1.4826,3.3192,Selected PATH_A with highest valid ARPS score (1.4016) satisfying all retinal preservation constraints.
aptos_1565,PATH_B,0.4192,False,14.0323,429.0269,1.4826,13.3254,0.8905,0.0,2.6639,Selected PATH_B with highest valid ARPS score (0.4192) satisfying all retinal preservation constraints.
aptos_2305,PATH_B,0.5891,False,22.2528,894.2943,1.4826,19.7441,0.9351,0.0,1.2994,Selected PATH_B with highest valid ARPS score (0.5891) satisfying all retinal preservation constraints.
aptos_1389,PATH_A,1.0332,False,16.2916,4363.4565,2.9652,9.869,0.9564,1.4826,3.1382,Selected PATH_A with highest valid ARPS score (1.0332) satisfying all retinal preservation constraints.
aptos_3335,PATH_A,1.41,False,19.345,3012.3579,2.9652,20.2786,0.9778,1.4826,4.6342,Selected PATH_A with highest valid ARPS score (1.4100) satisfying all retinal preservation constraints.
aptos_2434,PATH_C,0.9891,False,14.898,3157.4612,2.9652,8.0716,0.9767,1.4826,-1.7099,Selected PATH_C with highest valid ARPS score (0.9891) satisfying all retinal preservation constraints.
aptos_2925,PATH_C,0.8991,False,13.7399,2544.8194,2.9652,7.1422,0.9736,1.4826,-1.6957,Selected PATH_C with highest valid ARPS score (0.8991) satisfying all retinal preservation constraints.
aptos_0819,PATH_B,0.4009,False,18.6156,725.2833,1.4826,15.1511,0.9205,0.0,-0.1018,Selected PATH_B with highest valid ARPS score (0.4009) satisfying all retinal preservation constraints.
aptos_0165,PATH_A,1.426,False,21.6086,3045.5248,2.9652,13.499,0.9763,1.4826,4.7072,Selected PATH_A with highest valid ARPS score (1.4260) satisfying all retinal preservation constraints.
aptos_3110,PATH_C,0.6997,False,16.5405,2916.2826,2.9652,10.1568,0.9725,1.4826,-1.3263,Selected PATH_C with highest valid ARPS score (0.6997) satisfying all retinal preservation constraints.
aptos_1753,PATH_C,1.0233,False,14.3121,1254.9717,2.9652,9.1507,0.9646,1.4826,2.917,Selected PATH_C with highest valid ARPS score (1.0233) satisfying all retinal preservation constraints.
aptos_0515,PATH_C,1.0903,False,13.8045,3704.2281,2.9652,8.6162,0.9736,1.4826,-2.2401,Selected PATH_C with highest valid ARPS score (1.0903) satisfying all retinal preservation constraints.
aptos_0313,PATH_A,1.3191,False,28.8341,1863.3002,1.4826,38.125,0.9646,0.0,1.7147,Selected PATH_A with highest valid ARPS score (1.3191) satisfying all retinal preservation constraints.
aptos_0863,PATH_B,0.6576,False,20.1408,339.3184,0.0,24.6135,0.888,-1.4826,3.5215,Selected PATH_B with highest valid ARPS score (0.6576) satisfying all retinal preservation constraints.
aptos_2155,PATH_A,1.4636,False,13.2088,1936.3065,2.9652,11.1582,0.9656,1.4826,5.2699,Selected PATH_A with highest valid ARPS score (1.4636) satisfying all retinal preservation constraints.
aptos_0603,PATH_C,1.0425,False,14.6968,3016.193,2.9652,7.8164,0.9745,1.4826,-4.6135,Selected PATH_C with highest valid ARPS score (1.0425) satisfying all retinal preservation constraints.
aptos_1457,PATH_A,1.4176,False,18.119,2774.5104,2.9652,18.5129,0.9662,1.4826,4.7585,Selected PATH_A with highest valid ARPS score (1.4176) satisfying all retinal preservation constraints.
aptos_2156,PATH_A,1.3568,False,31.6618,3066.4824,2.9652,30.463,0.9801,1.4826,0.4957,Selected PATH_A with highest valid ARPS score (1.3568) satisfying all retinal preservation constraints.
aptos_0554,PATH_A,1.4219,False,18.9157,2028.3606,2.9652,17.7057,0.9756,1.4826,5.1367,Selected PATH_A with highest valid ARPS score (1.4219) satisfying all retinal preservation constraints.
aptos_0787,PATH_A,1.4082,False,19.0608,1890.9909,2.9652,22.3451,0.979,1.4826,5.0785,Selected PATH_A with highest valid ARPS score (1.4082) satisfying all retinal preservation constraints.
aptos_0616,PATH_A,1.4226,False,17.7998,2626.5561,2.9652,13.4776,0.9787,1.4826,3.3752,Selected PATH_A with highest valid ARPS score (1.4226) satisfying all retinal preservation constraints.
aptos_3469,PATH_B,0.3929,False,15.6901,529.7613,1.4826,14.3519,0.9045,0.0,0.2068,Selected PATH_B with highest valid ARPS score (0.3929) satisfying all retinal preservation constraints.
aptos_0913,PATH_A,1.0277,False,29.2735,3965.1303,2.9652,27.6571,0.9594,1.4826,3.0441,Selected PATH_A with highest valid ARPS score (1.0277) satisfying all retinal preservation constraints.
aptos_2838,PATH_A,1.4159,False,17.717,2325.8809,2.9652,20.4044,0.9613,1.4826,5.1064,Selected PATH_A with highest valid ARPS score (1.4159) satisfying all retinal preservation constraints.
aptos_1043,PATH_A,1.5281,False,13.2618,947.9392,1.4826,27.2596,0.9667,0.0,3.2343,Selected PATH_A with highest valid ARPS score (1.5281) satisfying all retinal preservation constraints.
aptos_2829,PATH_A,1.1922,False,16.6064,2768.9967,2.9652,14.4531,0.9713,1.4826,-0.1674,Selected PATH_A with highest valid ARPS score (1.1922) satisfying all retinal preservation constraints.
aptos_1948,PATH_B,0.5464,False,20.6299,436.0818,1.4826,26.0113,0.8897,0.0,3.6129,Selected PATH_B with highest valid ARPS score (0.5464) satisfying all retinal preservation constraints.
aptos_3497,PATH_A,1.1855,False,20.1906,3405.562,2.9652,16.1712,0.9757,1.4826,2.2638,Selected PATH_A with highest valid ARPS score (1.1855) satisfying all retinal preservation constraints.
aptos_2317,PATH_A,1.4332,False,20.1659,4821.3783,4.4478,17.72,0.9732,1.4826,1.2849,Selected PATH_A with highest valid ARPS score (1.4332) satisfying all retinal preservation constraints.
aptos_1835,PATH_A,1.3944,False,19.5042,3952.1533,2.9652,19.5379,0.9724,1.4826,1.8438,Selected PATH_A with highest valid ARPS score (1.3944) satisfying all retinal preservation constraints.
aptos_0337,PATH_A,1.3886,False,21.8561,1332.2072,2.9652,22.6987,0.9668,1.4826,2.7987,Selected PATH_A with highest valid ARPS score (1.3886) satisfying all retinal preservation constraints.
aptos_1083,PATH_A,1.0768,False,13.5671,3232.7007,2.9652,11.9963,0.9654,1.4826,0.1543,Selected PATH_A with highest valid ARPS score (1.0768) satisfying all retinal preservation constraints.
aptos_1079,PATH_A,1.5382,False,22.529,1584.3313,1.4826,26.357,0.9674,0.0,6.5887,Selected PATH_A with highest valid ARPS score (1.5382) satisfying all retinal preservation constraints.
aptos_2802,PATH_A,1.4272,False,19.3799,2769.4022,2.9652,17.9403,0.9336,1.4826,6.2922,Selected PATH_A with highest valid ARPS score (1.4272) satisfying all retinal preservation constraints.
aptos_3166,PATH_A,1.385,False,31.2536,3575.1164,2.9652,22.5796,0.9816,1.4826,2.49,Selected PATH_A with highest valid ARPS score (1.3850) satisfying all retinal preservation constraints.
aptos_2070,PATH_B,0.3954,False,17.79,713.0566,1.4826,15.0968,0.9127,0.0,-0.318,Selected PATH_B with highest valid ARPS score (0.3954) satisfying all retinal preservation constraints.
aptos_0038,PATH_A,1.373,False,26.4835,1729.4701,2.9652,24.9772,0.9475,1.4826,1.308,Selected PATH_A with highest valid ARPS score (1.3730) satisfying all retinal preservation constraints.
aptos_1363,PATH_A,1.4326,False,20.2243,5432.4939,4.4478,17.257,0.9817,1.4826,0.9296,Selected PATH_A with highest valid ARPS score (1.4326) satisfying all retinal preservation constraints.
aptos_0061,PATH_A,1.4341,False,17.0484,2181.0511,2.9652,14.4699,0.973,1.4826,4.9747,Selected PATH_A with highest valid ARPS score (1.4341) satisfying all retinal preservation constraints.
aptos_1341,PATH_A,1.521,False,21.1719,1536.3753,1.4826,31.9424,0.9547,0.0,6.1228,Selected PATH_A with highest valid ARPS score (1.5210) satisfying all retinal preservation constraints.
aptos_1078,PATH_A,1.4448,False,27.79,5509.2253,4.4478,23.4115,0.9791,1.4826,0.157,Selected PATH_A with highest valid ARPS score (1.4448) satisfying all retinal preservation constraints.
aptos_3486,PATH_B,0.5475,False,25.551,493.3355,1.4826,26.5596,0.8986,0.0,3.6065,Selected PATH_B with highest valid ARPS score (0.5475) satisfying all retinal preservation constraints.
aptos_2226,PATH_A,1.4166,False,18.1063,2534.0218,2.9652,19.3205,0.9706,1.4826,4.8684,Selected PATH_A with highest valid ARPS score (1.4166) satisfying all retinal preservation constraints.
aptos_3031,PATH_C,1.4319,False,16.1048,1162.0057,2.9652,7.5007,0.9724,1.4826,2.06,Selected PATH_C with highest valid ARPS score (1.4319) satisfying all retinal preservation constraints.
aptos_3253,PATH_A,1.427,False,17.5119,3285.3821,2.9652,13.1679,0.9817,1.4826,3.7694,Selected PATH_A with highest valid ARPS score (1.4270) satisfying all retinal preservation constraints.
aptos_2993,PATH_B,0.4143,False,17.8882,715.2977,1.4826,15.8712,0.9138,0.0,0.1117,Selected PATH_B with highest valid ARPS score (0.4143) satisfying all retinal preservation constraints.
aptos_3503,PATH_B,0.562,False,20.6241,686.9148,1.4826,20.8847,0.9372,0.0,-2.7355,Selected PATH_B with highest valid ARPS score (0.5620) satisfying all retinal preservation constraints.
aptos_3069,PATH_C,1.0015,False,16.2751,2404.6373,2.9652,7.6262,0.9813,1.4826,4.6038,Selected PATH_C with highest valid ARPS score (1.0015) satisfying all retinal preservation constraints.
aptos_2710,PATH_A,1.4353,False,16.5464,3461.6133,2.9652,12.6706,0.9657,1.4826,4.486,Selected PATH_A with highest valid ARPS score (1.4353) satisfying all retinal preservation constraints.
aptos_3076,PATH_A,1.4545,False,13.798,1703.3941,2.9652,12.1288,0.9669,1.4826,5.0916,Selected PATH_A with highest valid ARPS score (1.4545) satisfying all retinal preservation constraints.
aptos_0710,PATH_A,1.3723,False,26.4855,2405.1577,2.9652,24.2852,0.9771,1.4826,-0.1373,Selected PATH_A with highest valid ARPS score (1.3723) satisfying all retinal preservation constraints.
aptos_2869,PATH_C,1.4142,False,12.6879,2003.3728,2.9652,6.3021,0.9765,1.4826,-1.6153,Selected PATH_C with highest valid ARPS score (1.4142) satisfying all retinal preservation constraints.
aptos_2419,PATH_A,1.3954,False,20.3771,1535.5752,2.9652,25.6793,0.9709,1.4826,5.0469,Selected PATH_A with highest valid ARPS score (1.3954) satisfying all retinal preservation constraints.
aptos_3539,PATH_C,1.1641,False,15.2232,4544.6976,4.4478,8.7564,0.9723,1.4826,-4.2395,Selected PATH_C with highest valid ARPS score (1.1641) satisfying all retinal preservation constraints.
aptos_0462,PATH_A,1.4443,False,15.1984,2351.2749,2.9652,14.1901,0.9736,1.4826,5.2384,Selected PATH_A with highest valid ARPS score (1.4443) satisfying all retinal preservation constraints.
aptos_3294,PATH_C,0.8184,False,15.4249,2329.0879,2.9652,7.3879,0.9654,1.4826,3.1313,Selected PATH_C with highest valid ARPS score (0.8184) satisfying all retinal preservation constraints.
aptos_3452,PATH_A,1.3398,False,35.1669,5251.516,2.9652,38.0033,0.9803,1.4826,2.2245,Selected PATH_A with highest valid ARPS score (1.3398) satisfying all retinal preservation constraints.
aptos_1644,PATH_A,1.3731,False,27.5232,2961.6731,2.9652,29.2175,0.9808,1.4826,4.0173,Selected PATH_A with highest valid ARPS score (1.3731) satisfying all retinal preservation constraints.
aptos_0755,PATH_A,1.413,False,17.3687,1908.3086,2.9652,18.0992,0.9593,1.4826,3.9321,Selected PATH_A with highest valid ARPS score (1.4130) satisfying all retinal preservation constraints.
aptos_1330,PATH_A,1.4454,False,14.417,1755.6595,2.9652,12.9443,0.9797,1.4826,4.7556,Selected PATH_A with highest valid ARPS score (1.4454) satisfying all retinal preservation constraints.
aptos_0329,PATH_B,0.7078,False,18.9528,474.3346,0.0,15.8877,0.8914,-1.4826,1.1011,Selected PATH_B with highest valid ARPS score (0.7078) satisfying all retinal preservation constraints.
aptos_1469,PATH_A,1.4067,False,13.4854,1274.9642,2.9652,17.1578,0.956,1.4826,2.1183,Selected PATH_A with highest valid ARPS score (1.4067) satisfying all retinal preservation constraints.
aptos_2042,PATH_B,0.3972,False,18.9525,641.1284,1.4826,17.4409,0.9131,0.0,-1.5096,Selected PATH_B with highest valid ARPS score (0.3972) satisfying all retinal preservation constraints.
aptos_3330,PATH_A,1.4343,False,16.6941,2343.0819,2.9652,13.333,0.9804,1.4826,4.5009,Selected PATH_A with highest valid ARPS score (1.4343) satisfying all retinal preservation constraints.
aptos_0768,PATH_B,0.407,False,17.4683,687.0262,1.4826,14.8464,0.9201,0.0,0.3413,Selected PATH_B with highest valid ARPS score (0.4070) satisfying all retinal preservation constraints.
aptos_0445,PATH_A,1.2475,False,25.9079,3645.4863,2.9652,27.2539,0.9739,1.4826,1.8118,Selected PATH_A with highest valid ARPS score (1.2475) satisfying all retinal preservation constraints.
aptos_0914,PATH_A,1.5594,False,16.399,1612.9989,1.4826,12.1186,0.9724,0.0,2.4759,Selected PATH_A with highest valid ARPS score (1.5594) satisfying all retinal preservation constraints.
aptos_2008,PATH_C,1.0014,False,14.6106,3271.686,2.9652,7.4173,0.9761,1.4826,-0.6061,Selected PATH_C with highest valid ARPS score (1.0014) satisfying all retinal preservation constraints.
aptos_2361,PATH_B,0.4001,False,21.5462,622.4322,1.4826,19.8396,0.9068,0.0,0.9176,Selected PATH_B with highest valid ARPS score (0.4001) satisfying all retinal preservation constraints.
aptos_2745,PATH_B,0.395,False,21.2006,560.5289,1.4826,19.3584,0.9046,0.0,-1.1462,Selected PATH_B with highest valid ARPS score (0.3950) satisfying all retinal preservation constraints.
aptos_2649,PATH_A,1.2193,False,24.8468,3230.725,2.9652,25.8424,0.9663,1.4826,2.36,Selected PATH_A with highest valid ARPS score (1.2193) satisfying all retinal preservation constraints.
aptos_0747,PATH_A,1.417,False,18.4102,1587.7744,2.9652,17.9063,0.9751,1.4826,4.4666,Selected PATH_A with highest valid ARPS score (1.4170) satisfying all retinal preservation constraints.
aptos_1158,PATH_C,1.2605,False,14.5011,2371.2373,2.9652,6.9,0.9789,1.4826,2.7599,Selected PATH_C with highest valid ARPS score (1.2605) satisfying all retinal preservation constraints.
aptos_1163,PATH_A,1.4511,False,13.456,1166.9607,2.9652,11.4203,0.9442,1.4826,4.7098,Selected PATH_A with highest valid ARPS score (1.4511) satisfying all retinal preservation constraints.
aptos_2685,PATH_B,0.4953,False,24.2704,732.354,1.4826,21.0185,0.9119,0.0,3.2748,Selected PATH_B with highest valid ARPS score (0.4953) satisfying all retinal preservation constraints.
aptos_0150,PATH_C,1.0039,False,14.6043,2886.5884,2.9652,8.5963,0.9764,1.4826,2.669,Selected PATH_C with highest valid ARPS score (1.0039) satisfying all retinal preservation constraints.
aptos_3543,PATH_C,1.3441,False,13.165,1716.3106,2.9652,7.9518,0.9766,1.4826,-0.6886,Selected PATH_C with highest valid ARPS score (1.3441) satisfying all retinal preservation constraints.
aptos_2275,PATH_A,1.4241,False,19.0286,2097.1217,2.9652,19.5918,0.9733,1.4826,6.0584,Selected PATH_A with highest valid ARPS score (1.4241) satisfying all retinal preservation constraints.
aptos_1129,PATH_A,1.427,False,15.9982,2482.6429,2.9652,14.3065,0.975,1.4826,3.8688,Selected PATH_A with highest valid ARPS score (1.4270) satisfying all retinal preservation constraints.
aptos_2935,PATH_A,1.4447,False,17.6687,2628.5909,2.9652,12.1467,0.9806,1.4826,5.5243,Selected PATH_A with highest valid ARPS score (1.4447) satisfying all retinal preservation constraints.
aptos_0756,PATH_C,1.0373,False,14.8473,2134.753,2.9652,9.5405,0.9652,1.4826,-4.1533,Selected PATH_C with highest valid ARPS score (1.0373) satisfying all retinal preservation constraints.
aptos_0585,PATH_C,1.5548,False,17.9076,863.8071,1.4826,8.0577,0.9521,0.0,0.0038,Selected PATH_C with highest valid ARPS score (1.5548) satisfying all retinal preservation constraints.
aptos_1102,PATH_A,0.9849,True,48.743,4574.2867,2.9652,46.8616,0.9647,1.4826,-6.9094,No candidate met all strict constraints. Selected PATH_A under documented fallback policy (least constraint penalty violation).
aptos_1418,PATH_A,1.4631,False,12.7688,2123.78,2.9652,11.7768,0.9464,1.4826,5.2339,Selected PATH_A with highest valid ARPS score (1.4631) satisfying all retinal preservation constraints.
aptos_1275,PATH_C,0.9362,False,16.4262,3505.345,2.9652,7.68,0.9774,1.4826,1.4136,Selected PATH_C with highest valid ARPS score (0.9362) satisfying all retinal preservation constraints.
aptos_3047,PATH_C,0.9616,False,14.3462,2866.4608,2.9652,7.6293,0.9742,1.4826,-1.7713,Selected PATH_C with highest valid ARPS score (0.9616) satisfying all retinal preservation constraints.
aptos_3343,PATH_A,1.397,False,19.2403,3464.1635,2.9652,19.7443,0.9608,1.4826,2.5471,Selected PATH_A with highest valid ARPS score (1.3970) satisfying all retinal preservation constraints.
aptos_3389,PATH_A,1.0439,False,20.8703,5829.3421,2.9652,11.1293,0.9753,1.4826,5.6343,Selected PATH_A with highest valid ARPS score (1.0439) satisfying all retinal preservation constraints.
aptos_0873,PATH_C,0.9409,False,14.7885,3272.5989,2.9652,7.3046,0.9764,1.4826,-0.5525,Selected PATH_C with highest valid ARPS score (0.9409) satisfying all retinal preservation constraints.
aptos_2992,PATH_C,1.094,False,13.9355,1933.793,2.9652,9.4312,0.9724,1.4826,-2.3599,Selected PATH_C with highest valid ARPS score (1.0940) satisfying all retinal preservation constraints.
aptos_3189,PATH_B,0.5756,False,17.0578,505.0795,1.4826,23.507,0.9093,0.0,5.0782,Selected PATH_B with highest valid ARPS score (0.5756) satisfying all retinal preservation constraints.
aptos_3230,PATH_A,1.4253,False,19.6616,2947.896,2.9652,16.2401,0.9747,1.4826,5.2534,Selected PATH_A with highest valid ARPS score (1.4253) satisfying all retinal preservation constraints.
aptos_1612,PATH_A,1.4709,False,21.5835,4934.0481,4.4478,18.8402,0.975,1.4826,3.1358,Selected PATH_A with highest valid ARPS score (1.4709) satisfying all retinal preservation constraints.
aptos_0026,PATH_A,1.3748,False,24.2689,2816.0742,2.9652,28.1868,0.9881,1.4826,3.1598,Selected PATH_A with highest valid ARPS score (1.3748) satisfying all retinal preservation constraints.
aptos_2475,PATH_A,1.3805,False,25.5447,3484.4937,2.9652,23.2923,0.9356,1.4826,2.2194,Selected PATH_A with highest valid ARPS score (1.3805) satisfying all retinal preservation constraints.
aptos_2435,PATH_A,1.4045,False,18.8665,1835.9324,2.9652,16.9849,0.9757,1.4826,2.2719,Selected PATH_A with highest valid ARPS score (1.4045) satisfying all retinal preservation constraints.
aptos_2916,PATH_A,1.3961,False,18.885,2437.8804,2.9652,19.3915,0.9696,1.4826,2.0628,Selected PATH_A with highest valid ARPS score (1.3961) satisfying all retinal preservation constraints.
aptos_2467,PATH_A,1.4095,False,16.7918,2752.0866,2.9652,16.5936,0.9781,1.4826,2.586,Selected PATH_A with highest valid ARPS score (1.4095) satisfying all retinal preservation constraints.
aptos_3637,PATH_A,1.4952,False,26.286,1888.5594,1.4826,32.9315,0.9666,0.0,2.7569,Selected PATH_A with highest valid ARPS score (1.4952) satisfying all retinal preservation constraints.
aptos_2923,PATH_B,0.3734,False,20.995,681.234,1.4826,16.9892,0.9086,0.0,-1.7279,Selected PATH_B with highest valid ARPS score (0.3734) satisfying all retinal preservation constraints.
aptos_2030,PATH_A,1.0156,False,15.6853,4191.6529,2.9652,12.7659,0.9724,1.4826,1.6563,Selected PATH_A with highest valid ARPS score (1.0156) satisfying all retinal preservation constraints.
aptos_1900,PATH_A,1.3753,False,27.4253,3164.7558,2.9652,24.2801,0.9783,1.4826,0.8131,Selected PATH_A with highest valid ARPS score (1.3753) satisfying all retinal preservation constraints.
aptos_2620,PATH_C,1.4382,False,13.1681,1360.6075,2.9652,7.1972,0.9746,1.4826,2.2994,Selected PATH_C with highest valid ARPS score (1.4382) satisfying all retinal preservation constraints.
aptos_1465,PATH_A,1.4229,False,20.3828,5499.5697,4.4478,16.7587,0.9784,1.4826,3.6068,Selected PATH_A with highest valid ARPS score (1.4229) satisfying all retinal preservation constraints.
aptos_2738,PATH_A,1.4332,False,35.4779,6882.3571,4.4478,27.971,0.9822,1.4826,0.6701,Selected PATH_A with highest valid ARPS score (1.4332) satisfying all retinal preservation constraints.
aptos_2304,PATH_A,1.4525,False,15.2074,1654.1165,2.9652,10.8164,0.973,1.4826,5.1392,Selected PATH_A with highest valid ARPS score (1.4525) satisfying all retinal preservation constraints.
aptos_1868,PATH_C,0.7864,False,16.3698,2676.0819,2.9652,7.0781,0.9644,1.4826,2.0838,Selected PATH_C with highest valid ARPS score (0.7864) satisfying all retinal preservation constraints.
aptos_1132,PATH_C,1.302,False,15.7376,2309.1296,2.9652,7.4109,0.9762,1.4826,-0.3336,Selected PATH_C with highest valid ARPS score (1.3020) satisfying all retinal preservation constraints.
aptos_0382,PATH_A,1.4095,False,18.9093,1404.204,2.9652,18.343,0.9514,1.4826,3.9617,Selected PATH_A with highest valid ARPS score (1.4095) satisfying all retinal preservation constraints.
aptos_1001,PATH_A,1.4452,False,11.8713,1804.9484,2.9652,12.0468,0.9757,1.4826,3.7495,Selected PATH_A with highest valid ARPS score (1.4452) satisfying all retinal preservation constraints.
aptos_2058,PATH_A,1.4083,False,21.5317,3700.7012,2.9652,16.9426,0.982,1.4826,3.2309,Selected PATH_A with highest valid ARPS score (1.4083) satisfying all retinal preservation constraints.
aptos_2574,PATH_A,1.4359,False,18.5625,3099.4762,2.9652,12.5469,0.9665,1.4826,5.0576,Selected PATH_A with highest valid ARPS score (1.4359) satisfying all retinal preservation constraints.
aptos_2860,PATH_C,0.8236,False,17.4222,3231.6738,2.9652,6.673,0.9708,1.4826,3.7134,Selected PATH_C with highest valid ARPS score (0.8236) satisfying all retinal preservation constraints.
aptos_3199,PATH_C,0.9543,False,13.8905,2989.6854,2.9652,7.7177,0.9785,1.4826,-1.2321,Selected PATH_C with highest valid ARPS score (0.9543) satisfying all retinal preservation constraints.
aptos_0907,PATH_A,1.4507,False,15.3713,2764.0231,2.9652,12.4092,0.9681,1.4826,5.4367,Selected PATH_A with highest valid ARPS score (1.4507) satisfying all retinal preservation constraints.
aptos_0975,PATH_A,1.4596,False,25.4446,1203.6932,1.4826,28.1214,0.9733,0.0,2.0613,Selected PATH_A with highest valid ARPS score (1.4596) satisfying all retinal preservation constraints.
aptos_3141,PATH_A,1.3765,False,25.0002,3159.9135,2.9652,26.5605,0.9803,1.4826,2.7017,Selected PATH_A with highest valid ARPS score (1.3765) satisfying all retinal preservation constraints.
aptos_0307,PATH_C,1.4327,False,16.0241,1151.7756,2.9652,6.9724,0.969,1.4826,1.9939,Selected PATH_C with highest valid ARPS score (1.4327) satisfying all retinal preservation constraints.
aptos_1172,PATH_C,1.5539,False,16.4331,711.0127,1.4826,7.387,0.961,0.0,5.8798,Selected PATH_C with highest valid ARPS score (1.5539) satisfying all retinal preservation constraints.
aptos_1026,PATH_A,1.4204,False,18.2756,3231.8686,2.9652,16.1011,0.9709,1.4826,4.2528,Selected PATH_A with highest valid ARPS score (1.4204) satisfying all retinal preservation constraints.
aptos_3513,PATH_A,1.4134,False,18.3877,2914.4405,2.9652,14.6499,0.9738,1.4826,2.6184,Selected PATH_A with highest valid ARPS score (1.4134) satisfying all retinal preservation constraints.
aptos_3142,PATH_C,1.3885,False,15.1223,2041.6082,2.9652,7.0475,0.9783,1.4826,2.0843,Selected PATH_C with highest valid ARPS score (1.3885) satisfying all retinal preservation constraints.
aptos_1286,PATH_B,0.3922,False,17.1463,566.1679,1.4826,14.57,0.8951,0.0,1.2782,Selected PATH_B with highest valid ARPS score (0.3922) satisfying all retinal preservation constraints.
aptos_2810,PATH_B,0.4911,False,25.6128,604.5419,1.4826,24.5765,0.875,0.0,-1.4203,Selected PATH_B with highest valid ARPS score (0.4911) satisfying all retinal preservation constraints.
aptos_2613,PATH_C,1.5606,False,14.8936,926.4365,1.4826,6.3805,0.9613,0.0,0.0801,Selected PATH_C with highest valid ARPS score (1.5606) satisfying all retinal preservation constraints.
aptos_0645,PATH_A,1.4211,False,15.5772,1932.5713,2.9652,15.4596,0.9717,1.4826,3.5017,Selected PATH_A with highest valid ARPS score (1.4211) satisfying all retinal preservation constraints.
aptos_3152,PATH_C,0.9147,False,15.6181,3063.0291,2.9652,8.2014,0.9731,1.4826,2.7683,Selected PATH_C with highest valid ARPS score (0.9147) satisfying all retinal preservation constraints.
aptos_2809,PATH_C,1.451,False,15.7757,1556.4927,2.9652,7.0438,0.9747,1.4826,4.1918,Selected PATH_C with highest valid ARPS score (1.4510) satisfying all retinal preservation constraints.
aptos_1951,PATH_A,1.1269,False,19.1561,4105.3571,2.9652,14.2516,0.9769,1.4826,2.6602,Selected PATH_A with highest valid ARPS score (1.1269) satisfying all retinal preservation constraints.
aptos_1174,PATH_A,1.4003,False,22.4793,2549.7312,2.9652,20.9372,0.9771,1.4826,4.0642,Selected PATH_A with highest valid ARPS score (1.4003) satisfying all retinal preservation constraints.
aptos_2451,PATH_C,1.4304,False,13.9164,1273.2585,2.9652,7.3265,0.9656,1.4826,1.59,Selected PATH_C with highest valid ARPS score (1.4304) satisfying all retinal preservation constraints.
aptos_2692,PATH_A,1.4101,False,20.0666,2231.565,2.9652,19.7948,0.978,1.4826,4.6214,Selected PATH_A with highest valid ARPS score (1.4101) satisfying all retinal preservation constraints.
aptos_1485,PATH_A,1.5554,False,13.6985,737.893,1.4826,17.849,0.9585,0.0,3.4634,Selected PATH_A with highest valid ARPS score (1.5554) satisfying all retinal preservation constraints.
aptos_1040,PATH_C,0.9837,False,14.7361,2705.4763,2.9652,8.0187,0.9717,1.4826,-2.0149,Selected PATH_C with highest valid ARPS score (0.9837) satisfying all retinal preservation constraints.
aptos_2635,PATH_A,1.3405,False,22.2028,5719.1045,4.4478,17.7286,0.9725,1.4826,-0.29,Selected PATH_A with highest valid ARPS score (1.3405) satisfying all retinal preservation constraints.
aptos_0958,PATH_A,1.3863,False,22.8166,2433.3993,2.9652,23.2487,0.9836,1.4826,2.5097,Selected PATH_A with highest valid ARPS score (1.3863) satisfying all retinal preservation constraints.
aptos_0518,PATH_A,1.3298,False,43.0483,4880.4575,2.9652,39.0167,0.9853,1.4826,-1.0068,Selected PATH_A with highest valid ARPS score (1.3298) satisfying all retinal preservation constraints.
aptos_1698,PATH_A,1.5043,False,25.7983,1218.2602,1.4826,27.1046,0.9806,0.0,0.4173,Selected PATH_A with highest valid ARPS score (1.5043) satisfying all retinal preservation constraints.
aptos_0700,PATH_A,1.4466,False,15.6034,2337.17,2.9652,16.3257,0.9764,1.4826,6.0059,Selected PATH_A with highest valid ARPS score (1.4466) satisfying all retinal preservation constraints.
aptos_3368,PATH_A,1.41,False,20.6677,1862.5483,2.9652,17.9408,0.979,1.4826,3.923,Selected PATH_A with highest valid ARPS score (1.4100) satisfying all retinal preservation constraints.
aptos_0850,PATH_A,1.4124,False,17.2153,1859.7907,2.9652,18.2883,0.9822,1.4826,3.6895,Selected PATH_A with highest valid ARPS score (1.4124) satisfying all retinal preservation constraints.
aptos_2417,PATH_B,0.4499,False,30.3392,571.6069,1.4826,24.027,0.878,0.0,2.3953,Selected PATH_B with highest valid ARPS score (0.4499) satisfying all retinal preservation constraints.
aptos_0058,PATH_C,1.2321,False,12.8716,1462.6073,2.9652,8.3554,0.9752,1.4826,0.7683,Selected PATH_C with highest valid ARPS score (1.2321) satisfying all retinal preservation constraints.
aptos_2988,PATH_A,1.3199,False,26.4876,2392.5575,1.4826,27.0783,0.9626,0.0,0.8376,Selected PATH_A with highest valid ARPS score (1.3199) satisfying all retinal preservation constraints.
aptos_0793,PATH_A,1.4635,False,21.3671,5418.0675,4.4478,18.7701,0.9816,1.4826,1.4302,Selected PATH_A with highest valid ARPS score (1.4635) satisfying all retinal preservation constraints.
aptos_2020,PATH_A,1.4195,False,16.5193,2343.7992,2.9652,13.228,0.9636,1.4826,2.7524,Selected PATH_A with highest valid ARPS score (1.4195) satisfying all retinal preservation constraints.
aptos_2926,PATH_C,1.4298,False,19.8914,1842.2131,2.9652,7.2671,0.9725,1.4826,2.0362,Selected PATH_C with highest valid ARPS score (1.4298) satisfying all retinal preservation constraints.
aptos_1265,PATH_C,1.2679,False,13.0043,1971.7538,2.9652,8.3599,0.9649,1.4826,-3.9674,Selected PATH_C with highest valid ARPS score (1.2679) satisfying all retinal preservation constraints.
aptos_0754,PATH_A,1.4449,False,15.2269,2736.8682,2.9652,11.1116,0.983,1.4826,4.5065,Selected PATH_A with highest valid ARPS score (1.4449) satisfying all retinal preservation constraints.
aptos_1096,PATH_A,1.4155,False,18.6993,3041.6951,2.9652,15.0031,0.9544,1.4826,3.3787,Selected PATH_A with highest valid ARPS score (1.4155) satisfying all retinal preservation constraints.
aptos_0801,PATH_A,1.3758,False,28.9729,2544.5089,2.9652,25.6368,0.979,1.4826,2.1983,Selected PATH_A with highest valid ARPS score (1.3758) satisfying all retinal preservation constraints.
aptos_3457,PATH_B,0.4839,False,22.0048,492.3901,1.4826,19.0094,0.884,0.0,0.1151,Selected PATH_B with highest valid ARPS score (0.4839) satisfying all retinal preservation constraints.
aptos_2055,PATH_A,1.4332,False,18.2123,3491.4362,2.9652,14.0099,0.9838,1.4826,4.9831,Selected PATH_A with highest valid ARPS score (1.4332) satisfying all retinal preservation constraints.
aptos_0511,PATH_C,1.3599,False,15.4109,2308.1675,2.9652,5.9841,0.9768,1.4826,-0.1744,Selected PATH_C with highest valid ARPS score (1.3599) satisfying all retinal preservation constraints.
aptos_2027,PATH_C,0.9422,False,15.9781,3319.0987,2.9652,8.1142,0.9718,1.4826,-3.0142,Selected PATH_C with highest valid ARPS score (0.9422) satisfying all retinal preservation constraints.
aptos_1799,PATH_A,1.5281,False,19.0625,831.9863,1.4826,27.1415,0.9529,0.0,4.7312,Selected PATH_A with highest valid ARPS score (1.5281) satisfying all retinal preservation constraints.
aptos_3440,PATH_A,1.4406,False,18.5976,2235.8497,2.9652,14.9232,0.9668,1.4826,6.3044,Selected PATH_A with highest valid ARPS score (1.4406) satisfying all retinal preservation constraints.
aptos_2038,PATH_B,0.691,False,21.5019,401.5856,0.0,14.7285,0.8837,-1.4826,4.2598,Selected PATH_B with highest valid ARPS score (0.6910) satisfying all retinal preservation constraints.
aptos_2371,PATH_A,1.4297,False,16.3777,2779.194,2.9652,12.5827,0.9779,1.4826,3.6836,Selected PATH_A with highest valid ARPS score (1.4297) satisfying all retinal preservation constraints.
aptos_3277,PATH_A,1.4039,False,20.9336,4011.2232,2.9652,18.5399,0.9774,1.4826,3.21,Selected PATH_A with highest valid ARPS score (1.4039) satisfying all retinal preservation constraints.
aptos_2554,PATH_A,1.3944,False,20.8301,1860.8211,2.9652,27.6776,0.9783,1.4826,5.7301,Selected PATH_A with highest valid ARPS score (1.3944) satisfying all retinal preservation constraints.
aptos_1723,PATH_C,1.4558,False,15.4479,1202.683,2.9652,7.3464,0.9691,1.4826,4.6806,Selected PATH_C with highest valid ARPS score (1.4558) satisfying all retinal preservation constraints.
aptos_2339,PATH_C,1.4279,False,13.6385,1712.2462,2.9652,6.8475,0.9683,1.4826,1.0095,Selected PATH_C with highest valid ARPS score (1.4279) satisfying all retinal preservation constraints.
aptos_1478,PATH_A,1.4247,False,16.6603,2260.8594,2.9652,16.5562,0.9802,1.4826,4.4479,Selected PATH_A with highest valid ARPS score (1.4247) satisfying all retinal preservation constraints.
aptos_0865,PATH_A,1.3951,False,19.6066,2228.0638,2.9652,21.651,0.9752,1.4826,3.0303,Selected PATH_A with highest valid ARPS score (1.3951) satisfying all retinal preservation constraints.
aptos_1107,PATH_A,1.4633,False,21.0007,5306.3961,4.4478,17.9016,0.977,1.4826,0.8793,Selected PATH_A with highest valid ARPS score (1.4633) satisfying all retinal preservation constraints.
aptos_1748,PATH_A,0.882,False,39.7091,4187.1117,1.4826,33.4983,0.9535,0.0,1.4069,Selected PATH_A with highest valid ARPS score (0.8820) satisfying all retinal preservation constraints.
aptos_2645,PATH_B,0.3987,False,18.5596,643.1363,1.4826,16.5724,0.9165,0.0,1.1977,Selected PATH_B with highest valid ARPS score (0.3987) satisfying all retinal preservation constraints.
aptos_0020,PATH_A,1.5229,False,17.6445,655.6736,1.4826,22.6268,0.9549,0.0,1.7443,Selected PATH_A with highest valid ARPS score (1.5229) satisfying all retinal preservation constraints.
aptos_1737,PATH_A,1.3451,False,36.8727,2554.7343,2.9652,33.7148,0.982,1.4826,-0.5893,Selected PATH_A with highest valid ARPS score (1.3451) satisfying all retinal preservation constraints.
aptos_3212,PATH_C,0.6607,False,12.6043,849.5402,1.4826,12.2378,0.9511,0.0,-2.4153,Selected PATH_C with highest valid ARPS score (0.6607) satisfying all retinal preservation constraints.
aptos_3585,PATH_C,1.2211,False,14.1701,1238.1145,2.9652,7.3082,0.9701,1.4826,5.09,Selected PATH_C with highest valid ARPS score (1.2211) satisfying all retinal preservation constraints.
aptos_2730,PATH_A,1.4212,False,24.8271,2200.2047,2.9652,21.2241,0.9736,1.4826,8.1278,Selected PATH_A with highest valid ARPS score (1.4212) satisfying all retinal preservation constraints.
aptos_2558,PATH_A,1.4066,False,20.0207,1584.5827,2.9652,15.4929,0.977,1.4826,1.9928,Selected PATH_A with highest valid ARPS score (1.4066) satisfying all retinal preservation constraints.
aptos_0117,PATH_C,0.9539,False,15.1283,3204.0088,2.9652,7.4474,0.9754,1.4826,-0.8493,Selected PATH_C with highest valid ARPS score (0.9539) satisfying all retinal preservation constraints.
aptos_2618,PATH_B,0.4145,False,18.0443,849.736,1.4826,14.8004,0.9079,0.0,2.0418,Selected PATH_B with highest valid ARPS score (0.4145) satisfying all retinal preservation constraints.
aptos_0018,PATH_A,1.4182,False,16.7367,2539.9948,2.9652,15.6538,0.9786,1.4826,3.3986,Selected PATH_A with highest valid ARPS score (1.4182) satisfying all retinal preservation constraints.
aptos_0611,PATH_A,1.4059,False,13.905,1278.3506,2.9652,19.1376,0.9645,1.4826,2.6631,Selected PATH_A with highest valid ARPS score (1.4059) satisfying all retinal preservation constraints.
aptos_3140,PATH_A,1.4664,False,18.527,5261.7942,4.4478,15.8933,0.9803,1.4826,0.1688,Selected PATH_A with highest valid ARPS score (1.4664) satisfying all retinal preservation constraints.
aptos_2324,PATH_A,1.2468,False,17.2852,4030.3819,2.9652,13.5804,0.9753,1.4826,2.7375,Selected PATH_A with highest valid ARPS score (1.2468) satisfying all retinal preservation constraints.
aptos_2861,PATH_C,1.4375,False,18.0458,962.9596,2.9652,6.236,0.9588,1.4826,2.7891,Selected PATH_C with highest valid ARPS score (1.4375) satisfying all retinal preservation constraints.
aptos_1015,PATH_C,1.4441,False,15.5662,1826.7143,2.9652,7.4965,0.978,1.4826,3.5048,Selected PATH_C with highest valid ARPS score (1.4441) satisfying all retinal preservation constraints.
aptos_2508,PATH_A,1.3986,False,24.8625,4168.7329,2.9652,21.9583,0.9757,1.4826,4.7382,Selected PATH_A with highest valid ARPS score (1.3986) satisfying all retinal preservation constraints.
aptos_3207,PATH_A,1.4465,False,16.3449,1756.9955,2.9652,13.0612,0.9578,1.4826,5.6441,Selected PATH_A with highest valid ARPS score (1.4465) satisfying all retinal preservation constraints.
aptos_2583,PATH_C,1.0353,False,15.7042,2979.4186,2.9652,7.6816,0.9738,1.4826,-1.1299,Selected PATH_C with highest valid ARPS score (1.0353) satisfying all retinal preservation constraints.
aptos_1162,PATH_A,1.4294,False,21.5178,5175.1348,2.9652,13.4268,0.9798,1.4826,5.1369,Selected PATH_A with highest valid ARPS score (1.4294) satisfying all retinal preservation constraints.
aptos_1502,PATH_A,1.4186,False,25.4787,2843.2071,2.9652,15.4904,0.977,1.4826,5.1877,Selected PATH_A with highest valid ARPS score (1.4186) satisfying all retinal preservation constraints.
aptos_2870,PATH_B,0.3828,False,19.4135,519.518,1.4826,19.0974,0.9048,0.0,-0.4182,Selected PATH_B with highest valid ARPS score (0.3828) satisfying all retinal preservation constraints.
aptos_3013,PATH_A,1.4197,False,17.9154,2369.9923,2.9652,18.5425,0.9812,1.4826,4.8391,Selected PATH_A with highest valid ARPS score (1.4197) satisfying all retinal preservation constraints.
aptos_1305,PATH_C,0.8792,False,16.3597,2857.5562,2.9652,8.9343,0.9723,1.4826,1.4129,Selected PATH_C with highest valid ARPS score (0.8792) satisfying all retinal preservation constraints.
aptos_3050,PATH_A,1.3852,False,22.7328,2448.218,2.9652,25.1002,0.9824,1.4826,3.3929,Selected PATH_A with highest valid ARPS score (1.3852) satisfying all retinal preservation constraints.
aptos_2532,PATH_C,1.4362,False,19.5739,1661.7943,2.9652,8.739,0.9726,1.4826,3.8056,Selected PATH_C with highest valid ARPS score (1.4362) satisfying all retinal preservation constraints.
aptos_0572,PATH_C,1.0882,False,18.0008,2097.6184,2.9652,8.6603,0.9731,1.4826,-1.6609,Selected PATH_C with highest valid ARPS score (1.0882) satisfying all retinal preservation constraints.
aptos_1667,PATH_A,1.4348,False,18.0577,3505.053,2.9652,12.6752,0.9818,1.4826,4.6978,Selected PATH_A with highest valid ARPS score (1.4348) satisfying all retinal preservation constraints.
aptos_1463,PATH_A,1.4453,False,15.646,1951.1647,2.9652,13.2615,0.9816,1.4826,5.212,Selected PATH_A with highest valid ARPS score (1.4453) satisfying all retinal preservation constraints.
aptos_0172,PATH_A,1.2684,False,35.8031,6036.5314,2.9652,31.6651,0.9735,1.4826,4.0229,Selected PATH_A with highest valid ARPS score (1.2684) satisfying all retinal preservation constraints.
aptos_3613,PATH_B,0.548,False,20.0472,356.4759,1.4826,25.0084,0.8845,0.0,2.2467,Selected PATH_B with highest valid ARPS score (0.5480) satisfying all retinal preservation constraints.
aptos_0782,PATH_B,0.5257,False,19.7723,660.3731,1.4826,22.3089,0.907,0.0,0.6924,Selected PATH_B with highest valid ARPS score (0.5257) satisfying all retinal preservation constraints.
aptos_0654,PATH_A,1.2212,False,17.1653,3412.2347,2.9652,14.675,0.965,1.4826,1.2757,Selected PATH_A with highest valid ARPS score (1.2212) satisfying all retinal preservation constraints.
aptos_0176,PATH_B,0.3947,False,37.5867,607.0328,1.4826,36.6958,0.8977,0.0,-2.401,Selected PATH_B with highest valid ARPS score (0.3947) satisfying all retinal preservation constraints.
aptos_0258,PATH_A,1.4564,False,12.7045,2214.3008,2.9652,9.9211,0.9805,1.4826,4.3534,Selected PATH_A with highest valid ARPS score (1.4564) satisfying all retinal preservation constraints.
aptos_1393,PATH_A,1.4023,False,19.7451,1970.9312,2.9652,21.5328,0.9684,1.4826,4.222,Selected PATH_A with highest valid ARPS score (1.4023) satisfying all retinal preservation constraints.
aptos_3192,PATH_A,1.4856,False,25.3617,1190.9651,1.4826,38.9449,0.9648,0.0,4.3642,Selected PATH_A with highest valid ARPS score (1.4856) satisfying all retinal preservation constraints.
aptos_0526,PATH_A,1.4313,False,16.8893,2416.0365,2.9652,17.8037,0.9712,1.4826,5.5911,Selected PATH_A with highest valid ARPS score (1.4313) satisfying all retinal preservation constraints.
aptos_3341,PATH_A,1.4244,False,22.0245,2507.5982,2.9652,13.5022,0.98,1.4826,4.4904,Selected PATH_A with highest valid ARPS score (1.4244) satisfying all retinal preservation constraints.
aptos_0295,PATH_A,1.3611,False,29.6045,3581.1423,2.9652,31.639,0.9838,1.4826,2.8166,Selected PATH_A with highest valid ARPS score (1.3611) satisfying all retinal preservation constraints.
aptos_3614,PATH_A,1.1171,False,17.1452,3684.4507,2.9652,13.8212,0.974,1.4826,1.5261,Selected PATH_A with highest valid ARPS score (1.1171) satisfying all retinal preservation constraints.
aptos_2356,PATH_B,0.5112,False,20.1426,555.6713,1.4826,21.7677,0.915,0.0,-0.5786,Selected PATH_B with highest valid ARPS score (0.5112) satisfying all retinal preservation constraints.
aptos_0207,PATH_A,1.2065,False,26.7094,2357.4935,2.9652,31.3561,0.973,1.4826,1.2089,Selected PATH_A with highest valid ARPS score (1.2065) satisfying all retinal preservation constraints.
aptos_1689,PATH_A,1.3972,False,23.3684,1691.0901,2.9652,17.0571,0.9728,1.4826,1.1735,Selected PATH_A with highest valid ARPS score (1.3972) satisfying all retinal preservation constraints.
aptos_0077,PATH_A,1.4116,False,21.6908,2323.3666,2.9652,15.8103,0.9809,1.4826,3.2773,Selected PATH_A with highest valid ARPS score (1.4116) satisfying all retinal preservation constraints.
aptos_1498,PATH_A,1.4567,False,15.1682,2606.8623,2.9652,13.3026,0.9714,1.4826,5.9694,Selected PATH_A with highest valid ARPS score (1.4567) satisfying all retinal preservation constraints.
aptos_2227,PATH_C,1.0604,False,14.5869,1996.0182,2.9652,8.5376,0.971,1.4826,-0.733,Selected PATH_C with highest valid ARPS score (1.0604) satisfying all retinal preservation constraints.
aptos_0720,PATH_B,0.459,False,29.7487,428.9623,1.4826,18.8038,0.8608,0.0,3.3749,Selected PATH_B with highest valid ARPS score (0.4590) satisfying all retinal preservation constraints.
aptos_3340,PATH_B,0.3855,False,21.758,491.5191,1.4826,20.0702,0.902,0.0,0.1138,Selected PATH_B with highest valid ARPS score (0.3855) satisfying all retinal preservation constraints.
aptos_0149,PATH_C,1.2312,False,17.5515,2210.3633,2.9652,6.6452,0.9776,1.4826,4.4989,Selected PATH_C with highest valid ARPS score (1.2312) satisfying all retinal preservation constraints.
aptos_0668,PATH_A,1.5481,False,13.3929,995.3971,1.4826,21.0415,0.9709,0.0,3.4586,Selected PATH_A with highest valid ARPS score (1.5481) satisfying all retinal preservation constraints.
aptos_0113,PATH_C,0.9177,False,13.4069,2216.0663,2.9652,8.216,0.9714,1.4826,-2.209,Selected PATH_C with highest valid ARPS score (0.9177) satisfying all retinal preservation constraints.
aptos_2108,PATH_A,1.3775,False,27.4613,2615.3508,2.9652,21.2955,0.9705,1.4826,-1.1246,Selected PATH_A with highest valid ARPS score (1.3775) satisfying all retinal preservation constraints.
aptos_3625,PATH_A,1.3801,False,24.622,2469.7796,2.9652,22.8542,0.9751,1.4826,1.0042,Selected PATH_A with highest valid ARPS score (1.3801) satisfying all retinal preservation constraints.
aptos_2160,PATH_C,1.0677,False,13.6913,2063.663,2.9652,8.0802,0.9753,1.4826,-1.8747,Selected PATH_C with highest valid ARPS score (1.0677) satisfying all retinal preservation constraints.
aptos_2772,PATH_C,1.4677,False,15.8114,1180.8636,2.9652,7.3015,0.9752,1.4826,5.7573,Selected PATH_C with highest valid ARPS score (1.4677) satisfying all retinal preservation constraints.
aptos_0283,PATH_A,1.3841,False,24.9685,2233.8363,2.9652,23.3462,0.9704,1.4826,2.5029,Selected PATH_A with highest valid ARPS score (1.3841) satisfying all retinal preservation constraints.
aptos_3369,PATH_A,1.2976,False,42.5205,7457.2731,2.9652,34.1415,0.9848,1.4826,-0.8424,Selected PATH_A with highest valid ARPS score (1.2976) satisfying all retinal preservation constraints.
aptos_0851,PATH_B,0.5547,False,18.1759,423.2699,1.4826,21.1748,0.8865,0.0,0.6398,Selected PATH_B with highest valid ARPS score (0.5547) satisfying all retinal preservation constraints.
aptos_0191,PATH_C,0.9374,False,16.4395,3810.2927,2.9652,7.3132,0.9762,1.4826,-0.2176,Selected PATH_C with highest valid ARPS score (0.9374) satisfying all retinal preservation constraints.
aptos_2480,PATH_A,1.5673,False,13.5874,1125.8239,1.4826,11.5706,0.9529,0.0,2.9025,Selected PATH_A with highest valid ARPS score (1.5673) satisfying all retinal preservation constraints.
aptos_0297,PATH_A,1.416,False,21.4445,3714.7615,2.9652,15.3982,0.9682,1.4826,3.9799,Selected PATH_A with highest valid ARPS score (1.4160) satisfying all retinal preservation constraints.
aptos_1128,PATH_C,1.4487,False,13.8313,1248.5833,2.9652,6.4505,0.9668,1.4826,3.3482,Selected PATH_C with highest valid ARPS score (1.4487) satisfying all retinal preservation constraints.
aptos_1660,PATH_A,1.4748,False,17.9031,4380.5743,4.4478,16.2493,0.9722,1.4826,2.0686,Selected PATH_A with highest valid ARPS score (1.4748) satisfying all retinal preservation constraints.
aptos_0721,PATH_A,1.381,False,25.735,2383.8344,2.9652,26.5463,0.9803,1.4826,3.8462,Selected PATH_A with highest valid ARPS score (1.3810) satisfying all retinal preservation constraints.
aptos_2370,PATH_C,0.6987,False,13.0494,382.3607,1.4826,14.9941,0.9278,0.0,0.4635,Selected PATH_C with highest valid ARPS score (0.6987) satisfying all retinal preservation constraints.
aptos_0474,PATH_A,1.4526,False,18.4398,2233.822,2.9652,12.8666,0.974,1.4826,6.7759,Selected PATH_A with highest valid ARPS score (1.4526) satisfying all retinal preservation constraints.
aptos_3057,PATH_A,1.3954,False,20.1759,1312.3115,2.9652,23.1797,0.9651,1.4826,4.0021,Selected PATH_A with highest valid ARPS score (1.3954) satisfying all retinal preservation constraints.
aptos_1875,PATH_B,0.434,False,30.4388,453.5852,1.4826,20.0498,0.8726,0.0,-1.8982,Selected PATH_B with highest valid ARPS score (0.4340) satisfying all retinal preservation constraints.
aptos_2251,PATH_B,0.5154,False,26.1689,1070.6456,1.4826,22.7059,0.93,0.0,0.9981,Selected PATH_B with highest valid ARPS score (0.5154) satisfying all retinal preservation constraints.
aptos_3536,PATH_B,0.5825,False,20.0845,436.7683,1.4826,18.4212,0.9095,0.0,0.4078,Selected PATH_B with highest valid ARPS score (0.5825) satisfying all retinal preservation constraints.
aptos_2675,PATH_A,1.3771,False,20.2733,2025.4948,2.9652,24.4379,0.9657,1.4826,1.2937,Selected PATH_A with highest valid ARPS score (1.3771) satisfying all retinal preservation constraints.
aptos_2302,PATH_A,1.3837,False,21.1718,1458.3901,2.9652,22.3061,0.9716,1.4826,1.3951,Selected PATH_A with highest valid ARPS score (1.3837) satisfying all retinal preservation constraints.
aptos_3218,PATH_A,1.4275,False,22.848,2733.2407,2.9652,15.7914,0.974,1.4826,6.2589,Selected PATH_A with highest valid ARPS score (1.4275) satisfying all retinal preservation constraints.
aptos_0955,PATH_A,1.0346,False,30.8109,5180.8435,2.9652,21.0576,0.9731,1.4826,-1.1135,Selected PATH_A with highest valid ARPS score (1.0346) satisfying all retinal preservation constraints.
aptos_3391,PATH_A,1.4109,False,18.9044,5526.5217,4.4478,14.9231,0.9813,1.4826,1.3974,Selected PATH_A with highest valid ARPS score (1.4109) satisfying all retinal preservation constraints.
aptos_2231,PATH_A,1.378,False,27.7198,4427.5716,2.9652,25.8243,0.9755,1.4826,2.9438,Selected PATH_A with highest valid ARPS score (1.3780) satisfying all retinal preservation constraints.
aptos_1206,PATH_A,1.3928,False,20.1574,1860.3145,2.9652,21.7518,0.9699,1.4826,2.836,Selected PATH_A with highest valid ARPS score (1.3928) satisfying all retinal preservation constraints.
aptos_2897,PATH_A,1.3949,False,17.9586,3707.5067,2.9652,21.5138,0.976,1.4826,2.679,Selected PATH_A with highest valid ARPS score (1.3949) satisfying all retinal preservation constraints.
aptos_2885,PATH_C,1.4515,False,9.7067,988.0544,1.4826,7.8755,0.9725,0.0,-1.5111,Selected PATH_C with highest valid ARPS score (1.4515) satisfying all retinal preservation constraints.
aptos_1811,PATH_B,0.4047,False,19.1736,673.0014,1.4826,16.8486,0.916,0.0,-0.0346,Selected PATH_B with highest valid ARPS score (0.4047) satisfying all retinal preservation constraints.
aptos_2760,PATH_A,1.5237,False,24.2807,2522.558,1.4826,26.4928,0.9697,0.0,4.7004,Selected PATH_A with highest valid ARPS score (1.5237) satisfying all retinal preservation constraints.
aptos_3133,PATH_A,1.4305,False,15.3922,1658.7262,2.9652,18.2839,0.9674,1.4826,5.1608,Selected PATH_A with highest valid ARPS score (1.4305) satisfying all retinal preservation constraints.
aptos_1908,PATH_C,0.8805,False,20.1517,2477.4185,2.9652,8.5223,0.9739,1.4826,-1.1696,Selected PATH_C with highest valid ARPS score (0.8805) satisfying all retinal preservation constraints.
aptos_2864,PATH_A,1.4265,False,20.4529,3490.0377,2.9652,16.776,0.9798,1.4826,5.7825,Selected PATH_A with highest valid ARPS score (1.4265) satisfying all retinal preservation constraints.
aptos_2048,PATH_A,1.5076,False,26.2613,1266.9958,1.4826,27.9431,0.9638,0.0,2.3754,Selected PATH_A with highest valid ARPS score (1.5076) satisfying all retinal preservation constraints.
aptos_1599,PATH_A,1.4123,False,21.2843,3396.4683,2.9652,16.7922,0.9796,1.4826,3.8596,Selected PATH_A with highest valid ARPS score (1.4123) satisfying all retinal preservation constraints.
aptos_0365,PATH_C,0.9549,False,15.5936,3818.198,2.9652,7.9231,0.9788,1.4826,-1.2146,Selected PATH_C with highest valid ARPS score (0.9549) satisfying all retinal preservation constraints.
aptos_0314,PATH_C,0.9473,False,16.0078,3343.8649,2.9652,9.6419,0.9773,1.4826,-2.6462,Selected PATH_C with highest valid ARPS score (0.9473) satisfying all retinal preservation constraints.
aptos_2507,PATH_A,1.0574,False,17.3928,3861.6241,2.9652,14.1146,0.9751,1.4826,1.5505,Selected PATH_A with highest valid ARPS score (1.0574) satisfying all retinal preservation constraints.
aptos_1639,PATH_B,0.3978,False,20.0612,545.8004,1.4826,18.467,0.9118,0.0,0.7493,Selected PATH_B with highest valid ARPS score (0.3978) satisfying all retinal preservation constraints.
aptos_0542,PATH_A,1.3802,False,25.8061,2153.5858,2.9652,20.2947,0.97,1.4826,-1.0832,Selected PATH_A with highest valid ARPS score (1.3802) satisfying all retinal preservation constraints.
aptos_0379,PATH_C,1.4153,False,13.589,1742.1155,2.9652,7.6826,0.9742,1.4826,0.0764,Selected PATH_C with highest valid ARPS score (1.4153) satisfying all retinal preservation constraints.
aptos_0471,PATH_A,1.5084,False,23.1091,1407.7184,1.4826,30.6677,0.9731,0.0,3.7633,Selected PATH_A with highest valid ARPS score (1.5084) satisfying all retinal preservation constraints.
aptos_2712,PATH_C,1.4551,False,17.8389,1207.8535,2.9652,7.1695,0.9711,1.4826,5.2654,Selected PATH_C with highest valid ARPS score (1.4551) satisfying all retinal preservation constraints.
aptos_3329,PATH_A,1.4368,False,18.6728,3068.4956,2.9652,14.423,0.9789,1.4826,5.6957,Selected PATH_A with highest valid ARPS score (1.4368) satisfying all retinal preservation constraints.
aptos_0946,PATH_C,0.8247,False,13.7294,2243.8343,2.9652,7.2527,0.9689,1.4826,-0.5712,Selected PATH_C with highest valid ARPS score (0.8247) satisfying all retinal preservation constraints.
aptos_3054,PATH_A,1.4074,False,21.0289,1466.4571,2.9652,14.102,0.9649,1.4826,1.6042,Selected PATH_A with highest valid ARPS score (1.4074) satisfying all retinal preservation constraints.
aptos_0927,PATH_C,0.7557,False,14.7108,983.0847,1.4826,12.5028,0.9542,0.0,-0.7061,Selected PATH_C with highest valid ARPS score (0.7557) satisfying all retinal preservation constraints.
aptos_1087,PATH_C,0.9772,False,19.3513,2256.7722,2.9652,7.3505,0.9827,1.4826,8.3782,Selected PATH_C with highest valid ARPS score (0.9772) satisfying all retinal preservation constraints.
aptos_1797,PATH_B,0.3941,False,17.7084,613.7468,1.4826,15.3873,0.9005,0.0,-1.1963,Selected PATH_B with highest valid ARPS score (0.3941) satisfying all retinal preservation constraints.
aptos_1669,PATH_A,1.3749,False,26.1557,2089.4771,2.9652,24.2311,0.9782,1.4826,0.6149,Selected PATH_A with highest valid ARPS score (1.3749) satisfying all retinal preservation constraints.
aptos_2679,PATH_A,1.5703,False,15.8301,918.1412,1.4826,19.5666,0.974,0.0,5.7161,Selected PATH_A with highest valid ARPS score (1.5703) satisfying all retinal preservation constraints.
aptos_2456,PATH_C,1.0919,False,15.6728,2391.6402,2.9652,7.4218,0.9833,1.4826,3.605,Selected PATH_C with highest valid ARPS score (1.0919) satisfying all retinal preservation constraints.
aptos_1990,PATH_A,1.4968,False,27.9664,1318.7395,1.4826,29.8135,0.9668,0.0,0.7856,Selected PATH_A with highest valid ARPS score (1.4968) satisfying all retinal preservation constraints.
aptos_2258,PATH_A,1.3928,False,18.3848,2174.0678,2.9652,18.6915,0.9708,1.4826,1.004,Selected PATH_A with highest valid ARPS score (1.3928) satisfying all retinal preservation constraints.
aptos_2460,PATH_A,1.4313,False,18.2058,2414.2696,2.9652,11.3999,0.9792,1.4826,3.8497,Selected PATH_A with highest valid ARPS score (1.4313) satisfying all retinal preservation constraints.
aptos_0989,PATH_C,1.0615,False,12.3897,1365.7433,2.9652,8.0297,0.9749,1.4826,1.6589,Selected PATH_C with highest valid ARPS score (1.0615) satisfying all retinal preservation constraints.
aptos_0866,PATH_A,1.4268,False,16.7735,1656.5351,2.9652,15.7441,0.9774,1.4826,4.4767,Selected PATH_A with highest valid ARPS score (1.4268) satisfying all retinal preservation constraints.
aptos_0789,PATH_B,0.5278,False,23.1714,1167.9831,1.4826,20.9647,0.9301,0.0,1.5923,Selected PATH_B with highest valid ARPS score (0.5278) satisfying all retinal preservation constraints.
aptos_1034,PATH_A,1.4093,False,17.0835,3277.802,2.9652,17.1566,0.9776,1.4826,2.8484,Selected PATH_A with highest valid ARPS score (1.4093) satisfying all retinal preservation constraints.
aptos_0944,PATH_A,1.417,False,18.6884,2036.4067,2.9652,17.3227,0.9658,1.4826,4.4057,Selected PATH_A with highest valid ARPS score (1.4170) satisfying all retinal preservation constraints.
aptos_2748,PATH_A,1.5136,False,22.27,1331.4774,1.4826,26.8553,0.9486,0.0,2.8644,Selected PATH_A with highest valid ARPS score (1.5136) satisfying all retinal preservation constraints.
aptos_1865,PATH_A,1.4406,False,21.7909,4531.7389,2.9652,14.2923,0.9817,1.4826,7.0508,Selected PATH_A with highest valid ARPS score (1.4406) satisfying all retinal preservation constraints.
aptos_3029,PATH_B,0.3858,False,20.2458,565.1633,1.4826,18.639,0.91,0.0,-1.8672,Selected PATH_B with highest valid ARPS score (0.3858) satisfying all retinal preservation constraints.
aptos_1972,PATH_B,0.3939,False,15.9498,659.9953,1.4826,13.9323,0.9212,0.0,0.1879,Selected PATH_B with highest valid ARPS score (0.3939) satisfying all retinal preservation constraints.
aptos_2408,PATH_A,1.1932,False,15.3566,3083.0713,2.9652,13.1941,0.9695,1.4826,2.1209,Selected PATH_A with highest valid ARPS score (1.1932) satisfying all retinal preservation constraints.
aptos_2697,PATH_C,1.1025,False,15.127,3378.4354,2.9652,8.1848,0.9741,1.4826,-3.3323,Selected PATH_C with highest valid ARPS score (1.1025) satisfying all retinal preservation constraints.
aptos_3629,PATH_B,0.3867,False,16.9715,587.2157,1.4826,14.1346,0.9013,0.0,1.2982,Selected PATH_B with highest valid ARPS score (0.3867) satisfying all retinal preservation constraints.
aptos_0959,PATH_C,1.0977,False,16.0113,4718.1875,4.4478,8.9171,0.9705,1.4826,-4.0299,Selected PATH_C with highest valid ARPS score (1.0977) satisfying all retinal preservation constraints.
aptos_3586,PATH_A,1.3598,False,25.9241,2511.7861,2.9652,36.7136,0.9808,1.4826,5.4486,Selected PATH_A with highest valid ARPS score (1.3598) satisfying all retinal preservation constraints.
aptos_1881,PATH_A,1.4219,False,17.4063,2622.8235,2.9652,13.7668,0.9704,1.4826,3.3965,Selected PATH_A with highest valid ARPS score (1.4219) satisfying all retinal preservation constraints.
aptos_2556,PATH_A,1.4527,False,16.2315,3677.6849,2.9652,11.1933,0.98,1.4826,5.5567,Selected PATH_A with highest valid ARPS score (1.4527) satisfying all retinal preservation constraints.
aptos_1219,PATH_B,0.5338,False,25.7458,1154.3835,1.4826,20.0261,0.933,0.0,2.6482,Selected PATH_B with highest valid ARPS score (0.5338) satisfying all retinal preservation constraints.
aptos_1851,PATH_A,1.3753,False,27.4293,2906.4486,2.9652,26.4936,0.976,1.4826,2.687,Selected PATH_A with highest valid ARPS score (1.3753) satisfying all retinal preservation constraints.
aptos_0000,PATH_A,1.4277,False,16.312,2196.1301,2.9652,14.2917,0.9756,1.4826,4.0178,Selected PATH_A with highest valid ARPS score (1.4277) satisfying all retinal preservation constraints.
aptos_3172,PATH_A,1.3961,False,18.885,2437.8804,2.9652,19.3915,0.9696,1.4826,2.0628,Selected PATH_A with highest valid ARPS score (1.3961) satisfying all retinal preservation constraints.
aptos_3371,PATH_A,1.4108,False,17.1748,2633.6428,2.9652,16.5251,0.9628,1.4826,2.9582,Selected PATH_A with highest valid ARPS score (1.4108) satisfying all retinal preservation constraints.
aptos_1213,PATH_A,1.4302,False,19.9634,1995.7664,2.9652,12.2156,0.961,1.4826,4.5851,Selected PATH_A with highest valid ARPS score (1.4302) satisfying all retinal preservation constraints.
aptos_1740,PATH_B,0.3895,False,17.428,563.0736,1.4826,14.825,0.9051,0.0,0.0265,Selected PATH_B with highest valid ARPS score (0.3895) satisfying all retinal preservation constraints.
aptos_3364,PATH_C,0.7619,False,13.2461,702.4142,1.4826,12.385,0.961,0.0,-3.6293,Selected PATH_C with highest valid ARPS score (0.7619) satisfying all retinal preservation constraints.
aptos_2271,PATH_A,1.4458,False,17.8721,2500.0686,2.9652,14.5778,0.9538,1.4826,6.5218,Selected PATH_A with highest valid ARPS score (1.4458) satisfying all retinal preservation constraints.
aptos_0547,PATH_A,1.3972,False,18.0983,3725.9489,2.9652,18.3784,0.9714,1.4826,1.6463,Selected PATH_A with highest valid ARPS score (1.3972) satisfying all retinal preservation constraints.
aptos_0520,PATH_C,1.0207,False,13.7607,2183.9705,2.9652,7.8062,0.9799,1.4826,2.0018,Selected PATH_C with highest valid ARPS score (1.0207) satisfying all retinal preservation constraints.
aptos_2728,PATH_A,1.4213,False,14.4101,1512.7018,2.9652,14.6782,0.9712,1.4826,3.0276,Selected PATH_A with highest valid ARPS score (1.4213) satisfying all retinal preservation constraints.
aptos_1271,PATH_A,1.3607,False,22.522,6790.2918,4.4478,17.9414,0.9798,1.4826,-0.2833,Selected PATH_A with highest valid ARPS score (1.3607) satisfying all retinal preservation constraints.
aptos_2177,PATH_B,0.356,False,22.2401,631.4234,1.4826,16.9037,0.9074,0.0,-2.1002,Selected PATH_B with highest valid ARPS score (0.3560) satisfying all retinal preservation constraints.
aptos_0800,PATH_A,1.1418,False,12.3769,3171.8828,2.9652,11.3094,0.9658,1.4826,1.8218,Selected PATH_A with highest valid ARPS score (1.1418) satisfying all retinal preservation constraints.
aptos_0132,PATH_B,0.5204,False,13.3266,373.9717,1.4826,19.2487,0.8669,0.0,3.8544,Selected PATH_B with highest valid ARPS score (0.5204) satisfying all retinal preservation constraints.
aptos_2841,PATH_A,1.421,False,17.5071,2476.6932,2.9652,16.0151,0.973,1.4826,4.1083,Selected PATH_A with highest valid ARPS score (1.4210) satisfying all retinal preservation constraints.
aptos_3158,PATH_A,1.3746,False,31.4288,1979.8589,2.9652,22.6819,0.9755,1.4826,-0.9904,Selected PATH_A with highest valid ARPS score (1.3746) satisfying all retinal preservation constraints.
aptos_0532,PATH_B,0.5548,False,17.9119,634.5436,1.4826,25.6247,0.8904,-1.4826,2.6736,Selected PATH_B with highest valid ARPS score (0.5548) satisfying all retinal preservation constraints.
aptos_0826,PATH_A,1.0237,False,20.9133,3561.4576,2.9652,16.6504,0.9609,1.4826,1.5423,Selected PATH_A with highest valid ARPS score (1.0237) satisfying all retinal preservation constraints.
aptos_0440,PATH_C,1.0282,False,13.2299,1851.9891,2.9652,8.2557,0.9767,1.4826,1.6228,Selected PATH_C with highest valid ARPS score (1.0282) satisfying all retinal preservation constraints.
aptos_0434,PATH_A,1.3805,False,23.7878,2300.5686,2.9652,25.0435,0.9666,1.4826,2.717,Selected PATH_A with highest valid ARPS score (1.3805) satisfying all retinal preservation constraints.
aptos_0304,PATH_A,1.418,False,17.6878,2056.7407,2.9652,16.3453,0.9692,1.4826,3.9149,Selected PATH_A with highest valid ARPS score (1.4180) satisfying all retinal preservation constraints.
aptos_2902,PATH_C,1.0796,False,15.2839,2456.9975,2.9652,7.1097,0.98,1.4826,2.5168,Selected PATH_C with highest valid ARPS score (1.0796) satisfying all retinal preservation constraints.
aptos_1082,PATH_A,1.4213,False,23.1656,2092.9218,2.9652,13.2055,0.9791,1.4826,3.9971,Selected PATH_A with highest valid ARPS score (1.4213) satisfying all retinal preservation constraints.
aptos_0633,PATH_C,1.0524,False,18.6624,2062.3558,2.9652,7.7283,0.9751,1.4826,4.1102,Selected PATH_C with highest valid ARPS score (1.0524) satisfying all retinal preservation constraints.
aptos_0160,PATH_A,1.4227,False,14.7078,2065.6366,2.9652,16.2801,0.9771,1.4826,3.6758,Selected PATH_A with highest valid ARPS score (1.4227) satisfying all retinal preservation constraints.
aptos_3071,PATH_C,0.9053,False,19.4824,4248.5742,2.9652,7.8785,0.9808,1.4826,1.8838,Selected PATH_C with highest valid ARPS score (0.9053) satisfying all retinal preservation constraints.
aptos_1786,PATH_A,1.4277,False,18.4762,2045.6834,2.9652,14.8001,0.9678,1.4826,4.7951,Selected PATH_A with highest valid ARPS score (1.4277) satisfying all retinal preservation constraints.
aptos_1130,PATH_A,1.235,False,17.8073,3301.3358,2.9652,15.2448,0.9727,1.4826,3.3489,Selected PATH_A with highest valid ARPS score (1.2350) satisfying all retinal preservation constraints.
aptos_0775,PATH_B,0.5682,False,22.3027,775.3908,1.4826,14.4261,0.9405,0.0,0.9244,Selected PATH_B with highest valid ARPS score (0.5682) satisfying all retinal preservation constraints.
aptos_3106,PATH_A,1.4303,False,14.5427,1767.2814,2.9652,13.8232,0.9781,1.4826,3.6887,Selected PATH_A with highest valid ARPS score (1.4303) satisfying all retinal preservation constraints.
aptos_1321,PATH_A,1.3782,False,21.8306,5523.0867,4.4478,16.616,0.9742,1.4826,-0.6298,Selected PATH_A with highest valid ARPS score (1.3782) satisfying all retinal preservation constraints.
aptos_0173,PATH_A,1.411,False,22.6612,2614.1545,2.9652,17.8496,0.982,1.4826,4.3872,Selected PATH_A with highest valid ARPS score (1.4110) satisfying all retinal preservation constraints.
aptos_3070,PATH_A,1.3814,False,25.8465,3306.2359,2.9652,25.1788,0.9781,1.4826,3.082,Selected PATH_A with highest valid ARPS score (1.3814) satisfying all retinal preservation constraints.
aptos_1470,PATH_C,0.9064,False,16.8365,3285.7267,2.9652,7.239,0.974,1.4826,-2.1839,Selected PATH_C with highest valid ARPS score (0.9064) satisfying all retinal preservation constraints.
aptos_1415,PATH_A,1.3906,False,21.7004,1951.0421,2.9652,23.122,0.9659,1.4826,3.4136,Selected PATH_A with highest valid ARPS score (1.3906) satisfying all retinal preservation constraints.
aptos_1325,PATH_B,0.7216,False,17.6223,514.9465,0.0,17.2777,0.8882,-1.4826,4.9366,Selected PATH_B with highest valid ARPS score (0.7216) satisfying all retinal preservation constraints.
aptos_0016,PATH_A,1.4481,False,16.8716,2861.6695,2.9652,14.2102,0.9186,1.4826,6.4543,Selected PATH_A with highest valid ARPS score (1.4481) satisfying all retinal preservation constraints.
aptos_2519,PATH_A,1.0933,False,36.579,3862.1117,2.9652,30.071,0.9765,1.4826,2.545,Selected PATH_A with highest valid ARPS score (1.0933) satisfying all retinal preservation constraints.
aptos_2555,PATH_A,1.4367,False,14.1746,1834.7336,2.9652,17.3171,0.9659,1.4826,5.013,Selected PATH_A with highest valid ARPS score (1.4367) satisfying all retinal preservation constraints.
aptos_2967,PATH_A,1.2571,False,15.6655,2941.5356,2.9652,14.4485,0.9732,1.4826,-0.0209,Selected PATH_A with highest valid ARPS score (1.2571) satisfying all retinal preservation constraints.
aptos_2749,PATH_A,1.2477,False,26.007,4038.3985,2.9652,15.3886,0.9755,1.4826,3.9203,Selected PATH_A with highest valid ARPS score (1.2477) satisfying all retinal preservation constraints.
aptos_3454,PATH_C,0.8157,False,15.2361,2699.3843,2.9652,7.4722,0.9661,1.4826,1.0491,Selected PATH_C with highest valid ARPS score (0.8157) satisfying all retinal preservation constraints.
aptos_0875,PATH_C,0.8045,False,16.3833,2872.6636,2.9652,7.4128,0.9718,1.4826,2.1882,Selected PATH_C with highest valid ARPS score (0.8045) satisfying all retinal preservation constraints.
aptos_3394,PATH_C,1.3663,False,16.528,2151.7213,2.9652,7.4354,0.9734,1.4826,1.1966,Selected PATH_C with highest valid ARPS score (1.3663) satisfying all retinal preservation constraints.
aptos_3102,PATH_A,1.5357,False,16.737,737.3261,1.4826,24.8266,0.9615,0.0,4.2017,Selected PATH_A with highest valid ARPS score (1.5357) satisfying all retinal preservation constraints.
aptos_0159,PATH_A,1.29,False,22.1357,718.872,1.4826,11.6702,0.9578,1.4826,4.4912,Selected PATH_A with highest valid ARPS score (1.2900) satisfying all retinal preservation constraints.
aptos_1831,PATH_A,1.4265,False,22.222,2162.3232,2.9652,14.4002,0.9727,1.4826,5.3638,Selected PATH_A with highest valid ARPS score (1.4265) satisfying all retinal preservation constraints.
aptos_2138,PATH_A,1.4566,False,20.3565,4846.0709,4.4478,18.0506,0.9795,1.4826,0.0445,Selected PATH_A with highest valid ARPS score (1.4566) satisfying all retinal preservation constraints.
aptos_3101,PATH_A,1.4204,False,20.9426,5904.8234,4.4478,17.2092,0.981,1.4826,0.6727,Selected PATH_A with highest valid ARPS score (1.4204) satisfying all retinal preservation constraints.
aptos_1361,PATH_A,1.5459,False,20.2915,1583.0406,1.4826,21.7353,0.9726,0.0,5.1917,Selected PATH_A with highest valid ARPS score (1.5459) satisfying all retinal preservation constraints.
aptos_2664,PATH_B,0.3891,False,17.5677,618.0826,1.4826,15.2907,0.9085,0.0,-0.134,Selected PATH_B with highest valid ARPS score (0.3891) satisfying all retinal preservation constraints.
aptos_3445,PATH_B,0.4169,False,23.2263,1124.8386,1.4826,21.7221,0.8974,0.0,2.0249,Selected PATH_B with highest valid ARPS score (0.4169) satisfying all retinal preservation constraints.
aptos_0311,PATH_A,1.4513,False,27.7965,6609.4823,4.4478,24.7757,0.9827,1.4826,3.1744,Selected PATH_A with highest valid ARPS score (1.4513) satisfying all retinal preservation constraints.
aptos_2488,PATH_A,1.4236,False,17.4407,2786.3231,2.9652,18.9767,0.9762,1.4826,5.2982,Selected PATH_A with highest valid ARPS score (1.4236) satisfying all retinal preservation constraints.
aptos_0222,PATH_A,1.5177,False,19.1931,1096.6219,1.4826,27.8153,0.9659,0.0,3.4021,Selected PATH_A with highest valid ARPS score (1.5177) satisfying all retinal preservation constraints.
aptos_3153,PATH_C,0.7645,False,15.0134,871.2403,1.4826,10.1579,0.9612,0.0,2.2211,Selected PATH_C with highest valid ARPS score (0.7645) satisfying all retinal preservation constraints.
aptos_2835,PATH_A,1.0077,False,18.2798,2409.0259,2.9652,16.2551,0.9643,1.4826,-0.4886,Selected PATH_A with highest valid ARPS score (1.0077) satisfying all retinal preservation constraints.
aptos_2549,PATH_A,1.2591,False,20.0418,866.4571,1.4826,23.4011,0.957,1.4826,4.4145,Selected PATH_A with highest valid ARPS score (1.2591) satisfying all retinal preservation constraints.
aptos_2295,PATH_A,1.4306,False,20.1904,2027.1897,2.9652,15.4085,0.9798,1.4826,5.7293,Selected PATH_A with highest valid ARPS score (1.4306) satisfying all retinal preservation constraints.
aptos_1487,PATH_A,1.5329,False,32.8716,1505.7697,1.4826,15.4154,0.9726,0.0,-1.0209,Selected PATH_A with highest valid ARPS score (1.5329) satisfying all retinal preservation constraints.
aptos_3060,PATH_B,0.3967,False,18.1973,471.0214,1.4826,19.6301,0.914,0.0,0.4984,Selected PATH_B with highest valid ARPS score (0.3967) satisfying all retinal preservation constraints.
aptos_1400,PATH_A,1.4319,False,19.0589,2936.964,2.9652,12.6072,0.9647,1.4826,4.7138,Selected PATH_A with highest valid ARPS score (1.4319) satisfying all retinal preservation constraints.
aptos_3602,PATH_B,0.3588,False,19.0216,643.1108,1.4826,15.6616,0.8971,0.0,-1.8403,Selected PATH_B with highest valid ARPS score (0.3588) satisfying all retinal preservation constraints.
aptos_2024,PATH_A,1.422,False,18.5083,3632.3135,2.9652,13.8677,0.9777,1.4826,3.5883,Selected PATH_A with highest valid ARPS score (1.4220) satisfying all retinal preservation constraints.
aptos_0821,PATH_A,1.4139,False,21.6531,2151.1644,2.9652,15.8324,0.9679,1.4826,3.8818,Selected PATH_A with highest valid ARPS score (1.4139) satisfying all retinal preservation constraints.
aptos_0556,PATH_A,1.441,False,14.5512,2694.3218,2.9652,12.5969,0.9295,1.4826,4.6446,Selected PATH_A with highest valid ARPS score (1.4410) satisfying all retinal preservation constraints.
aptos_0803,PATH_A,1.3783,False,22.2821,3555.6721,2.9652,23.3755,0.9597,1.4826,1.0947,Selected PATH_A with highest valid ARPS score (1.3783) satisfying all retinal preservation constraints.
aptos_1021,PATH_B,0.3935,False,17.9353,597.6228,1.4826,15.6124,0.9064,0.0,-1.1773,Selected PATH_B with highest valid ARPS score (0.3935) satisfying all retinal preservation constraints.
aptos_3275,PATH_A,1.4524,False,14.9884,2000.3405,2.9652,12.9698,0.9784,1.4826,5.496,Selected PATH_A with highest valid ARPS score (1.4524) satisfying all retinal preservation constraints.
aptos_0092,PATH_A,1.477,False,19.6046,4576.3386,4.4478,18.1461,0.9729,1.4826,3.5629,Selected PATH_A with highest valid ARPS score (1.4770) satisfying all retinal preservation constraints.
aptos_1942,PATH_A,1.4032,False,21.1281,3436.8122,2.9652,16.8789,0.9653,1.4826,2.3646,Selected PATH_A with highest valid ARPS score (1.4032) satisfying all retinal preservation constraints.
aptos_1904,PATH_B,0.4196,False,16.1202,459.4507,1.4826,17.2703,0.8719,0.0,2.1676,Selected PATH_B with highest valid ARPS score (0.4196) satisfying all retinal preservation constraints.
aptos_3205,PATH_A,1.4002,False,16.2255,2159.1645,2.9652,20.9956,0.9756,1.4826,2.9485,Selected PATH_A with highest valid ARPS score (1.4002) satisfying all retinal preservation constraints.
aptos_0669,PATH_A,1.4209,False,21.6909,4126.0303,2.9652,12.5267,0.9775,1.4826,3.3359,Selected PATH_A with highest valid ARPS score (1.4209) satisfying all retinal preservation constraints.
aptos_0650,PATH_B,0.3956,False,17.9343,664.4008,1.4826,14.2106,0.905,0.0,1.165,Selected PATH_B with highest valid ARPS score (0.3956) satisfying all retinal preservation constraints.
aptos_3601,PATH_C,0.8744,False,15.523,2867.8179,2.9652,8.4807,0.9699,1.4826,-0.6476,Selected PATH_C with highest valid ARPS score (0.8744) satisfying all retinal preservation constraints.
aptos_2455,PATH_C,1.4412,False,14.7656,1536.4995,2.9652,7.4789,0.9768,1.4826,3.003,Selected PATH_C with highest valid ARPS score (1.4412) satisfying all retinal preservation constraints.
aptos_2362,PATH_A,1.4516,False,20.9981,5119.0107,4.4478,17.8002,0.9759,1.4826,1.4712,Selected PATH_A with highest valid ARPS score (1.4516) satisfying all retinal preservation constraints.
aptos_3384,PATH_A,1.5359,False,19.686,1310.2806,1.4826,22.0612,0.9612,0.0,3.8497,Selected PATH_A with highest valid ARPS score (1.5359) satisfying all retinal preservation constraints.
aptos_3302,PATH_A,1.5717,False,12.6216,1031.3548,1.4826,11.4487,0.9716,0.0,2.9562,Selected PATH_A with highest valid ARPS score (1.5717) satisfying all retinal preservation constraints.
aptos_0354,PATH_C,1.4454,False,14.4249,1112.8605,2.9652,7.3882,0.9718,1.4826,3.3949,Selected PATH_C with highest valid ARPS score (1.4454) satisfying all retinal preservation constraints.
aptos_1211,PATH_B,0.5022,False,31.7115,436.3415,1.4826,22.977,0.8539,0.0,0.304,Selected PATH_B with highest valid ARPS score (0.5022) satisfying all retinal preservation constraints.
aptos_3538,PATH_A,1.3683,False,23.3354,2147.3823,2.9652,33.1844,0.9801,1.4826,4.6493,Selected PATH_A with highest valid ARPS score (1.3683) satisfying all retinal preservation constraints.
aptos_2390,PATH_A,1.4299,False,18.1361,2711.0977,2.9652,14.2902,0.9816,1.4826,4.6875,Selected PATH_A with highest valid ARPS score (1.4299) satisfying all retinal preservation constraints.
aptos_2378,PATH_C,0.7877,False,19.7376,3032.3433,2.9652,7.4747,0.9708,1.4826,1.7021,Selected PATH_C with highest valid ARPS score (0.7877) satisfying all retinal preservation constraints.
aptos_2189,PATH_B,0.4019,False,21.1033,670.7482,1.4826,18.627,0.9187,0.0,-0.5416,Selected PATH_B with highest valid ARPS score (0.4019) satisfying all retinal preservation constraints.
aptos_3636,PATH_A,1.4198,False,18.9723,3105.6098,2.9652,14.6259,0.9824,1.4826,3.6201,Selected PATH_A with highest valid ARPS score (1.4198) satisfying all retinal preservation constraints.
aptos_0571,PATH_C,1.0653,False,17.1873,4096.7598,2.9652,7.3354,0.9629,1.4826,1.0142,Selected PATH_C with highest valid ARPS score (1.0653) satisfying all retinal preservation constraints.
aptos_3365,PATH_A,1.3734,False,22.836,2106.7847,2.9652,26.197,0.9818,1.4826,1.4993,Selected PATH_A with highest valid ARPS score (1.3734) satisfying all retinal preservation constraints.
aptos_1257,PATH_C,0.94,False,14.9028,3226.737,2.9652,7.8613,0.975,1.4826,-2.2157,Selected PATH_C with highest valid ARPS score (0.9400) satisfying all retinal preservation constraints.
aptos_1222,PATH_C,1.1522,False,15.6509,1261.0638,2.9652,7.817,0.9651,1.4826,3.1485,Selected PATH_C with highest valid ARPS score (1.1522) satisfying all retinal preservation constraints.
aptos_2293,PATH_A,1.3511,False,32.8499,3779.7676,2.9652,30.3506,0.9782,1.4826,-1.9379,Selected PATH_A with highest valid ARPS score (1.3511) satisfying all retinal preservation constraints.
aptos_0483,PATH_C,0.9523,False,19.4328,3422.8965,2.9652,8.884,0.9743,1.4826,4.1915,Selected PATH_C with highest valid ARPS score (0.9523) satisfying all retinal preservation constraints.
aptos_2473,PATH_A,1.462,False,19.5889,4493.4659,4.4478,23.7669,0.9809,1.4826,3.6105,Selected PATH_A with highest valid ARPS score (1.4620) satisfying all retinal preservation constraints.
aptos_3015,PATH_C,0.7904,False,19.6618,3424.9723,2.9652,8.1091,0.9783,1.4826,2.2217,Selected PATH_C with highest valid ARPS score (0.7904) satisfying all retinal preservation constraints.
aptos_2653,PATH_A,1.4015,False,23.2043,3863.7667,2.9652,19.2168,0.983,1.4826,3.3825,Selected PATH_A with highest valid ARPS score (1.4015) satisfying all retinal preservation constraints.
aptos_0426,PATH_C,1.3936,False,17.9087,2663.4574,2.9652,6.6552,0.9776,1.4826,4.9109,Selected PATH_C with highest valid ARPS score (1.3936) satisfying all retinal preservation constraints.
aptos_2616,PATH_B,0.3974,False,17.1591,578.1097,1.4826,14.9881,0.9124,0.0,-0.388,Selected PATH_B with highest valid ARPS score (0.3974) satisfying all retinal preservation constraints.
aptos_2430,PATH_A,1.4266,False,14.4647,1446.3511,2.9652,13.2844,0.9686,1.4826,3.1994,Selected PATH_A with highest valid ARPS score (1.4266) satisfying all retinal preservation constraints.
aptos_1242,PATH_C,1.4511,False,16.583,1362.3614,2.9652,7.5781,0.968,1.4826,4.6281,Selected PATH_C with highest valid ARPS score (1.4511) satisfying all retinal preservation constraints.
aptos_0397,PATH_A,1.404,False,16.8307,2773.6377,2.9652,16.5033,0.9744,1.4826,1.7403,Selected PATH_A with highest valid ARPS score (1.4040) satisfying all retinal preservation constraints.
aptos_1288,PATH_B,0.3742,False,21.5935,531.8718,1.4826,18.2437,0.8965,0.0,-1.9492,Selected PATH_B with highest valid ARPS score (0.3742) satisfying all retinal preservation constraints.
aptos_0291,PATH_A,1.409,False,20.0235,1889.9222,2.9652,13.9606,0.9783,1.4826,1.5738,Selected PATH_A with highest valid ARPS score (1.4090) satisfying all retinal preservation constraints.
aptos_2948,PATH_A,1.3878,False,23.1254,1897.6245,2.9652,21.624,0.9597,1.4826,2.2356,Selected PATH_A with highest valid ARPS score (1.3878) satisfying all retinal preservation constraints.
aptos_0300,PATH_A,1.5468,False,17.3423,1102.9369,1.4826,19.2038,0.981,0.0,3.5937,Selected PATH_A with highest valid ARPS score (1.5468) satisfying all retinal preservation constraints.
aptos_2365,PATH_C,1.4315,False,17.0622,2273.0484,2.9652,7.0218,0.9792,1.4826,3.5921,Selected PATH_C with highest valid ARPS score (1.4315) satisfying all retinal preservation constraints.
aptos_2213,PATH_A,1.3821,False,28.2795,2197.0404,1.4826,26.274,0.9731,0.0,0.9582,Selected PATH_A with highest valid ARPS score (1.3821) satisfying all retinal preservation constraints.
aptos_1235,PATH_A,1.2001,False,16.0862,3430.3382,2.9652,14.1065,0.9707,1.4826,3.1694,Selected PATH_A with highest valid ARPS score (1.2001) satisfying all retinal preservation constraints.
aptos_2950,PATH_B,0.5202,False,19.5182,665.2079,1.4826,33.1456,0.8873,-1.4826,3.1866,Selected PATH_B with highest valid ARPS score (0.5202) satisfying all retinal preservation constraints.
aptos_2146,PATH_C,0.8356,False,16.0247,2799.0858,2.9652,8.5643,0.9709,1.4826,1.8909,Selected PATH_C with highest valid ARPS score (0.8356) satisfying all retinal preservation constraints.
aptos_3439,PATH_A,1.3968,False,19.252,2186.3097,2.9652,18.9109,0.9815,1.4826,1.8151,Selected PATH_A with highest valid ARPS score (1.3968) satisfying all retinal preservation constraints.
aptos_2784,PATH_C,1.4423,False,13.7794,928.392,2.9652,7.3685,0.9588,1.4826,3.0167,Selected PATH_C with highest valid ARPS score (1.4423) satisfying all retinal preservation constraints.
aptos_3370,PATH_C,1.15,False,15.1535,1963.6718,2.9652,8.6235,0.9759,1.4826,0.1532,Selected PATH_C with highest valid ARPS score (1.1500) satisfying all retinal preservation constraints.
aptos_3431,PATH_A,1.4249,False,19.1234,2026.6739,2.9652,16.1703,0.9406,1.4826,5.3325,Selected PATH_A with highest valid ARPS score (1.4249) satisfying all retinal preservation constraints.
aptos_1063,PATH_A,1.024,False,16.325,4207.1655,2.9652,13.1383,0.9747,1.4826,-0.7866,Selected PATH_A with highest valid ARPS score (1.0240) satisfying all retinal preservation constraints.
aptos_1036,PATH_A,1.427,False,18.2512,2339.3258,2.9652,14.2601,0.979,1.4826,4.3621,Selected PATH_A with highest valid ARPS score (1.4270) satisfying all retinal preservation constraints.
aptos_2073,PATH_A,1.4528,False,15.9393,2704.0106,2.9652,10.5417,0.9751,1.4826,5.3391,Selected PATH_A with highest valid ARPS score (1.4528) satisfying all retinal preservation constraints.
aptos_1349,PATH_A,1.4134,False,18.3877,2914.4405,2.9652,14.6499,0.9738,1.4826,2.6184,Selected PATH_A with highest valid ARPS score (1.4134) satisfying all retinal preservation constraints.
aptos_0312,PATH_A,1.361,False,36.7607,2859.8252,2.9652,26.0319,0.9814,1.4826,-3.4666,Selected PATH_A with highest valid ARPS score (1.3610) satisfying all retinal preservation constraints.
aptos_3387,PATH_B,0.4175,False,15.8378,398.1161,1.4826,20.5494,0.8938,0.0,0.0918,Selected PATH_B with highest valid ARPS score (0.4175) satisfying all retinal preservation constraints.
aptos_3097,PATH_A,1.3902,False,24.2773,3208.1545,2.9652,20.5511,0.9793,1.4826,1.8475,Selected PATH_A with highest valid ARPS score (1.3902) satisfying all retinal preservation constraints.
aptos_2330,PATH_C,1.4338,False,14.8683,1739.8192,2.9652,6.7332,0.9676,1.4826,1.9206,Selected PATH_C with highest valid ARPS score (1.4338) satisfying all retinal preservation constraints.
aptos_0558,PATH_C,0.8385,False,15.0438,2584.7721,2.9652,7.9014,0.9676,1.4826,-1.2418,Selected PATH_C with highest valid ARPS score (0.8385) satisfying all retinal preservation constraints.
aptos_2895,PATH_A,1.0039,False,18.7303,4068.8292,2.9652,13.9877,0.9614,1.4826,2.3656,Selected PATH_A with highest valid ARPS score (1.0039) satisfying all retinal preservation constraints.
aptos_1397,PATH_C,0.8654,False,15.6302,3020.6483,2.9652,7.5212,0.9574,1.4826,3.5722,Selected PATH_C with highest valid ARPS score (0.8654) satisfying all retinal preservation constraints.
aptos_1707,PATH_A,1.5066,False,24.071,1216.9993,1.4826,28.3752,0.9745,0.0,2.0427,Selected PATH_A with highest valid ARPS score (1.5066) satisfying all retinal preservation constraints.
aptos_2190,PATH_A,1.4237,False,20.6051,4061.1102,2.9652,16.3127,0.9796,1.4826,5.2738,Selected PATH_A with highest valid ARPS score (1.4237) satisfying all retinal preservation constraints.
aptos_0626,PATH_C,1.1714,False,12.863,978.2952,2.9652,9.1961,0.9717,1.4826,3.2989,Selected PATH_C with highest valid ARPS score (1.1714) satisfying all retinal preservation constraints.
aptos_1985,PATH_A,1.3927,False,23.4534,1568.6618,2.9652,19.8516,0.9791,1.4826,1.9152,Selected PATH_A with highest valid ARPS score (1.3927) satisfying all retinal preservation constraints.
aptos_2682,PATH_A,1.422,False,17.7953,2453.1939,2.9652,13.4012,0.9669,1.4826,3.3751,Selected PATH_A with highest valid ARPS score (1.4220) satisfying all retinal preservation constraints.
aptos_3564,PATH_A,1.4118,False,19.5157,3111.0875,2.9652,14.8841,0.9563,1.4826,2.8349,Selected PATH_A with highest valid ARPS score (1.4118) satisfying all retinal preservation constraints.
aptos_0703,PATH_B,0.3873,False,16.8988,555.9577,1.4826,14.7548,0.908,0.0,0.0683,Selected PATH_B with highest valid ARPS score (0.3873) satisfying all retinal preservation constraints.
aptos_1575,PATH_A,1.52,False,24.4144,1948.8971,1.4826,28.4345,0.9688,0.0,5.0803,Selected PATH_A with highest valid ARPS score (1.5200) satisfying all retinal preservation constraints.
aptos_3079,PATH_A,1.2808,False,30.2724,5086.1672,2.9652,33.2277,0.97,1.4826,1.6239,Selected PATH_A with highest valid ARPS score (1.2808) satisfying all retinal preservation constraints.
aptos_3017,PATH_C,0.9057,False,16.5697,3791.3841,2.9652,7.982,0.9774,1.4826,0.0673,Selected PATH_C with highest valid ARPS score (0.9057) satisfying all retinal preservation constraints.
aptos_2797,PATH_A,1.4125,False,17.3584,3007.0578,2.9652,12.4057,0.9792,1.4826,1.1994,Selected PATH_A with highest valid ARPS score (1.4125) satisfying all retinal preservation constraints.
aptos_2733,PATH_C,0.9724,False,15.7232,3425.858,2.9652,8.2154,0.9726,1.4826,0.5009,Selected PATH_C with highest valid ARPS score (0.9724) satisfying all retinal preservation constraints.
aptos_1327,PATH_A,1.439,False,15.0975,1339.5357,2.9652,13.131,0.9543,1.4826,4.6286,Selected PATH_A with highest valid ARPS score (1.4390) satisfying all retinal preservation constraints.
aptos_3619,PATH_A,0.9502,False,15.9942,2532.3181,2.9652,14.467,0.9349,1.4826,2.5047,Selected PATH_A with highest valid ARPS score (0.9502) satisfying all retinal preservation constraints.
aptos_1204,PATH_A,1.3918,False,19.5412,1775.1394,2.9652,25.0604,0.9767,1.4826,4.0154,Selected PATH_A with highest valid ARPS score (1.3918) satisfying all retinal preservation constraints.
aptos_1334,PATH_A,1.3344,False,27.1579,2643.6942,2.9652,38.444,0.9699,1.4826,0.7041,Selected PATH_A with highest valid ARPS score (1.3344) satisfying all retinal preservation constraints.
aptos_1454,PATH_B,0.3869,False,19.5473,557.0395,1.4826,17.2444,0.9069,0.0,-0.8403,Selected PATH_B with highest valid ARPS score (0.3869) satisfying all retinal preservation constraints.
aptos_3522,PATH_A,1.3676,False,28.9561,2657.7184,2.9652,26.6039,0.9805,1.4826,0.4243,Selected PATH_A with highest valid ARPS score (1.3676) satisfying all retinal preservation constraints.
aptos_2101,PATH_B,0.3945,False,17.0204,698.3917,1.4826,13.3717,0.8786,0.0,1.5312,Selected PATH_B with highest valid ARPS score (0.3945) satisfying all retinal preservation constraints.
aptos_2822,PATH_A,1.435,False,19.5286,1800.0281,2.9652,16.2275,0.9752,1.4826,6.3553,Selected PATH_A with highest valid ARPS score (1.4350) satisfying all retinal preservation constraints.
aptos_2754,PATH_A,1.4118,False,17.6983,1266.4238,2.9652,18.1597,0.9741,1.4826,3.7342,Selected PATH_A with highest valid ARPS score (1.4118) satisfying all retinal preservation constraints.
aptos_2035,PATH_C,1.1275,False,13.6526,1179.803,2.9652,7.9555,0.97,1.4826,3.7316,Selected PATH_C with highest valid ARPS score (1.1275) satisfying all retinal preservation constraints.
aptos_3338,PATH_C,1.4584,False,15.4164,1875.7143,2.9652,6.8506,0.9769,1.4826,5.2436,Selected PATH_C with highest valid ARPS score (1.4584) satisfying all retinal preservation constraints.
aptos_0427,PATH_A,1.4331,False,16.1303,1595.6414,2.9652,13.784,0.9766,1.4826,4.3866,Selected PATH_A with highest valid ARPS score (1.4331) satisfying all retinal preservation constraints.
aptos_3042,PATH_A,1.4282,False,18.0917,2865.9799,2.9652,14.5415,0.972,1.4826,4.6309,Selected PATH_A with highest valid ARPS score (1.4282) satisfying all retinal preservation constraints.
aptos_1637,PATH_A,1.4018,False,19.5575,2205.2559,2.9652,19.9252,0.9811,1.4826,3.2634,Selected PATH_A with highest valid ARPS score (1.4018) satisfying all retinal preservation constraints.
aptos_0910,PATH_A,0.9176,False,12.9386,2947.2328,1.4826,11.8187,0.9462,0.0,0.3731,Selected PATH_A with highest valid ARPS score (0.9176) satisfying all retinal preservation constraints.
aptos_0948,PATH_A,1.5433,False,19.8557,1292.7236,1.4826,25.4184,0.9722,0.0,6.0594,Selected PATH_A with highest valid ARPS score (1.5433) satisfying all retinal preservation constraints.
aptos_1767,PATH_C,0.8813,False,14.5285,2820.6571,2.9652,7.49,0.97,1.4826,-0.2853,Selected PATH_C with highest valid ARPS score (0.8813) satisfying all retinal preservation constraints.
aptos_2538,PATH_A,1.406,False,18.3809,2609.8684,2.9652,16.3009,0.9658,1.4826,2.2544,Selected PATH_A with highest valid ARPS score (1.4060) satisfying all retinal preservation constraints.
aptos_1571,PATH_A,1.3769,False,26.6553,2018.6515,2.9652,25.763,0.9764,1.4826,2.4793,Selected PATH_A with highest valid ARPS score (1.3769) satisfying all retinal preservation constraints.
aptos_1631,PATH_C,1.4205,False,17.3932,1212.9744,2.9652,6.5332,0.967,1.4826,-0.35,Selected PATH_C with highest valid ARPS score (1.4205) satisfying all retinal preservation constraints.
aptos_1308,PATH_B,0.4697,False,28.7848,597.385,1.4826,19.4097,0.8923,0.0,-0.1696,Selected PATH_B with highest valid ARPS score (0.4697) satisfying all retinal preservation constraints.
aptos_1406,PATH_A,1.4028,False,19.5828,2717.9844,2.9652,18.5283,0.9758,1.4826,2.8261,Selected PATH_A with highest valid ARPS score (1.4028) satisfying all retinal preservation constraints.
aptos_0525,PATH_B,0.3955,False,20.0478,575.4484,1.4826,16.9945,0.8873,0.0,0.0265,Selected PATH_B with highest valid ARPS score (0.3955) satisfying all retinal preservation constraints.
aptos_2069,PATH_A,1.4157,False,18.6518,2608.6629,2.9652,15.1071,0.9798,1.4826,3.1676,Selected PATH_A with highest valid ARPS score (1.4157) satisfying all retinal preservation constraints.
aptos_3227,PATH_A,1.4008,False,22.0247,2612.1598,2.9652,19.7763,0.9765,1.4826,3.4781,Selected PATH_A with highest valid ARPS score (1.4008) satisfying all retinal preservation constraints.
aptos_3424,PATH_A,1.4117,False,20.0931,2989.0163,2.9652,19.488,0.9799,1.4826,4.7138,Selected PATH_A with highest valid ARPS score (1.4117) satisfying all retinal preservation constraints.
aptos_2940,PATH_C,1.4249,False,13.9201,1040.7677,2.9652,8.114,0.967,1.4826,1.1273,Selected PATH_C with highest valid ARPS score (1.4249) satisfying all retinal preservation constraints.
aptos_3574,PATH_A,1.3444,False,31.3004,2712.2759,2.9652,37.4272,0.9707,1.4826,3.1741,Selected PATH_A with highest valid ARPS score (1.3444) satisfying all retinal preservation constraints.
aptos_3566,PATH_A,1.368,False,28.5404,2813.7242,2.9652,27.0749,0.9767,1.4826,1.0696,Selected PATH_A with highest valid ARPS score (1.3680) satisfying all retinal preservation constraints.
aptos_2990,PATH_B,0.4685,False,31.0709,1322.9456,1.4826,23.7844,0.9151,0.0,0.2595,Selected PATH_B with highest valid ARPS score (0.4685) satisfying all retinal preservation constraints.
aptos_0336,PATH_A,1.4325,False,14.3475,2018.8358,2.9652,12.233,0.9791,1.4826,3.4012,Selected PATH_A with highest valid ARPS score (1.4325) satisfying all retinal preservation constraints.
aptos_1467,PATH_A,1.4065,False,16.9607,1735.3935,2.9652,17.3756,0.9714,1.4826,2.5671,Selected PATH_A with highest valid ARPS score (1.4065) satisfying all retinal preservation constraints.
aptos_1736,PATH_B,0.3998,False,15.9477,607.48,1.4826,14.5183,0.9102,0.0,-0.2368,Selected PATH_B with highest valid ARPS score (0.3998) satisfying all retinal preservation constraints.
aptos_3222,PATH_B,0.4066,False,17.6206,567.4286,1.4826,16.3953,0.8869,0.0,-0.169,Selected PATH_B with highest valid ARPS score (0.4066) satisfying all retinal preservation constraints.
aptos_0992,PATH_A,1.3833,False,24.9276,2536.1836,2.9652,22.9498,0.9866,1.4826,1.7445,Selected PATH_A with highest valid ARPS score (1.3833) satisfying all retinal preservation constraints.
aptos_2496,PATH_C,1.3433,False,15.077,2352.6511,2.9652,7.683,0.9738,1.4826,0.314,Selected PATH_C with highest valid ARPS score (1.3433) satisfying all retinal preservation constraints.
aptos_1208,PATH_A,1.4217,False,16.5595,2585.8433,2.9652,14.8718,0.9738,1.4826,3.5714,Selected PATH_A with highest valid ARPS score (1.4217) satisfying all retinal preservation constraints.
aptos_3617,PATH_A,1.448,False,16.4813,2559.3288,2.9652,13.7181,0.9819,1.4826,5.8347,Selected PATH_A with highest valid ARPS score (1.4480) satisfying all retinal preservation constraints.
aptos_0759,PATH_C,1.0369,False,14.3252,3128.1545,2.9652,8.4018,0.974,1.4826,-2.756,Selected PATH_C with highest valid ARPS score (1.0369) satisfying all retinal preservation constraints.
aptos_1579,PATH_A,1.5407,False,20.3738,1119.9693,1.4826,18.3276,0.9661,0.0,2.9528,Selected PATH_A with highest valid ARPS score (1.5407) satisfying all retinal preservation constraints.
aptos_1027,PATH_C,1.4206,False,12.5117,1131.9225,2.9652,7.9451,0.973,1.4826,0.2988,Selected PATH_C with highest valid ARPS score (1.4206) satisfying all retinal preservation constraints.
aptos_2150,PATH_A,1.3959,False,22.1862,2626.2684,2.9652,21.9769,0.9771,1.4826,3.7307,Selected PATH_A with highest valid ARPS score (1.3959) satisfying all retinal preservation constraints.
aptos_0342,PATH_B,0.3749,False,22.6341,471.8507,1.4826,20.3312,0.8972,0.0,-1.8801,Selected PATH_B with highest valid ARPS score (0.3749) satisfying all retinal preservation constraints.
aptos_3150,PATH_A,1.4064,False,23.1151,2962.9158,2.9652,20.3413,0.9824,1.4826,4.9125,Selected PATH_A with highest valid ARPS score (1.4064) satisfying all retinal preservation constraints.
aptos_3556,PATH_C,0.9095,False,15.7443,3438.489,2.9652,7.5038,0.9711,1.4826,-1.4918,Selected PATH_C with highest valid ARPS score (0.9095) satisfying all retinal preservation constraints.
aptos_0431,PATH_C,1.4209,False,15.4101,970.8097,2.9652,8.2159,0.9547,1.4826,0.7661,Selected PATH_C with highest valid ARPS score (1.4209) satisfying all retinal preservation constraints.
aptos_0736,PATH_A,1.3682,False,24.0615,2779.9598,2.9652,33.1886,0.9816,1.4826,4.7701,Selected PATH_A with highest valid ARPS score (1.3682) satisfying all retinal preservation constraints.
aptos_3112,PATH_B,0.4193,False,16.1829,458.9235,1.4826,17.1978,0.8717,0.0,2.228,Selected PATH_B with highest valid ARPS score (0.4193) satisfying all retinal preservation constraints.
aptos_1857,PATH_C,1.2305,False,16.6118,5245.6296,4.4478,7.9166,0.9769,1.4826,-0.7565,Selected PATH_C with highest valid ARPS score (1.2305) satisfying all retinal preservation constraints.
aptos_3051,PATH_A,1.3789,False,24.2182,2251.0588,2.9652,22.7689,0.9823,1.4826,0.4606,Selected PATH_A with highest valid ARPS score (1.3789) satisfying all retinal preservation constraints.
aptos_0233,PATH_C,1.4561,False,15.9786,1102.7676,2.9652,6.4227,0.9763,1.4826,4.5755,Selected PATH_C with highest valid ARPS score (1.4561) satisfying all retinal preservation constraints.
aptos_1054,PATH_A,1.4116,False,22.2806,3583.5828,2.9652,16.1966,0.9558,1.4826,3.9174,Selected PATH_A with highest valid ARPS score (1.4116) satisfying all retinal preservation constraints.
aptos_0731,PATH_C,0.8785,False,16.3035,3415.1151,2.9652,9.0854,0.9722,1.4826,-4.4785,Selected PATH_C with highest valid ARPS score (0.8785) satisfying all retinal preservation constraints.
aptos_0988,PATH_A,1.3523,False,29.9093,1893.6092,2.9652,32.0144,0.9693,1.4826,0.6783,Selected PATH_A with highest valid ARPS score (1.3523) satisfying all retinal preservation constraints.
aptos_2657,PATH_C,0.9955,False,15.464,3362.0983,2.9652,7.5349,0.975,1.4826,0.5762,Selected PATH_C with highest valid ARPS score (0.9955) satisfying all retinal preservation constraints.
aptos_0814,PATH_C,0.8557,False,15.4938,2534.4813,2.9652,8.3036,0.97,1.4826,-0.8967,Selected PATH_C with highest valid ARPS score (0.8557) satisfying all retinal preservation constraints.
aptos_2411,PATH_C,1.5536,False,20.9249,857.3079,1.4826,9.7036,0.9601,0.0,0.7041,Selected PATH_C with highest valid ARPS score (1.5536) satisfying all retinal preservation constraints.
aptos_2909,PATH_A,1.379,False,21.684,1168.8472,2.9652,27.5967,0.9596,1.4826,3.6831,Selected PATH_A with highest valid ARPS score (1.3790) satisfying all retinal preservation constraints.
aptos_2446,PATH_A,1.4356,False,17.5105,3127.6054,2.9652,12.8981,0.9812,1.4826,4.727,Selected PATH_A with highest valid ARPS score (1.4356) satisfying all retinal preservation constraints.
aptos_1559,PATH_B,0.3854,False,21.45,565.8534,1.4826,19.9987,0.9108,0.0,-0.9913,Selected PATH_B with highest valid ARPS score (0.3854) satisfying all retinal preservation constraints.
aptos_0392,PATH_C,1.3883,False,13.7624,1729.6817,2.9652,7.8953,0.9737,1.4826,-0.5813,Selected PATH_C with highest valid ARPS score (1.3883) satisfying all retinal preservation constraints.
aptos_3061,PATH_A,1.4234,False,18.9866,2388.9729,2.9652,15.891,0.9778,1.4826,4.6823,Selected PATH_A with highest valid ARPS score (1.4234) satisfying all retinal preservation constraints.
aptos_1841,PATH_A,1.4074,False,19.2004,1899.3199,2.9652,18.4131,0.9732,1.4826,3.5031,Selected PATH_A with highest valid ARPS score (1.4074) satisfying all retinal preservation constraints.
aptos_0802,PATH_A,1.1708,False,23.402,4076.6796,2.9652,23.0243,0.9606,1.4826,3.484,Selected PATH_A with highest valid ARPS score (1.1708) satisfying all retinal preservation constraints.
aptos_2568,PATH_A,1.5446,False,14.2623,825.0507,1.4826,21.7928,0.9655,0.0,3.591,Selected PATH_A with highest valid ARPS score (1.5446) satisfying all retinal preservation constraints.
aptos_1561,PATH_C,1.0945,False,15.6061,1811.2167,2.9652,7.7354,0.9723,1.4826,2.6249,Selected PATH_C with highest valid ARPS score (1.0945) satisfying all retinal preservation constraints.
aptos_2740,PATH_C,0.575,False,14.6878,1459.2976,2.9652,10.0416,0.9705,1.4826,-2.605,Selected PATH_C with highest valid ARPS score (0.5750) satisfying all retinal preservation constraints.
aptos_2096,PATH_A,1.3191,False,21.5883,6760.0879,4.4478,16.5356,0.9804,1.4826,3.0788,Selected PATH_A with highest valid ARPS score (1.3191) satisfying all retinal preservation constraints.
aptos_0825,PATH_A,1.4383,False,18.4031,3980.0815,2.9652,12.5285,0.9771,1.4826,5.1975,Selected PATH_A with highest valid ARPS score (1.4383) satisfying all retinal preservation constraints.
aptos_0056,PATH_A,1.4346,False,14.541,1835.7595,2.9652,13.4986,0.9751,1.4826,4.0316,Selected PATH_A with highest valid ARPS score (1.4346) satisfying all retinal preservation constraints.
aptos_1658,PATH_C,1.4077,False,13.0957,2139.1769,2.9652,7.531,0.9758,1.4826,-2.278,Selected PATH_C with highest valid ARPS score (1.4077) satisfying all retinal preservation constraints.
aptos_0646,PATH_A,1.431,False,14.3573,1862.5763,2.9652,12.4433,0.9777,1.4826,3.3277,Selected PATH_A with highest valid ARPS score (1.4310) satisfying all retinal preservation constraints.
aptos_0967,PATH_B,0.4462,False,19.9034,679.7708,1.4826,19.035,0.9035,-1.4826,-2.5854,Selected PATH_B with highest valid ARPS score (0.4462) satisfying all retinal preservation constraints.
aptos_1988,PATH_A,1.3777,False,25.0303,2395.4957,2.9652,26.7218,0.9825,1.4826,3.0676,Selected PATH_A with highest valid ARPS score (1.3777) satisfying all retinal preservation constraints.
aptos_3131,PATH_C,0.824,False,15.8762,2429.2252,2.9652,6.9945,0.9613,1.4826,4.9837,Selected PATH_C with highest valid ARPS score (0.8240) satisfying all retinal preservation constraints.
aptos_0373,PATH_B,0.4043,False,18.9016,634.957,1.4826,17.6707,0.9103,0.0,-0.8755,Selected PATH_B with highest valid ARPS score (0.4043) satisfying all retinal preservation constraints.
aptos_1391,PATH_A,1.3821,False,27.5973,2048.8609,2.9652,21.2564,0.9782,1.4826,0.2383,Selected PATH_A with highest valid ARPS score (1.3821) satisfying all retinal preservation constraints.
aptos_1956,PATH_C,1.4421,False,20.0934,985.2318,2.9652,8.2005,0.9681,1.4826,4.6202,Selected PATH_C with highest valid ARPS score (1.4421) satisfying all retinal preservation constraints.
aptos_3593,PATH_A,1.5342,False,17.0538,1108.742,1.4826,23.2491,0.9748,0.0,3.4381,Selected PATH_A with highest valid ARPS score (1.5342) satisfying all retinal preservation constraints.
aptos_2652,PATH_A,1.4639,False,15.976,2574.0001,2.9652,11.1526,0.9805,1.4826,6.3171,Selected PATH_A with highest valid ARPS score (1.4639) satisfying all retinal preservation constraints.
aptos_1110,PATH_A,1.1044,False,13.9902,3255.612,2.9652,11.9323,0.9747,1.4826,2.3288,Selected PATH_A with highest valid ARPS score (1.1044) satisfying all retinal preservation constraints.
aptos_2746,PATH_B,0.4133,False,15.7314,561.4824,1.4826,15.9494,0.9261,0.0,0.6985,Selected PATH_B with highest valid ARPS score (0.4133) satisfying all retinal preservation constraints.
aptos_1351,PATH_C,0.9645,False,15.2107,2770.3812,2.9652,9.6063,0.9781,1.4826,0.8287,Selected PATH_C with highest valid ARPS score (0.9645) satisfying all retinal preservation constraints.
aptos_0983,PATH_C,1.4352,False,13.2407,1424.3838,2.9652,7.2924,0.9734,1.4826,2.017,Selected PATH_C with highest valid ARPS score (1.4352) satisfying all retinal preservation constraints.
aptos_0292,PATH_B,0.3849,False,18.5032,597.1888,1.4826,15.4557,0.9101,0.0,-0.5766,Selected PATH_B with highest valid ARPS score (0.3849) satisfying all retinal preservation constraints.
aptos_0320,PATH_A,1.433,False,13.0032,2253.0944,2.9652,13.4366,0.9695,1.4826,3.4874,Selected PATH_A with highest valid ARPS score (1.4330) satisfying all retinal preservation constraints.
aptos_0473,PATH_B,0.4979,False,27.5661,1019.8661,1.4826,22.5058,0.9301,0.0,1.5844,Selected PATH_B with highest valid ARPS score (0.4979) satisfying all retinal preservation constraints.
aptos_3488,PATH_A,1.5623,False,14.2583,974.3428,1.4826,11.7902,0.9722,0.0,2.4015,Selected PATH_A with highest valid ARPS score (1.5623) satisfying all retinal preservation constraints.
aptos_2062,PATH_C,1.0693,False,19.2838,3499.9994,2.9652,7.8614,0.9808,1.4826,2.9436,Selected PATH_C with highest valid ARPS score (1.0693) satisfying all retinal preservation constraints.
aptos_2491,PATH_A,1.3266,False,29.9559,4947.9086,2.9652,27.2306,0.9706,1.4826,1.8564,Selected PATH_A with highest valid ARPS score (1.3266) satisfying all retinal preservation constraints.
aptos_1261,PATH_A,1.5042,False,24.6847,1113.1286,1.4826,32.6821,0.979,0.0,4.2458,Selected PATH_A with highest valid ARPS score (1.5042) satisfying all retinal preservation constraints.
aptos_1041,PATH_C,0.9288,False,16.0386,3341.0153,2.9652,8.529,0.9762,1.4826,-3.8129,Selected PATH_C with highest valid ARPS score (0.9288) satisfying all retinal preservation constraints.
aptos_1725,PATH_B,0.4045,False,14.1691,533.9166,1.4826,13.3084,0.9008,0.0,-0.0039,Selected PATH_B with highest valid ARPS score (0.4045) satisfying all retinal preservation constraints.
aptos_2021,PATH_C,0.9614,False,18.6431,3992.885,2.9652,7.5862,0.9766,1.4826,-3.6201,Selected PATH_C with highest valid ARPS score (0.9614) satisfying all retinal preservation constraints.
aptos_1007,PATH_A,1.3891,False,23.162,2035.35,2.9652,25.619,0.9612,1.4826,4.7473,Selected PATH_A with highest valid ARPS score (1.3891) satisfying all retinal preservation constraints.
aptos_1395,PATH_C,1.4199,False,13.9272,1386.2043,2.9652,8.0929,0.9704,1.4826,0.325,Selected PATH_C with highest valid ARPS score (1.4199) satisfying all retinal preservation constraints.
aptos_2263,PATH_A,1.4486,False,16.5208,2221.4176,2.9652,16.4794,0.9755,1.4826,6.5419,Selected PATH_A with highest valid ARPS score (1.4486) satisfying all retinal preservation constraints.
aptos_1386,PATH_A,1.4116,False,17.8939,2072.5862,2.9652,17.9935,0.9795,1.4826,3.6256,Selected PATH_A with highest valid ARPS score (1.4116) satisfying all retinal preservation constraints.
aptos_2998,PATH_C,1.4425,False,13.0419,1427.7423,2.9652,6.8299,0.976,1.4826,3.682,Selected PATH_C with highest valid ARPS score (1.4425) satisfying all retinal preservation constraints.
aptos_2581,PATH_C,1.3518,False,11.4535,1879.5789,2.9652,8.6327,0.9731,1.4826,-3.5146,Selected PATH_C with highest valid ARPS score (1.3518) satisfying all retinal preservation constraints.
aptos_1580,PATH_A,1.4166,False,18.1063,2534.0218,2.9652,19.3205,0.9706,1.4826,4.8684,Selected PATH_A with highest valid ARPS score (1.4166) satisfying all retinal preservation constraints.
aptos_2604,PATH_A,1.4345,False,14.1577,1807.3648,2.9652,12.4524,0.9765,1.4826,3.6379,Selected PATH_A with highest valid ARPS score (1.4345) satisfying all retinal preservation constraints.
aptos_0569,PATH_A,1.0021,False,14.0511,3582.0023,2.9652,10.9112,0.9686,1.4826,2.3068,Selected PATH_A with highest valid ARPS score (1.0021) satisfying all retinal preservation constraints.
aptos_0773,PATH_A,1.4133,False,20.7193,4459.3226,2.9652,17.4982,0.9694,1.4826,4.3692,Selected PATH_A with highest valid ARPS score (1.4133) satisfying all retinal preservation constraints.
aptos_0232,PATH_A,1.5243,False,24.0693,1108.8818,1.4826,24.6895,0.9678,0.0,3.8003,Selected PATH_A with highest valid ARPS score (1.5243) satisfying all retinal preservation constraints.
aptos_2422,PATH_A,1.4417,False,16.5458,2501.9439,2.9652,16.7014,0.953,1.4826,6.1928,Selected PATH_A with highest valid ARPS score (1.4417) satisfying all retinal preservation constraints.
aptos_2074,PATH_C,0.7455,False,18.6516,4611.1519,2.9652,8.0588,0.9794,1.4826,0.2215,Selected PATH_C with highest valid ARPS score (0.7455) satisfying all retinal preservation constraints.
aptos_3519,PATH_C,1.0854,False,15.8742,1611.9331,2.9652,7.1858,0.9766,1.4826,4.0178,Selected PATH_C with highest valid ARPS score (1.0854) satisfying all retinal preservation constraints.
aptos_0044,PATH_B,0.4194,False,16.3945,624.566,1.4826,16.4265,0.9283,0.0,0.9353,Selected PATH_B with highest valid ARPS score (0.4194) satisfying all retinal preservation constraints.
aptos_3331,PATH_B,0.4689,False,20.1049,534.4894,1.4826,22.3093,0.903,-1.4826,-0.4835,Selected PATH_B with highest valid ARPS score (0.4689) satisfying all retinal preservation constraints.
aptos_2198,PATH_C,1.3876,False,13.8546,1809.2888,2.9652,7.9206,0.9754,1.4826,-0.256,Selected PATH_C with highest valid ARPS score (1.3876) satisfying all retinal preservation constraints.
aptos_1945,PATH_A,1.404,False,19.4577,2363.9529,2.9652,18.2351,0.9796,1.4826,2.8289,Selected PATH_A with highest valid ARPS score (1.4040) satisfying all retinal preservation constraints.
aptos_2997,PATH_C,0.9074,False,15.8975,2843.6544,2.9652,8.4175,0.9744,1.4826,-0.1646,Selected PATH_C with highest valid ARPS score (0.9074) satisfying all retinal preservation constraints.
aptos_2714,PATH_B,0.4757,False,21.4799,826.0674,1.4826,21.1667,0.9075,0.0,-2.1947,Selected PATH_B with highest valid ARPS score (0.4757) satisfying all retinal preservation constraints.
aptos_1866,PATH_A,1.4085,False,19.0248,1581.0818,2.9652,18.6348,0.9831,1.4826,3.6298,Selected PATH_A with highest valid ARPS score (1.4085) satisfying all retinal preservation constraints.
aptos_3317,PATH_A,1.0602,False,18.7575,4650.2372,2.9652,14.1933,0.9732,1.4826,2.6466,Selected PATH_A with highest valid ARPS score (1.0602) satisfying all retinal preservation constraints.
aptos_0053,PATH_A,1.5645,False,14.6037,829.3634,1.4826,17.5841,0.9712,0.0,4.3812,Selected PATH_A with highest valid ARPS score (1.5645) satisfying all retinal preservation constraints.
aptos_2927,PATH_C,1.4993,False,13.1193,1195.0966,2.9652,7.0552,0.9739,1.4826,6.3901,Selected PATH_C with highest valid ARPS score (1.4993) satisfying all retinal preservation constraints.
aptos_3591,PATH_C,1.1919,False,17.8544,2752.4604,2.9652,8.1475,0.9751,1.4826,2.615,Selected PATH_C with highest valid ARPS score (1.1919) satisfying all retinal preservation constraints.
aptos_0724,PATH_C,1.3598,False,18.2727,2337.7664,2.9652,6.6326,0.975,1.4826,6.6523,Selected PATH_C with highest valid ARPS score (1.3598) satisfying all retinal preservation constraints.
aptos_3523,PATH_B,0.4328,False,17.9523,567.9847,1.4826,18.4156,0.9272,0.0,0.435,Selected PATH_B with highest valid ARPS score (0.4328) satisfying all retinal preservation constraints.
aptos_2661,PATH_A,1.4084,False,25.1628,3611.7664,2.9652,18.972,0.982,1.4826,4.9882,Selected PATH_A with highest valid ARPS score (1.4084) satisfying all retinal preservation constraints.
aptos_0498,PATH_A,1.3918,False,23.3687,3202.7623,2.9652,23.2267,0.9811,1.4826,3.7628,Selected PATH_A with highest valid ARPS score (1.3918) satisfying all retinal preservation constraints.
aptos_2823,PATH_C,0.8079,False,17.1459,3071.8548,2.9652,9.2543,0.9745,1.4826,-1.3724,Selected PATH_C with highest valid ARPS score (0.8079) satisfying all retinal preservation constraints.
aptos_1555,PATH_A,1.4093,False,20.3074,1986.882,2.9652,19.9407,0.97,1.4826,4.7092,Selected PATH_A with highest valid ARPS score (1.4093) satisfying all retinal preservation constraints.
aptos_1317,PATH_A,1.411,False,20.4432,2114.7378,2.9652,21.3883,0.9718,1.4826,5.5243,Selected PATH_A with highest valid ARPS score (1.4110) satisfying all retinal preservation constraints.
aptos_3652,PATH_A,1.4169,False,16.3823,1517.1553,2.9652,17.5047,0.9643,1.4826,3.9291,Selected PATH_A with highest valid ARPS score (1.4169) satisfying all retinal preservation constraints.
aptos_3086,PATH_A,1.4716,False,14.5857,2296.1747,2.9652,12.2743,0.9786,1.4826,6.4297,Selected PATH_A with highest valid ARPS score (1.4716) satisfying all retinal preservation constraints.
aptos_2134,PATH_C,0.7879,False,21.0437,4516.0352,2.9652,7.4116,0.9714,1.4826,3.5172,Selected PATH_C with highest valid ARPS score (0.7879) satisfying all retinal preservation constraints.
aptos_2459,PATH_C,0.9663,False,16.7618,3716.9309,2.9652,7.6885,0.9679,1.4826,-3.9316,Selected PATH_C with highest valid ARPS score (0.9663) satisfying all retinal preservation constraints.
aptos_2629,PATH_A,1.3405,False,35.4243,2956.9815,2.9652,33.9956,0.9754,1.4826,-2.1151,Selected PATH_A with highest valid ARPS score (1.3405) satisfying all retinal preservation constraints.
aptos_3618,PATH_A,1.3778,False,28.5115,3647.3428,2.9652,30.6974,0.9779,1.4826,6.2604,Selected PATH_A with highest valid ARPS score (1.3778) satisfying all retinal preservation constraints.
aptos_3623,PATH_A,1.3746,False,25.1974,1890.2725,2.9652,25.7635,0.9756,1.4826,1.7522,Selected PATH_A with highest valid ARPS score (1.3746) satisfying all retinal preservation constraints.
aptos_1892,PATH_A,1.4402,False,16.2477,2157.1757,2.9652,13.5709,0.9709,1.4826,5.1053,Selected PATH_A with highest valid ARPS score (1.4402) satisfying all retinal preservation constraints.
aptos_2076,PATH_A,1.4422,False,17.0355,2805.1365,2.9652,16.2062,0.9799,1.4826,6.1444,Selected PATH_A with highest valid ARPS score (1.4422) satisfying all retinal preservation constraints.
aptos_0692,PATH_C,1.5871,False,16.7302,821.0519,1.4826,6.9774,0.9619,0.0,4.3096,Selected PATH_C with highest valid ARPS score (1.5871) satisfying all retinal preservation constraints.
aptos_3529,PATH_A,1.42,False,24.305,1920.2249,2.9652,22.2809,0.972,1.4826,8.2067,Selected PATH_A with highest valid ARPS score (1.4200) satisfying all retinal preservation constraints.
aptos_1852,PATH_A,1.456,False,14.2054,2435.5022,2.9652,10.6659,0.9746,1.4826,5.0217,Selected PATH_A with highest valid ARPS score (1.4560) satisfying all retinal preservation constraints.
aptos_2059,PATH_B,0.4794,False,18.4142,501.0814,1.4826,22.8903,0.8783,0.0,3.3761,Selected PATH_B with highest valid ARPS score (0.4794) satisfying all retinal preservation constraints.
aptos_0519,PATH_C,0.9595,False,20.2329,4576.4604,2.9652,6.77,0.9764,1.4826,-0.0519,Selected PATH_C with highest valid ARPS score (0.9595) satisfying all retinal preservation constraints.
aptos_3298,PATH_C,0.8516,False,10.6838,967.7007,1.4826,10.3457,0.951,0.0,-1.8365,Selected PATH_C with highest valid ARPS score (0.8516) satisfying all retinal preservation constraints.
aptos_0103,PATH_A,1.4057,False,25.2213,4044.4607,2.9652,17.0844,0.9803,1.4826,3.3182,Selected PATH_A with highest valid ARPS score (1.4057) satisfying all retinal preservation constraints.
aptos_0696,PATH_A,1.4029,False,21.8408,2090.1588,2.9652,17.3411,0.9756,1.4826,2.5169,Selected PATH_A with highest valid ARPS score (1.4029) satisfying all retinal preservation constraints.
aptos_1964,PATH_C,0.9981,False,15.4877,3096.2396,2.9652,8.3724,0.972,1.4826,-0.5083,Selected PATH_C with highest valid ARPS score (0.9981) satisfying all retinal preservation constraints.
aptos_0941,PATH_A,1.4434,False,15.7472,2274.8773,2.9652,15.2528,0.9766,1.4826,5.5862,Selected PATH_A with highest valid ARPS score (1.4434) satisfying all retinal preservation constraints.
aptos_3649,PATH_B,0.4709,False,19.3167,449.9521,1.4826,26.567,0.8628,0.0,2.1072,Selected PATH_B with highest valid ARPS score (0.4709) satisfying all retinal preservation constraints.
aptos_1747,PATH_B,0.3838,False,16.4606,555.5077,1.4826,13.6395,0.905,0.0,-0.76,Selected PATH_B with highest valid ARPS score (0.3838) satisfying all retinal preservation constraints.
aptos_0384,PATH_A,1.417,False,18.4102,1587.7744,2.9652,17.9063,0.9751,1.4826,4.4666,Selected PATH_A with highest valid ARPS score (1.4170) satisfying all retinal preservation constraints.
aptos_2044,PATH_A,1.4404,False,20.2827,3210.8862,2.9652,15.4347,0.9824,1.4826,6.887,Selected PATH_A with highest valid ARPS score (1.4404) satisfying all retinal preservation constraints.
aptos_0171,PATH_A,1.3478,False,33.3232,2378.0829,2.9652,30.5567,0.9731,1.4826,-3.0774,Selected PATH_A with highest valid ARPS score (1.3478) satisfying all retinal preservation constraints.
aptos_1902,PATH_C,1.2105,False,18.0203,2641.9658,2.9652,8.1394,0.974,1.4826,-1.851,Selected PATH_C with highest valid ARPS score (1.2105) satisfying all retinal preservation constraints.
aptos_0386,PATH_A,1.4138,False,18.9345,2288.4187,2.9652,21.7294,0.971,1.4826,5.5631,Selected PATH_A with highest valid ARPS score (1.4138) satisfying all retinal preservation constraints.
aptos_2514,PATH_B,0.3895,False,19.3356,525.5659,1.4826,17.8082,0.9017,0.0,-0.2171,Selected PATH_B with highest valid ARPS score (0.3895) satisfying all retinal preservation constraints.
aptos_0206,PATH_A,1.3855,False,24.5193,2624.7376,2.9652,21.8052,0.9751,1.4826,1.6525,Selected PATH_A with highest valid ARPS score (1.3855) satisfying all retinal preservation constraints.
aptos_1587,PATH_A,1.4995,False,20.4028,1252.3793,1.4826,34.7759,0.9635,0.0,3.8866,Selected PATH_A with highest valid ARPS score (1.4995) satisfying all retinal preservation constraints.
aptos_1624,PATH_A,1.4617,False,15.9618,2526.4752,2.9652,11.6502,0.978,1.4826,6.2685,Selected PATH_A with highest valid ARPS score (1.4617) satisfying all retinal preservation constraints.
aptos_1255,PATH_C,0.7018,False,14.4438,596.8985,1.4826,10.5914,0.955,0.0,-1.3063,Selected PATH_C with highest valid ARPS score (0.7018) satisfying all retinal preservation constraints.
aptos_0919,PATH_A,1.3413,False,19.4096,2811.0223,2.9652,26.4593,0.9789,1.4826,4.6989,Selected PATH_A with highest valid ARPS score (1.3413) satisfying all retinal preservation constraints.
aptos_1874,PATH_C,1.0152,False,15.384,3337.7057,2.9652,8.0246,0.9778,1.4826,-0.3886,Selected PATH_C with highest valid ARPS score (1.0152) satisfying all retinal preservation constraints.
aptos_0987,PATH_C,0.8501,False,17.1373,2796.5862,2.9652,7.2039,0.9736,1.4826,3.2481,Selected PATH_C with highest valid ARPS score (0.8501) satisfying all retinal preservation constraints.
aptos_3477,PATH_A,1.4169,False,16.3823,1517.1553,2.9652,17.5047,0.9643,1.4826,3.9291,Selected PATH_A with highest valid ARPS score (1.4169) satisfying all retinal preservation constraints.
aptos_2260,PATH_A,1.3823,False,21.8095,3021.4948,2.9652,26.0473,0.9803,1.4826,3.2332,Selected PATH_A with highest valid ARPS score (1.3823) satisfying all retinal preservation constraints.
aptos_2941,PATH_C,1.3113,False,13.9225,2517.7701,2.9652,8.3049,0.9729,1.4826,-4.888,Selected PATH_C with highest valid ARPS score (1.3113) satisfying all retinal preservation constraints.
aptos_0374,PATH_A,1.259,False,19.0396,648.0171,1.4826,25.3995,0.9601,1.4826,4.9041,Selected PATH_A with highest valid ARPS score (1.2590) satisfying all retinal preservation constraints.
aptos_1042,PATH_A,1.3203,False,23.9111,2727.703,1.4826,39.9738,0.9513,0.0,5.9213,Selected PATH_A with highest valid ARPS score (1.3203) satisfying all retinal preservation constraints.
aptos_1314,PATH_A,1.381,False,22.6726,4018.5368,2.9652,21.5942,0.9804,1.4826,0.14,Selected PATH_A with highest valid ARPS score (1.3810) satisfying all retinal preservation constraints.
aptos_0202,PATH_A,1.4651,False,14.8749,2455.6276,2.9652,12.6432,0.9795,1.4826,6.2341,Selected PATH_A with highest valid ARPS score (1.4651) satisfying all retinal preservation constraints.
aptos_0545,PATH_B,0.3959,False,16.2326,684.9424,1.4826,14.0652,0.9108,0.0,0.4466,Selected PATH_B with highest valid ARPS score (0.3959) satisfying all retinal preservation constraints.
aptos_2986,PATH_C,1.1105,False,13.7351,2777.8524,2.9652,9.4572,0.9747,1.4826,0.4009,Selected PATH_C with highest valid ARPS score (1.1105) satisfying all retinal preservation constraints.
aptos_2288,PATH_C,0.92,False,13.9651,2650.0342,2.9652,7.9649,0.9698,1.4826,-0.6534,Selected PATH_C with highest valid ARPS score (0.9200) satisfying all retinal preservation constraints.
aptos_1185,PATH_A,1.4105,False,24.2977,4017.5107,2.9652,18.7225,0.9764,1.4826,5.1546,Selected PATH_A with highest valid ARPS score (1.4105) satisfying all retinal preservation constraints.
aptos_1627,PATH_A,1.4167,False,17.0153,2186.6078,2.9652,12.8403,0.9746,1.4826,2.1357,Selected PATH_A with highest valid ARPS score (1.4167) satisfying all retinal preservation constraints.
aptos_1088,PATH_A,1.3532,False,28.1541,2681.5341,2.9652,34.9662,0.9865,1.4826,3.0414,Selected PATH_A with highest valid ARPS score (1.3532) satisfying all retinal preservation constraints.
aptos_0742,PATH_A,1.1067,False,16.0756,3382.8159,2.9652,14.1207,0.9677,1.4826,0.8635,Selected PATH_A with highest valid ARPS score (1.1067) satisfying all retinal preservation constraints.
aptos_2989,PATH_A,1.1009,False,16.6244,3238.1348,2.9652,14.3448,0.9573,1.4826,1.6313,Selected PATH_A with highest valid ARPS score (1.1009) satisfying all retinal preservation constraints.
aptos_2737,PATH_C,1.6209,False,17.2506,776.2693,1.4826,7.1147,0.96,0.0,7.7192,Selected PATH_C with highest valid ARPS score (1.6209) satisfying all retinal preservation constraints.
aptos_2136,PATH_A,0.9995,False,14.9962,3187.9003,2.9652,12.1783,0.9652,1.4826,2.4026,Selected PATH_A with highest valid ARPS score (0.9995) satisfying all retinal preservation constraints.
aptos_2159,PATH_A,1.2038,True,35.0392,4988.5435,4.4478,31.7939,0.9739,2.9652,-4.5672,No candidate met all strict constraints. Selected PATH_A under documented fallback policy (least constraint penalty violation).
aptos_3309,PATH_B,0.4103,False,18.5731,714.9277,1.4826,15.8417,0.9225,0.0,-0.4418,Selected PATH_B with highest valid ARPS score (0.4103) satisfying all retinal preservation constraints.
aptos_3016,PATH_B,0.3998,False,17.8827,646.6184,1.4826,15.2765,0.9084,0.0,0.2377,Selected PATH_B with highest valid ARPS score (0.3998) satisfying all retinal preservation constraints.
aptos_2579,PATH_C,0.917,False,14.7368,2808.3288,2.9652,7.7536,0.9714,1.4826,0.4904,Selected PATH_C with highest valid ARPS score (0.9170) satisfying all retinal preservation constraints.
aptos_0684,PATH_A,1.4159,False,17.717,2325.8809,2.9652,20.4044,0.9613,1.4826,5.1064,Selected PATH_A with highest valid ARPS score (1.4159) satisfying all retinal preservation constraints.
aptos_3311,PATH_A,1.3764,False,25.9791,2910.8197,2.9652,30.2358,0.9619,1.4826,5.3969,Selected PATH_A with highest valid ARPS score (1.3764) satisfying all retinal preservation constraints.
aptos_1912,PATH_A,1.3785,False,24.233,2452.8128,2.9652,23.1527,0.9609,1.4826,1.0343,Selected PATH_A with highest valid ARPS score (1.3785) satisfying all retinal preservation constraints.
aptos_3122,PATH_B,0.3892,False,19.5868,501.31,1.4826,17.2516,0.9017,0.0,-0.3408,Selected PATH_B with highest valid ARPS score (0.3892) satisfying all retinal preservation constraints.
aptos_0127,PATH_B,0.6874,False,20.155,412.2134,0.0,25.6314,0.8932,-1.4826,3.5094,Selected PATH_B with highest valid ARPS score (0.6874) satisfying all retinal preservation constraints.
aptos_3103,PATH_A,1.4075,False,16.595,2064.3298,2.9652,18.392,0.9687,1.4826,3.0723,Selected PATH_A with highest valid ARPS score (1.4075) satisfying all retinal preservation constraints.
aptos_2144,PATH_C,0.8512,False,14.2633,2799.1593,2.9652,7.1606,0.9648,1.4826,-1.8063,Selected PATH_C with highest valid ARPS score (0.8512) satisfying all retinal preservation constraints.
aptos_0586,PATH_C,1.4121,False,12.6807,1690.6592,2.9652,7.6775,0.9781,1.4826,1.3245,Selected PATH_C with highest valid ARPS score (1.4121) satisfying all retinal preservation constraints.
aptos_1231,PATH_A,1.4285,False,18.8367,3142.4332,2.9652,16.1043,0.9728,1.4826,5.387,Selected PATH_A with highest valid ARPS score (1.4285) satisfying all retinal preservation constraints.
aptos_2780,PATH_C,0.87,False,16.5313,2777.7034,2.9652,8.1532,0.9727,1.4826,1.318,Selected PATH_C with highest valid ARPS score (0.8700) satisfying all retinal preservation constraints.
aptos_2004,PATH_A,1.4394,False,14.7978,2470.449,2.9652,14.4414,0.9706,1.4826,4.7857,Selected PATH_A with highest valid ARPS score (1.4394) satisfying all retinal preservation constraints.
aptos_0711,PATH_C,1.4834,False,15.3977,1156.8082,2.9652,6.3626,0.9661,1.4826,6.545,Selected PATH_C with highest valid ARPS score (1.4834) satisfying all retinal preservation constraints.
aptos_0032,PATH_A,1.3851,False,25.0349,3138.2182,2.9652,25.983,0.9829,1.4826,4.2337,Selected PATH_A with highest valid ARPS score (1.3851) satisfying all retinal preservation constraints.
aptos_0096,PATH_C,0.6473,False,14.2746,1177.685,1.4826,10.1424,0.9685,0.0,-4.8772,Selected PATH_C with highest valid ARPS score (0.6473) satisfying all retinal preservation constraints.
aptos_3073,PATH_A,1.3932,False,20.262,1851.0558,2.9652,24.3246,0.9629,1.4826,4.2143,Selected PATH_A with highest valid ARPS score (1.3932) satisfying all retinal preservation constraints.
aptos_1742,PATH_C,1.5996,False,16.2065,791.1522,1.4826,6.8993,0.9666,0.0,5.3493,Selected PATH_C with highest valid ARPS score (1.5996) satisfying all retinal preservation constraints.
aptos_2181,PATH_C,0.9931,False,14.7432,3400.4684,2.9652,7.4829,0.9715,1.4826,-4.9194,Selected PATH_C with highest valid ARPS score (0.9931) satisfying all retinal preservation constraints.
aptos_3337,PATH_A,0.8888,False,15.1617,3054.7238,2.9652,13.3036,0.9552,1.4826,0.4757,Selected PATH_A with highest valid ARPS score (0.8888) satisfying all retinal preservation constraints.
aptos_1139,PATH_A,1.0528,False,19.5618,3623.3427,2.9652,15.4253,0.9685,1.4826,2.1151,Selected PATH_A with highest valid ARPS score (1.0528) satisfying all retinal preservation constraints.
aptos_0184,PATH_C,1.0029,False,14.5759,3220.6171,2.9652,7.8027,0.9656,1.4826,-4.117,Selected PATH_C with highest valid ARPS score (1.0029) satisfying all retinal preservation constraints.
aptos_1135,PATH_C,1.1622,False,13.7391,2153.0018,2.9652,7.1259,0.9806,1.4826,3.698,Selected PATH_C with highest valid ARPS score (1.1622) satisfying all retinal preservation constraints.
aptos_1486,PATH_A,1.3499,False,36.7961,3928.3979,2.9652,31.7726,0.9795,1.4826,-0.837,Selected PATH_A with highest valid ARPS score (1.3499) satisfying all retinal preservation constraints.
aptos_1607,PATH_C,1.1798,False,13.4273,1756.7984,2.9652,10.1603,0.9756,1.4826,-2.0571,Selected PATH_C with highest valid ARPS score (1.1798) satisfying all retinal preservation constraints.
aptos_2039,PATH_A,1.4308,False,13.8391,2017.9226,2.9652,13.9371,0.9703,1.4826,3.6382,Selected PATH_A with highest valid ARPS score (1.4308) satisfying all retinal preservation constraints.
aptos_2837,PATH_A,1.327,False,29.5818,3726.0448,2.9652,27.2692,0.9831,1.4826,-0.6073,Selected PATH_A with highest valid ARPS score (1.3270) satisfying all retinal preservation constraints.
aptos_2898,PATH_C,0.8974,False,15.1137,2800.1402,2.9652,8.6987,0.9682,1.4826,-3.5863,Selected PATH_C with highest valid ARPS score (0.8974) satisfying all retinal preservation constraints.
aptos_2171,PATH_A,1.4079,False,17.4218,2850.6247,2.9652,17.0555,0.9777,1.4826,2.6388,Selected PATH_A with highest valid ARPS score (1.4079) satisfying all retinal preservation constraints.
aptos_2065,PATH_A,1.4535,False,17.2998,1899.4949,2.9652,11.267,0.9679,1.4826,6.0846,Selected PATH_A with highest valid ARPS score (1.4535) satisfying all retinal preservation constraints.
aptos_1803,PATH_A,1.3946,False,21.7497,2176.8346,2.9652,21.8329,0.9718,1.4826,3.4101,Selected PATH_A with highest valid ARPS score (1.3946) satisfying all retinal preservation constraints.
aptos_1911,PATH_A,1.4171,False,19.1062,1594.8728,2.9652,12.1768,0.9779,1.4826,2.1009,Selected PATH_A with highest valid ARPS score (1.4171) satisfying all retinal preservation constraints.
aptos_3392,PATH_A,1.4336,False,22.7763,1425.4295,1.4826,27.0476,0.9507,0.0,4.5183,Selected PATH_A with highest valid ARPS score (1.4336) satisfying all retinal preservation constraints.
aptos_0512,PATH_A,1.3903,False,24.9154,3798.1341,2.9652,20.0246,0.9828,1.4826,1.4683,Selected PATH_A with highest valid ARPS score (1.3903) satisfying all retinal preservation constraints.
aptos_0631,PATH_C,0.938,False,16.5602,3401.5326,2.9652,8.192,0.9705,1.4826,-1.4688,Selected PATH_C with highest valid ARPS score (0.9380) satisfying all retinal preservation constraints.
aptos_0591,PATH_C,0.9676,False,13.2023,2693.1812,2.9652,7.7747,0.9744,1.4826,-2.1529,Selected PATH_C with highest valid ARPS score (0.9676) satisfying all retinal preservation constraints.
aptos_1716,PATH_A,1.4489,False,18.4376,2034.3294,2.9652,12.0585,0.9776,1.4826,6.1935,Selected PATH_A with highest valid ARPS score (1.4489) satisfying all retinal preservation constraints.
aptos_0705,PATH_B,0.3767,False,18.7506,599.4147,1.4826,13.7945,0.9115,0.0,-0.4601,Selected PATH_B with highest valid ARPS score (0.3767) satisfying all retinal preservation constraints.
aptos_2665,PATH_B,0.5185,False,27.3286,997.3705,1.4826,19.8275,0.9291,0.0,1.5425,Selected PATH_B with highest valid ARPS score (0.5185) satisfying all retinal preservation constraints.
aptos_0516,PATH_A,1.3755,False,27.9863,4227.6329,2.9652,25.7803,0.98,1.4826,2.1388,Selected PATH_A with highest valid ARPS score (1.3755) satisfying all retinal preservation constraints.
aptos_2602,PATH_A,1.4071,False,17.0697,1243.6169,2.9652,16.615,0.9704,1.4826,2.3514,Selected PATH_A with highest valid ARPS score (1.4071) satisfying all retinal preservation constraints.
aptos_1917,PATH_C,1.4381,False,12.7038,1368.9463,2.9652,7.6224,0.9755,1.4826,2.3293,Selected PATH_C with highest valid ARPS score (1.4381) satisfying all retinal preservation constraints.
aptos_2368,PATH_B,0.3923,False,19.162,605.2113,1.4826,16.4883,0.9161,0.0,1.7209,Selected PATH_B with highest valid ARPS score (0.3923) satisfying all retinal preservation constraints.
aptos_2164,PATH_C,0.9263,False,14.1169,2690.5363,2.9652,8.3664,0.9745,1.4826,-1.1862,Selected PATH_C with highest valid ARPS score (0.9263) satisfying all retinal preservation constraints.
aptos_2315,PATH_C,0.8606,False,14.5336,2758.6513,2.9652,6.9219,0.9703,1.4826,1.1361,Selected PATH_C with highest valid ARPS score (0.8606) satisfying all retinal preservation constraints.
aptos_0406,PATH_C,0.9006,False,16.0177,3721.004,2.9652,7.5527,0.9768,1.4826,1.3922,Selected PATH_C with highest valid ARPS score (0.9006) satisfying all retinal preservation constraints.
aptos_0355,PATH_C,0.9536,False,14.6482,2889.6971,2.9652,8.2233,0.9721,1.4826,-0.3286,Selected PATH_C with highest valid ARPS score (0.9536) satisfying all retinal preservation constraints.
aptos_1659,PATH_A,1.4395,False,12.3334,1476.3044,2.9652,10.7014,0.9625,1.4826,3.2451,Selected PATH_A with highest valid ARPS score (1.4395) satisfying all retinal preservation constraints.
aptos_3003,PATH_A,1.3809,False,20.2897,2272.049,2.9652,26.9527,0.9508,1.4826,3.5679,Selected PATH_A with highest valid ARPS score (1.3809) satisfying all retinal preservation constraints.
aptos_2115,PATH_A,1.3984,False,21.4647,2420.1749,2.9652,18.495,0.9671,1.4826,2.3273,Selected PATH_A with highest valid ARPS score (1.3984) satisfying all retinal preservation constraints.
aptos_1897,PATH_A,1.3643,False,27.6298,2082.5639,2.9652,28.1701,0.979,1.4826,0.8041,Selected PATH_A with highest valid ARPS score (1.3643) satisfying all retinal preservation constraints.
aptos_1464,PATH_A,1.3984,False,17.4969,1905.9688,2.9652,19.1987,0.8944,1.4826,3.001,Selected PATH_A with highest valid ARPS score (1.3984) satisfying all retinal preservation constraints.
aptos_1832,PATH_A,1.4237,False,16.3837,2518.7248,2.9652,15.9543,0.977,1.4826,4.0973,Selected PATH_A with highest valid ARPS score (1.4237) satisfying all retinal preservation constraints.
aptos_3339,PATH_A,1.425,False,17.8091,2012.6891,2.9652,15.5945,0.9806,1.4826,4.4655,Selected PATH_A with highest valid ARPS score (1.4250) satisfying all retinal preservation constraints.
aptos_3438,PATH_A,1.5016,False,32.0864,2435.0277,1.4826,30.2076,0.983,0.0,2.597,Selected PATH_A with highest valid ARPS score (1.5016) satisfying all retinal preservation constraints.
aptos_2840,PATH_C,0.9269,False,14.2152,2879.5347,2.9652,7.5958,0.9697,1.4826,-2.7094,Selected PATH_C with highest valid ARPS score (0.9269) satisfying all retinal preservation constraints.
aptos_0033,PATH_B,0.3987,False,20.8755,447.9145,1.4826,19.9671,0.873,0.0,0.3897,Selected PATH_B with highest valid ARPS score (0.3987) satisfying all retinal preservation constraints.
aptos_0728,PATH_A,1.3178,False,30.1619,3379.7793,2.9652,27.7399,0.9768,1.4826,-1.1291,Selected PATH_A with highest valid ARPS score (1.3178) satisfying all retinal preservation constraints.
aptos_0995,PATH_A,1.3754,False,29.0564,2213.3189,2.9652,28.0443,0.9819,1.4826,3.9475,Selected PATH_A with highest valid ARPS score (1.3754) satisfying all retinal preservation constraints.
aptos_1301,PATH_C,0.8806,False,14.6296,3133.0111,2.9652,7.1226,0.9698,1.4826,-2.0441,Selected PATH_C with highest valid ARPS score (0.8806) satisfying all retinal preservation constraints.
aptos_0809,PATH_C,0.8709,False,16.506,2732.9069,2.9652,7.7249,0.975,1.4826,1.7768,Selected PATH_C with highest valid ARPS score (0.8709) satisfying all retinal preservation constraints.
aptos_3041,PATH_B,0.4693,False,19.8647,709.7929,1.4826,19.2351,0.9053,-1.4826,0.3531,Selected PATH_B with highest valid ARPS score (0.4693) satisfying all retinal preservation constraints.
aptos_3382,PATH_C,1.1381,False,13.961,2042.0033,2.9652,8.3294,0.9783,1.4826,0.861,Selected PATH_C with highest valid ARPS score (1.1381) satisfying all retinal preservation constraints.
aptos_3645,PATH_A,1.4333,False,20.1384,1853.6601,2.9652,13.6184,0.9731,1.4826,5.4831,Selected PATH_A with highest valid ARPS score (1.4333) satisfying all retinal preservation constraints.
aptos_2691,PATH_C,0.8117,False,17.328,3226.5124,2.9652,6.8915,0.9744,1.4826,-0.4863,Selected PATH_C with highest valid ARPS score (0.8117) satisfying all retinal preservation constraints.
aptos_0267,PATH_A,1.5179,False,20.0096,1061.044,1.4826,25.6196,0.9553,0.0,2.6379,Selected PATH_A with highest valid ARPS score (1.5179) satisfying all retinal preservation constraints.
aptos_2693,PATH_A,1.4468,False,17.3999,2136.1824,2.9652,11.3358,0.981,1.4826,5.417,Selected PATH_A with highest valid ARPS score (1.4468) satisfying all retinal preservation constraints.
aptos_0592,PATH_B,0.4866,False,23.0222,790.8628,1.4826,23.2375,0.9076,0.0,1.4918,Selected PATH_B with highest valid ARPS score (0.4866) satisfying all retinal preservation constraints.
aptos_2424,PATH_A,1.4063,False,23.2979,5948.0254,4.4478,18.7551,0.981,1.4826,0.4315,Selected PATH_A with highest valid ARPS score (1.4063) satisfying all retinal preservation constraints.
aptos_0048,PATH_A,1.1287,False,13.9911,3077.2028,2.9652,12.289,0.9708,1.4826,1.9404,Selected PATH_A with highest valid ARPS score (1.1287) satisfying all retinal preservation constraints.
aptos_2398,PATH_A,1.4256,False,16.9849,3115.0532,2.9652,13.3688,0.9843,1.4826,3.5247,Selected PATH_A with highest valid ARPS score (1.4256) satisfying all retinal preservation constraints.
aptos_0900,PATH_B,0.5224,False,25.0875,1261.8139,1.4826,18.8743,0.9298,0.0,2.0858,Selected PATH_B with highest valid ARPS score (0.5224) satisfying all retinal preservation constraints.
aptos_2066,PATH_C,0.8782,False,16.2375,3071.2087,2.9652,6.7962,0.9717,1.4826,1.2067,Selected PATH_C with highest valid ARPS score (0.8782) satisfying all retinal preservation constraints.
aptos_3420,PATH_C,0.9175,False,15.0292,3003.5014,2.9652,7.63,0.9699,1.4826,-2.9419,Selected PATH_C with highest valid ARPS score (0.9175) satisfying all retinal preservation constraints.
aptos_1713,PATH_A,1.4971,False,26.2876,1220.5066,1.4826,30.5695,0.9658,0.0,1.4993,Selected PATH_A with highest valid ARPS score (1.4971) satisfying all retinal preservation constraints.
aptos_0624,PATH_A,1.409,False,16.0131,1763.8422,2.9652,18.7355,0.9522,1.4826,3.4138,Selected PATH_A with highest valid ARPS score (1.4090) satisfying all retinal preservation constraints.
aptos_3432,PATH_C,0.6681,False,13.1504,1132.9809,1.4826,12.9858,0.9676,-1.4826,-2.8006,Selected PATH_C with highest valid ARPS score (0.6681) satisfying all retinal preservation constraints.
aptos_3621,PATH_B,0.3946,False,18.1265,578.2709,1.4826,16.5764,0.9129,0.0,-0.2505,Selected PATH_B with highest valid ARPS score (0.3946) satisfying all retinal preservation constraints.
aptos_0218,PATH_B,0.4155,False,16.3668,452.3423,1.4826,14.7191,0.9043,0.0,1.979,Selected PATH_B with highest valid ARPS score (0.4155) satisfying all retinal preservation constraints.
aptos_2970,PATH_A,1.426,False,19.3331,4625.227,2.9652,14.9461,0.9822,1.4826,4.72,Selected PATH_A with highest valid ARPS score (1.4260) satisfying all retinal preservation constraints.
aptos_3495,PATH_A,1.4169,False,16.4412,1340.7092,2.9652,17.8764,0.9804,1.4826,3.9294,Selected PATH_A with highest valid ARPS score (1.4169) satisfying all retinal preservation constraints.
aptos_2282,PATH_A,1.2673,False,29.5847,3638.7877,2.9652,31.2052,0.9677,1.4826,2.8366,Selected PATH_A with highest valid ARPS score (1.2673) satisfying all retinal preservation constraints.
aptos_2794,PATH_A,1.3972,False,20.1269,3445.2878,2.9652,18.8725,0.9744,1.4826,2.0703,Selected PATH_A with highest valid ARPS score (1.3972) satisfying all retinal preservation constraints.
aptos_1743,PATH_A,1.4407,False,20.0987,1894.5001,2.9652,19.1678,0.9678,1.4826,7.9779,Selected PATH_A with highest valid ARPS score (1.4407) satisfying all retinal preservation constraints.
aptos_1630,PATH_C,0.9182,False,16.0895,3544.4283,2.9652,7.2046,0.9734,1.4826,-0.0913,Selected PATH_C with highest valid ARPS score (0.9182) satisfying all retinal preservation constraints.
aptos_0534,PATH_C,1.356,False,16.2423,2149.4047,2.9652,6.3736,0.975,1.4826,3.27,Selected PATH_C with highest valid ARPS score (1.3560) satisfying all retinal preservation constraints.
aptos_2791,PATH_A,1.38,False,23.807,1670.9822,2.9652,25.0374,0.974,1.4826,2.4883,Selected PATH_A with highest valid ARPS score (1.3800) satisfying all retinal preservation constraints.
aptos_3299,PATH_A,1.252,False,14.9866,3578.6793,2.9652,13.028,0.9742,1.4826,1.1083,Selected PATH_A with highest valid ARPS score (1.2520) satisfying all retinal preservation constraints.
aptos_0726,PATH_A,1.3991,False,23.1544,5011.7377,2.9652,20.9691,0.9778,1.4826,3.9638,Selected PATH_A with highest valid ARPS score (1.3991) satisfying all retinal preservation constraints.
aptos_2064,PATH_A,1.4066,False,21.2928,2604.7998,2.9652,20.039,0.9768,1.4826,4.4855,Selected PATH_A with highest valid ARPS score (1.4066) satisfying all retinal preservation constraints.
aptos_1878,PATH_A,1.1019,False,19.7009,3951.4442,2.9652,15.195,0.9513,1.4826,3.072,Selected PATH_A with highest valid ARPS score (1.1019) satisfying all retinal preservation constraints.
aptos_3084,PATH_B,0.3867,False,16.1161,605.5502,1.4826,13.7403,0.8979,0.0,0.4577,Selected PATH_B with highest valid ARPS score (0.3867) satisfying all retinal preservation constraints.
aptos_2701,PATH_A,1.4674,False,20.4831,6056.2196,4.4478,17.9318,0.9774,1.4826,1.7569,Selected PATH_A with highest valid ARPS score (1.4674) satisfying all retinal preservation constraints.
aptos_1310,PATH_A,1.2545,False,14.7194,537.688,1.4826,30.8841,0.9718,1.4826,4.7137,Selected PATH_A with highest valid ARPS score (1.2545) satisfying all retinal preservation constraints.
aptos_0857,PATH_A,1.3853,False,25.1856,3117.7021,2.9652,26.158,0.9838,1.4826,4.3953,Selected PATH_A with highest valid ARPS score (1.3853) satisfying all retinal preservation constraints.
aptos_1593,PATH_B,0.4106,False,16.8475,685.9996,1.4826,14.8525,0.9079,0.0,1.3776,Selected PATH_B with highest valid ARPS score (0.4106) satisfying all retinal preservation constraints.
aptos_3455,PATH_A,1.3744,False,27.272,2914.759,2.9652,27.1685,0.9855,1.4826,2.7605,Selected PATH_A with highest valid ARPS score (1.3744) satisfying all retinal preservation constraints.
aptos_2439,PATH_A,1.3704,False,24.5,2687.0996,2.9652,26.9051,0.9728,1.4826,1.5051,Selected PATH_A with highest valid ARPS score (1.3704) satisfying all retinal preservation constraints.
aptos_2438,PATH_A,1.4003,False,21.6758,2939.6097,2.9652,21.9699,0.9713,1.4826,4.4772,Selected PATH_A with highest valid ARPS score (1.4003) satisfying all retinal preservation constraints.
aptos_3545,PATH_A,1.4287,False,17.0177,2864.0341,2.9652,15.2014,0.9699,1.4826,4.6333,Selected PATH_A with highest valid ARPS score (1.4287) satisfying all retinal preservation constraints.
aptos_3081,PATH_C,0.9473,False,13.4486,2990.4263,2.9652,7.0072,0.9711,1.4826,-3.4393,Selected PATH_C with highest valid ARPS score (0.9473) satisfying all retinal preservation constraints.
aptos_2516,PATH_B,0.4968,False,29.2714,595.2788,1.4826,23.9323,0.9056,0.0,-1.3805,Selected PATH_B with highest valid ARPS score (0.4968) satisfying all retinal preservation constraints.
aptos_1527,PATH_B,0.4029,False,18.354,640.6035,1.4826,15.8709,0.9004,0.0,0.994,Selected PATH_B with highest valid ARPS score (0.4029) satisfying all retinal preservation constraints.
aptos_1076,PATH_A,1.1977,False,15.747,3246.7186,2.9652,13.6724,0.9552,1.4826,1.9246,Selected PATH_A with highest valid ARPS score (1.1977) satisfying all retinal preservation constraints.
aptos_1455,PATH_A,1.3919,False,21.4601,2921.5312,2.9652,26.2156,0.9476,1.4826,5.2466,Selected PATH_A with highest valid ARPS score (1.3919) satisfying all retinal preservation constraints.
aptos_0855,PATH_C,0.7665,False,13.7177,3029.5797,2.9652,7.7383,0.9722,1.4826,-2.9442,Selected PATH_C with highest valid ARPS score (0.7665) satisfying all retinal preservation constraints.
aptos_0916,PATH_A,1.4266,False,20.9675,4486.4316,2.9652,15.2625,0.9823,1.4826,5.3356,Selected PATH_A with highest valid ARPS score (1.4266) satisfying all retinal preservation constraints.
aptos_2811,PATH_A,1.4529,False,15.8253,2367.607,2.9652,10.9213,0.98,1.4826,5.367,Selected PATH_A with highest valid ARPS score (1.4529) satisfying all retinal preservation constraints.
aptos_2098,PATH_A,1.1611,False,18.6846,3311.1254,2.9652,16.8374,0.9748,1.4826,0.3009,Selected PATH_A with highest valid ARPS score (1.1611) satisfying all retinal preservation constraints.
aptos_3241,PATH_A,1.4014,False,18.2698,2871.7906,2.9652,16.5463,0.9551,1.4826,1.6768,Selected PATH_A with highest valid ARPS score (1.4014) satisfying all retinal preservation constraints.
aptos_1259,PATH_A,1.036,False,16.6607,4028.6351,2.9652,12.9735,0.963,1.4826,2.7749,Selected PATH_A with highest valid ARPS score (1.0360) satisfying all retinal preservation constraints.
aptos_1304,PATH_B,0.3892,False,19.7225,605.1961,1.4826,16.9977,0.9091,0.0,-0.5569,Selected PATH_B with highest valid ARPS score (0.3892) satisfying all retinal preservation constraints.
aptos_3393,PATH_A,1.411,False,15.0706,1336.0795,2.9652,18.848,0.9612,1.4826,3.4109,Selected PATH_A with highest valid ARPS score (1.4110) satisfying all retinal preservation constraints.
aptos_1105,PATH_A,1.3615,False,30.6352,2756.9378,2.9652,31.8058,0.9768,1.4826,3.3271,Selected PATH_A with highest valid ARPS score (1.3615) satisfying all retinal preservation constraints.
aptos_1227,PATH_C,0.8935,False,19.3236,3451.7721,2.9652,8.5251,0.9766,1.4826,0.713,Selected PATH_C with highest valid ARPS score (0.8935) satisfying all retinal preservation constraints.
aptos_1442,PATH_A,1.4145,False,21.5985,2627.7666,2.9652,17.1327,0.9738,1.4826,4.5246,Selected PATH_A with highest valid ARPS score (1.4145) satisfying all retinal preservation constraints.
aptos_0467,PATH_A,1.0995,False,16.489,2743.7972,2.9652,14.7342,0.973,1.4826,0.9411,Selected PATH_A with highest valid ARPS score (1.0995) satisfying all retinal preservation constraints.
aptos_3639,PATH_C,1.4229,False,13.6622,1003.6399,2.9652,7.5492,0.9627,1.4826,0.6145,Selected PATH_C with highest valid ARPS score (1.4229) satisfying all retinal preservation constraints.
aptos_0766,PATH_A,1.4344,False,17.0614,1740.5988,2.9652,14.7783,0.9788,1.4826,5.0656,Selected PATH_A with highest valid ARPS score (1.4344) satisfying all retinal preservation constraints.
aptos_2287,PATH_B,0.3731,False,21.4909,526.7786,1.4826,18.1975,0.8925,0.0,-0.9969,Selected PATH_B with highest valid ARPS score (0.3731) satisfying all retinal preservation constraints.
aptos_1218,PATH_B,0.6166,False,34.2072,611.0169,0.0,22.006,0.8944,-1.4826,-3.0915,Selected PATH_B with highest valid ARPS score (0.6166) satisfying all retinal preservation constraints.
aptos_0332,PATH_A,1.0856,False,17.6238,3643.5085,2.9652,14.2091,0.9777,1.4826,2.1762,Selected PATH_A with highest valid ARPS score (1.0856) satisfying all retinal preservation constraints.
aptos_3270,PATH_B,0.5481,False,17.6167,514.7471,1.4826,26.2508,0.8757,-1.4826,3.0223,Selected PATH_B with highest valid ARPS score (0.5481) satisfying all retinal preservation constraints.
aptos_3549,PATH_A,1.5482,False,18.5817,1046.809,1.4826,20.891,0.967,0.0,4.7973,Selected PATH_A with highest valid ARPS score (1.5482) satisfying all retinal preservation constraints.
aptos_1273,PATH_B,0.3729,False,17.2852,610.6622,1.4826,14.9534,0.9057,0.0,-1.5091,Selected PATH_B with highest valid ARPS score (0.3729) satisfying all retinal preservation constraints.
aptos_2631,PATH_C,1.4428,False,18.0319,1112.3238,2.9652,8.2493,0.9743,1.4826,4.2055,Selected PATH_C with highest valid ARPS score (1.4428) satisfying all retinal preservation constraints.
aptos_1608,PATH_A,1.5374,False,19.1508,1236.0953,1.4826,21.704,0.9488,0.0,3.9488,Selected PATH_A with highest valid ARPS score (1.5374) satisfying all retinal preservation constraints.
aptos_2033,PATH_A,1.3621,False,23.6366,3923.5529,2.9652,26.1902,0.9689,1.4826,-1.4077,Selected PATH_A with highest valid ARPS score (1.3621) satisfying all retinal preservation constraints.
aptos_0485,PATH_C,0.9039,False,16.0609,2956.293,2.9652,8.6181,0.9685,1.4826,0.3553,Selected PATH_C with highest valid ARPS score (0.9039) satisfying all retinal preservation constraints.
aptos_2471,PATH_A,1.0753,False,16.2063,3850.4353,2.9652,13.5419,0.9674,1.4826,2.1644,Selected PATH_A with highest valid ARPS score (1.0753) satisfying all retinal preservation constraints.
aptos_3405,PATH_A,1.4128,False,27.1883,3365.0505,2.9652,19.4884,0.9716,1.4826,6.7049,Selected PATH_A with highest valid ARPS score (1.4128) satisfying all retinal preservation constraints.
aptos_3475,PATH_A,1.3879,False,24.1943,1548.7575,2.9652,22.6902,0.9719,1.4826,2.8569,Selected PATH_A with highest valid ARPS score (1.3879) satisfying all retinal preservation constraints.
aptos_0921,PATH_A,1.5132,False,22.6583,624.9978,1.4826,28.4151,0.9683,0.0,3.4446,Selected PATH_A with highest valid ARPS score (1.5132) satisfying all retinal preservation constraints.
aptos_2402,PATH_A,1.4558,False,24.1326,4231.721,2.9652,12.5014,0.9816,1.4826,9.0591,Selected PATH_A with highest valid ARPS score (1.4558) satisfying all retinal preservation constraints.
aptos_0751,PATH_C,1.4323,False,14.101,1151.2479,2.9652,7.4809,0.9661,1.4826,1.9063,Selected PATH_C with highest valid ARPS score (1.4323) satisfying all retinal preservation constraints.
aptos_3482,PATH_B,0.511,False,22.9037,800.2156,1.4826,20.7549,0.9281,0.0,1.367,Selected PATH_B with highest valid ARPS score (0.5110) satisfying all retinal preservation constraints.
aptos_2979,PATH_A,1.4219,False,17.1296,2558.8292,2.9652,15.4188,0.9725,1.4826,3.9308,Selected PATH_A with highest valid ARPS score (1.4219) satisfying all retinal preservation constraints.
aptos_2765,PATH_A,1.4033,False,24.8665,4884.3895,2.9652,17.1458,0.9809,1.4826,2.7267,Selected PATH_A with highest valid ARPS score (1.4033) satisfying all retinal preservation constraints.
aptos_1719,PATH_A,1.4418,False,15.3023,1901.7792,2.9652,8.7285,0.9714,1.4826,3.6269,Selected PATH_A with highest valid ARPS score (1.4418) satisfying all retinal preservation constraints.
aptos_1649,PATH_B,0.467,False,22.9472,822.8468,1.4826,20.7755,0.9056,0.0,-0.5516,Selected PATH_B with highest valid ARPS score (0.4670) satisfying all retinal preservation constraints.
aptos_0394,PATH_A,1.3922,False,20.2266,2275.6365,2.9652,23.4669,0.982,1.4826,3.4282,Selected PATH_A with highest valid ARPS score (1.3922) satisfying all retinal preservation constraints.
aptos_0271,PATH_A,1.4328,False,19.3066,3717.0028,2.9652,12.7858,0.9749,1.4826,4.8711,Selected PATH_A with highest valid ARPS score (1.4328) satisfying all retinal preservation constraints.
aptos_0964,PATH_A,1.4247,False,15.843,1964.7663,2.9652,16.4498,0.9789,1.4826,4.2006,Selected PATH_A with highest valid ARPS score (1.4247) satisfying all retinal preservation constraints.
aptos_2097,PATH_C,1.3783,False,12.7724,1801.7151,2.9652,8.4718,0.9733,1.4826,-2.9184,Selected PATH_C with highest valid ARPS score (1.3783) satisfying all retinal preservation constraints.
aptos_1986,PATH_A,1.2111,False,30.604,2299.4476,2.9652,23.7299,0.9719,1.4826,2.8163,Selected PATH_A with highest valid ARPS score (1.2111) satisfying all retinal preservation constraints.
aptos_0812,PATH_A,1.2975,False,28.8056,1215.1984,1.4826,44.8919,0.9434,0.0,3.8104,Selected PATH_A with highest valid ARPS score (1.2975) satisfying all retinal preservation constraints.
aptos_0679,PATH_A,1.4324,False,18.2666,3851.6668,2.9652,13.849,0.9612,1.4826,5.0332,Selected PATH_A with highest valid ARPS score (1.4324) satisfying all retinal preservation constraints.
aptos_2668,PATH_A,1.4484,False,15.1032,2157.8999,2.9652,13.8356,0.9662,1.4826,5.4876,Selected PATH_A with highest valid ARPS score (1.4484) satisfying all retinal preservation constraints.
aptos_2037,PATH_A,0.8699,False,17.4559,3312.2682,2.9652,13.3291,0.9568,1.4826,1.6791,Selected PATH_A with highest valid ARPS score (0.8699) satisfying all retinal preservation constraints.
aptos_1031,PATH_A,1.4632,False,24.412,1721.1685,1.4826,28.2485,0.97,0.0,1.1017,Selected PATH_A with highest valid ARPS score (1.4632) satisfying all retinal preservation constraints.
aptos_1824,PATH_C,1.4629,False,16.5927,1096.4565,2.9652,6.4508,0.9625,1.4826,5.5067,Selected PATH_C with highest valid ARPS score (1.4629) satisfying all retinal preservation constraints.
aptos_1151,PATH_A,1.0495,False,31.8923,2995.614,1.4826,39.2153,0.9572,0.0,2.3175,Selected PATH_A with highest valid ARPS score (1.0495) satisfying all retinal preservation constraints.
aptos_2219,PATH_C,1.0059,False,14.738,3250.1187,2.9652,7.8655,0.9754,1.4826,-0.7191,Selected PATH_C with highest valid ARPS score (1.0059) satisfying all retinal preservation constraints.
aptos_0587,PATH_A,1.5533,False,13.8358,965.7277,1.4826,18.7876,0.9703,0.0,3.4738,Selected PATH_A with highest valid ARPS score (1.5533) satisfying all retinal preservation constraints.
aptos_3471,PATH_A,1.4007,False,21.4079,2168.7528,2.9652,17.9088,0.9728,1.4826,2.3859,Selected PATH_A with highest valid ARPS score (1.4007) satisfying all retinal preservation constraints.
aptos_2954,PATH_C,0.8427,False,14.7349,2692.4991,2.9652,7.8398,0.973,1.4826,0.0822,Selected PATH_C with highest valid ARPS score (0.8427) satisfying all retinal preservation constraints.
aptos_0278,PATH_B,0.708,False,23.9194,709.0774,0.0,17.8871,0.9207,-1.4826,2.2914,Selected PATH_B with highest valid ARPS score (0.7080) satisfying all retinal preservation constraints.
aptos_2994,PATH_C,0.9028,False,15.1724,3041.2602,2.9652,8.4987,0.9652,1.4826,-3.0879,Selected PATH_C with highest valid ARPS score (0.9028) satisfying all retinal preservation constraints.
aptos_0036,PATH_B,0.4153,False,18.6988,695.087,1.4826,16.1794,0.9155,0.0,-0.244,Selected PATH_B with highest valid ARPS score (0.4153) satisfying all retinal preservation constraints.
aptos_1819,PATH_B,0.427,False,20.9286,552.19,1.4826,22.7407,0.8824,0.0,2.4465,Selected PATH_B with highest valid ARPS score (0.4270) satisfying all retinal preservation constraints.
aptos_0012,PATH_C,0.9942,False,14.5218,2839.3487,2.9652,8.2957,0.9769,1.4826,-1.111,Selected PATH_C with highest valid ARPS score (0.9942) satisfying all retinal preservation constraints.
aptos_0971,PATH_A,1.4785,False,21.3221,6390.2959,4.4478,18.2333,0.9838,1.4826,4.0463,Selected PATH_A with highest valid ARPS score (1.4785) satisfying all retinal preservation constraints.
aptos_1293,PATH_C,1.3591,False,15.6511,1995.794,2.9652,6.809,0.9794,1.4826,3.1256,Selected PATH_C with highest valid ARPS score (1.3591) satisfying all retinal preservation constraints.
aptos_1699,PATH_C,0.8948,False,15.9336,2823.9141,2.9652,8.6123,0.9766,1.4826,0.2655,Selected PATH_C with highest valid ARPS score (0.8948) satisfying all retinal preservation constraints.
aptos_1315,PATH_A,1.3099,False,35.5455,3124.6997,2.9652,35.2276,0.9759,1.4826,2.8274,Selected PATH_A with highest valid ARPS score (1.3099) satisfying all retinal preservation constraints.
aptos_2329,PATH_C,0.735,False,15.4182,862.1941,1.4826,13.5875,0.9618,0.0,0.0989,Selected PATH_C with highest valid ARPS score (0.7350) satisfying all retinal preservation constraints.
aptos_1635,PATH_C,0.8819,False,17.7589,3433.8718,2.9652,7.2436,0.9756,1.4826,2.5592,Selected PATH_C with highest valid ARPS score (0.8819) satisfying all retinal preservation constraints.
aptos_0497,PATH_A,1.3815,False,26.5661,4086.5798,2.9652,24.0417,0.9805,1.4826,2.3183,Selected PATH_A with highest valid ARPS score (1.3815) satisfying all retinal preservation constraints.
aptos_1278,PATH_B,0.752,False,18.1511,554.6227,0.0,15.2372,0.9131,-1.4826,4.6935,Selected PATH_B with highest valid ARPS score (0.7520) satisfying all retinal preservation constraints.
aptos_1064,PATH_C,0.5331,False,13.9741,1248.1208,2.9652,9.9899,0.9684,1.4826,-4.8089,Selected PATH_C with highest valid ARPS score (0.5331) satisfying all retinal preservation constraints.
aptos_1603,PATH_B,0.4175,False,17.6349,632.7469,1.4826,17.2042,0.9248,0.0,2.0039,Selected PATH_B with highest valid ARPS score (0.4175) satisfying all retinal preservation constraints.
aptos_0396,PATH_B,0.3915,False,17.5621,364.1709,1.4826,18.2488,0.8909,0.0,1.1502,Selected PATH_B with highest valid ARPS score (0.3915) satisfying all retinal preservation constraints.
aptos_1673,PATH_A,1.4648,False,15.7056,2149.3851,2.9652,14.8559,0.9828,1.4826,6.9321,Selected PATH_A with highest valid ARPS score (1.4648) satisfying all retinal preservation constraints.
aptos_3521,PATH_C,1.4434,False,17.5711,1203.5786,2.9652,7.6848,0.9714,1.4826,3.99,Selected PATH_C with highest valid ARPS score (1.4434) satisfying all retinal preservation constraints.
aptos_1157,PATH_A,1.3462,False,33.626,4884.3244,2.9652,34.9998,0.9801,1.4826,1.3698,Selected PATH_A with highest valid ARPS score (1.3462) satisfying all retinal preservation constraints.
aptos_1556,PATH_A,1.4348,False,17.2807,1807.574,2.9652,10.6437,0.9696,1.4826,3.9063,Selected PATH_A with highest valid ARPS score (1.4348) satisfying all retinal preservation constraints.
aptos_1701,PATH_B,0.409,False,18.2964,713.5534,1.4826,15.2648,0.9156,0.0,0.3414,Selected PATH_B with highest valid ARPS score (0.4090) satisfying all retinal preservation constraints.
aptos_1205,PATH_A,1.1803,False,15.6847,3380.6585,2.9652,13.1483,0.9712,1.4826,3.7145,Selected PATH_A with highest valid ARPS score (1.1803) satisfying all retinal preservation constraints.
aptos_1292,PATH_A,1.2497,False,19.7251,1134.0867,1.4826,29.775,0.9692,0.0,4.3252,Selected PATH_A with highest valid ARPS score (1.2497) satisfying all retinal preservation constraints.
aptos_3146,PATH_A,1.3658,False,33.5612,2071.0963,2.9652,25.4046,0.9494,1.4826,-0.7789,Selected PATH_A with highest valid ARPS score (1.3658) satisfying all retinal preservation constraints.
aptos_1280,PATH_A,1.4009,False,17.5978,1862.4129,2.9652,19.4014,0.9453,1.4826,2.9522,Selected PATH_A with highest valid ARPS score (1.4009) satisfying all retinal preservation constraints.
aptos_0235,PATH_A,1.4167,False,20.9694,2732.1835,2.9652,13.1221,0.9786,1.4826,2.9974,Selected PATH_A with highest valid ARPS score (1.4167) satisfying all retinal preservation constraints.
aptos_1497,PATH_A,0.8887,False,20.8216,5672.0646,2.9652,11.9047,0.9601,1.4826,0.3869,Selected PATH_A with highest valid ARPS score (0.8887) satisfying all retinal preservation constraints.
aptos_2286,PATH_A,1.4908,False,36.4683,1535.4444,1.4826,32.1591,0.9776,0.0,0.9822,Selected PATH_A with highest valid ARPS score (1.4908) satisfying all retinal preservation constraints.
aptos_0145,PATH_A,1.3903,False,19.9766,2466.0097,2.9652,23.0875,0.9711,1.4826,3.0089,Selected PATH_A with highest valid ARPS score (1.3903) satisfying all retinal preservation constraints.
aptos_0557,PATH_C,1.4361,False,12.8087,1302.8585,2.9652,6.7706,0.9684,1.4826,1.924,Selected PATH_C with highest valid ARPS score (1.4361) satisfying all retinal preservation constraints.
aptos_3642,PATH_C,1.5915,False,18.8589,1020.206,1.4826,6.6487,0.97,0.0,7.134,Selected PATH_C with highest valid ARPS score (1.5915) satisfying all retinal preservation constraints.
aptos_1898,PATH_C,1.4854,False,17.3269,756.4891,1.4826,6.2602,0.96,0.0,7.6925,Selected PATH_C with highest valid ARPS score (1.4854) satisfying all retinal preservation constraints.
aptos_2702,PATH_C,1.0486,False,13.4176,3026.8368,2.9652,8.3574,0.974,1.4826,-2.6394,Selected PATH_C with highest valid ARPS score (1.0486) satisfying all retinal preservation constraints.
aptos_3093,PATH_A,1.5232,False,20.764,1283.0524,1.4826,20.474,0.9542,0.0,0.8001,Selected PATH_A with highest valid ARPS score (1.5232) satisfying all retinal preservation constraints.
aptos_1752,PATH_A,1.5471,False,16.5827,1776.6239,1.4826,19.6179,0.9739,0.0,3.6815,Selected PATH_A with highest valid ARPS score (1.5471) satisfying all retinal preservation constraints.
aptos_1408,PATH_C,0.8459,False,12.4279,1516.9237,2.9652,10.3553,0.9682,1.4826,-2.5456,Selected PATH_C with highest valid ARPS score (0.8459) satisfying all retinal preservation constraints.
aptos_2886,PATH_A,1.4253,False,15.3023,1607.4374,2.9652,15.4626,0.9695,1.4826,3.9019,Selected PATH_A with highest valid ARPS score (1.4253) satisfying all retinal preservation constraints.
aptos_2119,PATH_A,1.433,False,16.9444,2496.9055,2.9652,16.7136,0.9798,1.4826,5.4244,Selected PATH_A with highest valid ARPS score (1.4330) satisfying all retinal preservation constraints.
aptos_3655,PATH_C,1.4058,False,17.8871,1168.431,2.9652,8.1644,0.9569,1.4826,-2.7581,Selected PATH_C with highest valid ARPS score (1.4058) satisfying all retinal preservation constraints.
aptos_0238,PATH_A,1.4124,False,21.536,2700.2443,2.9652,19.6808,0.9744,1.4826,5.3041,Selected PATH_A with highest valid ARPS score (1.4124) satisfying all retinal preservation constraints.
aptos_0128,PATH_B,0.5102,False,23.0279,442.572,1.4826,29.9707,0.888,0.0,3.9126,Selected PATH_B with highest valid ARPS score (0.5102) satisfying all retinal preservation constraints.
aptos_0697,PATH_B,0.4517,False,19.6152,625.9556,1.4826,22.6935,0.8861,0.0,2.452,Selected PATH_B with highest valid ARPS score (0.4517) satisfying all retinal preservation constraints.
aptos_2006,PATH_A,1.2393,False,17.1948,3776.4972,2.9652,15.2051,0.9726,1.4826,2.5775,Selected PATH_A with highest valid ARPS score (1.2393) satisfying all retinal preservation constraints.
aptos_2432,PATH_B,0.371,False,18.8204,425.4253,1.4826,18.6793,0.8947,0.0,-2.866,Selected PATH_B with highest valid ARPS score (0.3710) satisfying all retinal preservation constraints.
aptos_2244,PATH_A,0.9381,False,32.3887,5045.6943,2.9652,34.4644,0.9754,1.4826,0.369,Selected PATH_A with highest valid ARPS score (0.9381) satisfying all retinal preservation constraints.
aptos_0214,PATH_A,1.3791,False,24.7135,4304.3872,2.9652,25.5325,0.9752,1.4826,2.6774,Selected PATH_A with highest valid ARPS score (1.3791) satisfying all retinal preservation constraints.
aptos_1967,PATH_A,1.4023,False,19.1394,2253.1429,2.9652,17.687,0.9781,1.4826,2.2425,Selected PATH_A with highest valid ARPS score (1.4023) satisfying all retinal preservation constraints.
aptos_1291,PATH_A,1.4569,False,12.8329,1595.7106,2.9652,12.7754,0.974,1.4826,4.9607,Selected PATH_A with highest valid ARPS score (1.4569) satisfying all retinal preservation constraints.
aptos_2736,PATH_A,1.4267,False,15.0447,2612.8789,2.9652,16.0683,0.9742,1.4826,4.1154,Selected PATH_A with highest valid ARPS score (1.4267) satisfying all retinal preservation constraints.
aptos_1051,PATH_A,1.3358,False,36.2183,3313.1733,2.9652,34.2975,0.9743,1.4826,-4.1229,Selected PATH_A with highest valid ARPS score (1.3358) satisfying all retinal preservation constraints.
aptos_1239,PATH_C,1.3914,False,15.2261,1668.1471,2.9652,9.1307,0.9785,1.4826,0.9461,Selected PATH_C with highest valid ARPS score (1.3914) satisfying all retinal preservation constraints.
aptos_0858,PATH_A,1.3999,False,19.7049,1755.408,2.9652,20.5391,0.9742,1.4826,3.3476,Selected PATH_A with highest valid ARPS score (1.3999) satisfying all retinal preservation constraints.
aptos_0795,PATH_A,1.462,False,13.5294,2468.6967,2.9652,15.239,0.974,1.4826,5.9182,Selected PATH_A with highest valid ARPS score (1.4620) satisfying all retinal preservation constraints.
aptos_3375,PATH_A,1.2455,False,18.1559,540.1328,1.4826,29.3301,0.9622,1.4826,4.3631,Selected PATH_A with highest valid ARPS score (1.2455) satisfying all retinal preservation constraints.
aptos_0945,PATH_B,0.3814,False,15.5638,693.661,1.4826,12.6235,0.9004,0.0,-0.7635,Selected PATH_B with highest valid ARPS score (0.3814) satisfying all retinal preservation constraints.
aptos_0920,PATH_C,1.1243,False,16.2041,2881.7408,2.9652,7.9724,0.97,1.4826,-3.6208,Selected PATH_C with highest valid ARPS score (1.1243) satisfying all retinal preservation constraints.
aptos_3273,PATH_A,1.3841,False,24.8057,4271.3664,2.9652,20.5134,0.9769,1.4826,0.2191,Selected PATH_A with highest valid ARPS score (1.3841) satisfying all retinal preservation constraints.
aptos_1417,PATH_A,1.4333,False,17.934,2016.1913,2.9652,14.0276,0.9636,1.4826,5.0851,Selected PATH_A with highest valid ARPS score (1.4333) satisfying all retinal preservation constraints.
aptos_1924,PATH_A,1.4298,False,18.1207,2583.9611,2.9652,15.4464,0.971,1.4826,5.1309,Selected PATH_A with highest valid ARPS score (1.4298) satisfying all retinal preservation constraints.
aptos_3297,PATH_A,1.417,False,18.6884,2036.4067,2.9652,17.3227,0.9658,1.4826,4.4057,Selected PATH_A with highest valid ARPS score (1.4170) satisfying all retinal preservation constraints.
aptos_2457,PATH_C,0.7538,False,15.2177,2636.3091,2.9652,6.4498,0.9647,1.4826,2.8664,Selected PATH_C with highest valid ARPS score (0.7538) satisfying all retinal preservation constraints.
aptos_2601,PATH_B,0.4099,False,14.4794,416.9311,1.4826,16.6396,0.9003,0.0,0.2524,Selected PATH_B with highest valid ARPS score (0.4099) satisfying all retinal preservation constraints.
aptos_3517,PATH_C,0.9399,False,14.1193,2936.6832,2.9652,8.3249,0.9741,1.4826,-3.1509,Selected PATH_C with highest valid ARPS score (0.9399) satisfying all retinal preservation constraints.
aptos_3257,PATH_A,1.5147,False,23.0453,1740.7205,1.4826,28.2149,0.9662,0.0,3.7163,Selected PATH_A with highest valid ARPS score (1.5147) satisfying all retinal preservation constraints.
aptos_3594,PATH_B,0.3961,False,19.8024,539.9409,1.4826,19.0309,0.9111,0.0,0.3881,Selected PATH_B with highest valid ARPS score (0.3961) satisfying all retinal preservation constraints.
aptos_1016,PATH_A,1.3951,False,25.4131,3626.463,2.9652,23.0652,0.9839,1.4826,4.6549,Selected PATH_A with highest valid ARPS score (1.3951) satisfying all retinal preservation constraints.
aptos_0885,PATH_C,0.7192,False,17.7176,715.2899,1.4826,13.0629,0.9582,0.0,0.7795,Selected PATH_C with highest valid ARPS score (0.7192) satisfying all retinal preservation constraints.
aptos_0805,PATH_C,0.9679,False,14.9422,3335.5513,2.9652,8.0079,0.9729,1.4826,-2.8632,Selected PATH_C with highest valid ARPS score (0.9679) satisfying all retinal preservation constraints.
aptos_2374,PATH_C,0.8942,False,13.6104,2375.3958,2.9652,7.9795,0.9733,1.4826,-0.0932,Selected PATH_C with highest valid ARPS score (0.8942) satisfying all retinal preservation constraints.
aptos_1514,PATH_A,1.371,False,27.3818,2621.5034,2.9652,32.3974,0.9837,1.4826,5.5061,Selected PATH_A with highest valid ARPS score (1.3710) satisfying all retinal preservation constraints.
aptos_3333,PATH_A,1.4213,False,19.3576,1981.741,2.9652,18.3152,0.9755,1.4826,5.3997,Selected PATH_A with highest valid ARPS score (1.4213) satisfying all retinal preservation constraints.
aptos_3658,PATH_B,0.5273,False,16.8059,456.4436,1.4826,23.9063,0.878,0.0,4.3953,Selected PATH_B with highest valid ARPS score (0.5273) satisfying all retinal preservation constraints.
aptos_1501,PATH_A,1.3991,False,23.1952,3217.0063,2.9652,16.5796,0.9845,1.4826,1.1042,Selected PATH_A with highest valid ARPS score (1.3991) satisfying all retinal preservation constraints.
aptos_3487,PATH_A,1.4451,False,15.7174,2867.6614,2.9652,13.8382,0.9822,1.4826,5.3587,Selected PATH_A with highest valid ARPS score (1.4451) satisfying all retinal preservation constraints.
aptos_0892,PATH_B,0.3969,False,17.3223,628.335,1.4826,14.497,0.9121,0.0,1.5882,Selected PATH_B with highest valid ARPS score (0.3969) satisfying all retinal preservation constraints.
aptos_2974,PATH_B,0.3914,False,15.9797,524.4213,1.4826,15.4803,0.9085,0.0,-0.1532,Selected PATH_B with highest valid ARPS score (0.3914) satisfying all retinal preservation constraints.
aptos_2844,PATH_A,1.3672,False,25.4347,1513.7836,2.9652,35.3446,0.9766,1.4826,6.061,Selected PATH_A with highest valid ARPS score (1.3672) satisfying all retinal preservation constraints.
aptos_1846,PATH_B,0.3838,False,17.8763,533.6102,1.4826,15.152,0.8912,0.0,0.7266,Selected PATH_B with highest valid ARPS score (0.3838) satisfying all retinal preservation constraints.
aptos_2518,PATH_C,1.4406,False,20.6574,2243.9355,2.9652,6.7774,0.9791,1.4826,3.7629,Selected PATH_C with highest valid ARPS score (1.4406) satisfying all retinal preservation constraints.
aptos_2221,PATH_C,1.0885,False,13.5085,3079.0105,2.9652,8.0187,0.9676,1.4826,-4.419,Selected PATH_C with highest valid ARPS score (1.0885) satisfying all retinal preservation constraints.
aptos_1453,PATH_A,1.167,False,16.5667,3431.9653,2.9652,13.9383,0.9717,1.4826,2.1295,Selected PATH_A with highest valid ARPS score (1.1670) satisfying all retinal preservation constraints.
aptos_0982,PATH_C,1.3819,False,13.7392,1639.989,2.9652,7.1703,0.9783,1.4826,1.215,Selected PATH_C with highest valid ARPS score (1.3819) satisfying all retinal preservation constraints.
aptos_2199,PATH_A,1.3312,False,32.8016,2426.0192,2.9652,34.5519,0.9739,1.4826,0.9032,Selected PATH_A with highest valid ARPS score (1.3312) satisfying all retinal preservation constraints.
aptos_0138,PATH_C,0.9641,False,14.8773,2787.4846,2.9652,9.1472,0.9682,1.4826,-3.3786,Selected PATH_C with highest valid ARPS score (0.9641) satisfying all retinal preservation constraints.
aptos_2442,PATH_A,1.3872,False,20.4266,4396.3478,2.9652,20.8077,0.9727,1.4826,1.1626,Selected PATH_A with highest valid ARPS score (1.3872) satisfying all retinal preservation constraints.
aptos_3562,PATH_B,0.5265,False,19.8673,437.2335,1.4826,29.2219,0.8939,0.0,2.4425,Selected PATH_B with highest valid ARPS score (0.5265) satisfying all retinal preservation constraints.
aptos_3398,PATH_C,1.0356,False,14.5279,2979.4644,2.9652,8.1828,0.968,1.4826,-4.7267,Selected PATH_C with highest valid ARPS score (1.0356) satisfying all retinal preservation constraints.
aptos_2389,PATH_C,0.9959,False,15.3193,3507.4407,2.9652,7.4172,0.9753,1.4826,-1.0451,Selected PATH_C with highest valid ARPS score (0.9959) satisfying all retinal preservation constraints.
aptos_1863,PATH_A,1.4434,False,26.4812,1638.2505,2.9652,17.5841,0.967,1.4826,10.3121,Selected PATH_A with highest valid ARPS score (1.4434) satisfying all retinal preservation constraints.
aptos_0424,PATH_A,1.4099,False,16.9121,2475.1487,2.9652,19.3857,0.9823,1.4826,3.693,Selected PATH_A with highest valid ARPS score (1.4099) satisfying all retinal preservation constraints.
aptos_3281,PATH_A,1.4128,False,23.0571,2036.6972,2.9652,16.9021,0.9824,1.4826,4.3103,Selected PATH_A with highest valid ARPS score (1.4128) satisfying all retinal preservation constraints.
aptos_1546,PATH_A,1.4263,False,13.0716,1117.8543,2.9652,14.2885,0.9575,1.4826,3.2026,Selected PATH_A with highest valid ARPS score (1.4263) satisfying all retinal preservation constraints.
aptos_0785,PATH_A,1.3378,False,15.0466,1712.8328,2.9652,14.9223,0.9627,1.4826,2.1431,Selected PATH_A with highest valid ARPS score (1.3378) satisfying all retinal preservation constraints.
aptos_1080,PATH_B,0.3936,False,19.8228,623.1955,1.4826,17.0593,0.9299,0.0,-1.5574,Selected PATH_B with highest valid ARPS score (0.3936) satisfying all retinal preservation constraints.
aptos_1883,PATH_A,1.1875,False,14.6237,2966.5216,2.9652,13.9965,0.9744,1.4826,0.9782,Selected PATH_A with highest valid ARPS score (1.1875) satisfying all retinal preservation constraints.
aptos_0444,PATH_C,1.6087,False,15.7291,754.7562,1.4826,6.9145,0.962,0.0,7.2493,Selected PATH_C with highest valid ARPS score (1.6087) satisfying all retinal preservation constraints.
aptos_2380,PATH_A,1.4389,False,12.4562,1535.9213,2.9652,12.2825,0.9733,1.4826,3.5335,Selected PATH_A with highest valid ARPS score (1.4389) satisfying all retinal preservation constraints.
aptos_1903,PATH_A,1.3531,False,32.5556,1572.861,2.9652,31.5217,0.9664,1.4826,0.6123,Selected PATH_A with highest valid ARPS score (1.3531) satisfying all retinal preservation constraints.
aptos_0436,PATH_B,0.5361,False,19.9143,296.7788,1.4826,19.2474,0.8755,0.0,0.1782,Selected PATH_B with highest valid ARPS score (0.5361) satisfying all retinal preservation constraints.
aptos_1504,PATH_A,1.4114,False,22.9926,3420.4715,2.9652,19.5761,0.9761,1.4826,5.429,Selected PATH_A with highest valid ARPS score (1.4114) satisfying all retinal preservation constraints.
aptos_0980,PATH_B,0.4004,False,20.5465,574.6832,1.4826,18.8596,0.9194,0.0,-0.8595,Selected PATH_B with highest valid ARPS score (0.4004) satisfying all retinal preservation constraints.
aptos_1836,PATH_C,0.6485,False,17.6434,891.1047,1.4826,12.0907,0.9583,0.0,-3.6357,Selected PATH_C with highest valid ARPS score (0.6485) satisfying all retinal preservation constraints.
aptos_1597,PATH_C,1.4425,False,16.2909,2251.7054,2.9652,6.7903,0.973,1.4826,3.2641,Selected PATH_C with highest valid ARPS score (1.4425) satisfying all retinal preservation constraints.
aptos_2425,PATH_B,0.4982,False,23.1754,529.315,1.4826,22.5372,0.8824,0.0,2.7245,Selected PATH_B with highest valid ARPS score (0.4982) satisfying all retinal preservation constraints.
aptos_0864,PATH_A,1.2789,False,28.2054,2112.706,2.9652,29.8246,0.9566,1.4826,0.9567,Selected PATH_A with highest valid ARPS score (1.2789) satisfying all retinal preservation constraints.
aptos_1636,PATH_C,1.4258,False,18.3432,2071.6486,2.9652,7.5482,0.9816,1.4826,1.1573,Selected PATH_C with highest valid ARPS score (1.4258) satisfying all retinal preservation constraints.
aptos_2713,PATH_A,1.41,False,19.345,3012.3579,2.9652,20.2786,0.9778,1.4826,4.6342,Selected PATH_A with highest valid ARPS score (1.4100) satisfying all retinal preservation constraints.
aptos_2041,PATH_A,1.4182,False,16.5992,1561.7655,2.9652,26.2704,0.967,1.4826,6.41,Selected PATH_A with highest valid ARPS score (1.4182) satisfying all retinal preservation constraints.
aptos_3535,PATH_A,1.4455,False,17.4485,3333.4282,2.9652,14.1589,0.9792,1.4826,6.0829,Selected PATH_A with highest valid ARPS score (1.4455) satisfying all retinal preservation constraints.
aptos_2047,PATH_A,1.2286,False,23.7018,664.1853,1.4826,32.1671,0.9488,1.4826,4.2715,Selected PATH_A with highest valid ARPS score (1.2286) satisfying all retinal preservation constraints.
aptos_2010,PATH_A,1.3546,False,27.4049,1933.5501,2.9652,33.7581,0.9759,1.4826,2.6375,Selected PATH_A with highest valid ARPS score (1.3546) satisfying all retinal preservation constraints.
aptos_2911,PATH_C,1.4416,False,15.5849,1309.0331,2.9652,6.6695,0.9703,1.4826,3.0038,Selected PATH_C with highest valid ARPS score (1.4416) satisfying all retinal preservation constraints.
aptos_3406,PATH_A,1.4071,False,19.7397,5844.7714,4.4478,16.1263,0.9794,1.4826,1.7435,Selected PATH_A with highest valid ARPS score (1.4071) satisfying all retinal preservation constraints.
aptos_2774,PATH_A,1.4664,False,16.4925,3333.8458,2.9652,11.889,0.9699,1.4826,6.8958,Selected PATH_A with highest valid ARPS score (1.4664) satisfying all retinal preservation constraints.
aptos_3019,PATH_A,1.3711,False,28.6121,4219.0498,2.9652,28.436,0.9797,1.4826,3.0664,Selected PATH_A with highest valid ARPS score (1.3711) satisfying all retinal preservation constraints.
aptos_2961,PATH_A,1.4235,False,16.989,1936.2443,2.9652,15.0328,0.9722,1.4826,3.962,Selected PATH_A with highest valid ARPS score (1.4235) satisfying all retinal preservation constraints.
aptos_3383,PATH_C,1.4548,False,13.0836,1542.1257,2.9652,7.5241,0.9714,1.4826,3.9155,Selected PATH_C with highest valid ARPS score (1.4548) satisfying all retinal preservation constraints.
aptos_2420,PATH_A,1.4118,False,20.3683,2548.0596,2.9652,18.0353,0.975,1.4826,4.2253,Selected PATH_A with highest valid ARPS score (1.4118) satisfying all retinal preservation constraints.
aptos_1045,PATH_C,1.4355,False,16.5511,1555.3163,2.9652,7.4327,0.976,1.4826,2.5971,Selected PATH_C with highest valid ARPS score (1.4355) satisfying all retinal preservation constraints.
aptos_2223,PATH_A,1.2477,False,19.114,799.3079,1.4826,28.1132,0.9544,1.4826,4.5017,Selected PATH_A with highest valid ARPS score (1.2477) satisfying all retinal preservation constraints.
aptos_1638,PATH_A,1.1043,False,16.3041,3684.1643,2.9652,13.2794,0.9733,1.4826,1.3051,Selected PATH_A with highest valid ARPS score (1.1043) satisfying all retinal preservation constraints.
aptos_2404,PATH_A,1.3836,False,23.0917,4693.2987,2.9652,23.2619,0.9822,1.4826,1.9619,Selected PATH_A with highest valid ARPS score (1.3836) satisfying all retinal preservation constraints.
aptos_1763,PATH_A,1.4282,False,18.9604,2314.5326,2.9652,13.7104,0.9549,1.4826,4.7044,Selected PATH_A with highest valid ARPS score (1.4282) satisfying all retinal preservation constraints.
aptos_1822,PATH_C,0.8721,False,14.8613,2804.8828,2.9652,8.6453,0.9726,1.4826,-2.0683,Selected PATH_C with highest valid ARPS score (0.8721) satisfying all retinal preservation constraints.
aptos_2125,PATH_A,1.4188,False,20.8421,3571.7914,2.9652,17.2316,0.9696,1.4826,5.1033,Selected PATH_A with highest valid ARPS score (1.4188) satisfying all retinal preservation constraints.
aptos_2543,PATH_B,0.4329,False,26.3647,450.8531,1.4826,27.4267,0.8675,0.0,1.8256,Selected PATH_B with highest valid ARPS score (0.4329) satisfying all retinal preservation constraints.
aptos_0727,PATH_A,1.4712,False,23.919,5956.7888,4.4478,18.5442,0.9827,1.4826,3.248,Selected PATH_A with highest valid ARPS score (1.4712) satisfying all retinal preservation constraints.
aptos_1731,PATH_B,0.4613,False,21.676,738.6579,1.4826,20.1948,0.9119,-1.4826,-1.926,Selected PATH_B with highest valid ARPS score (0.4613) satisfying all retinal preservation constraints.
aptos_2789,PATH_A,1.4397,False,14.7615,2208.0973,2.9652,13.3192,0.9766,1.4826,4.4992,Selected PATH_A with highest valid ARPS score (1.4397) satisfying all retinal preservation constraints.
aptos_2512,PATH_B,0.3776,False,16.7409,501.1858,1.4826,15.4698,0.9022,0.0,-1.7792,Selected PATH_B with highest valid ARPS score (0.3776) satisfying all retinal preservation constraints.
aptos_0430,PATH_B,0.4913,False,27.1612,965.5127,1.4826,27.3314,0.9234,0.0,3.764,Selected PATH_B with highest valid ARPS score (0.4913) satisfying all retinal preservation constraints.
aptos_0718,PATH_A,1.3975,False,24.8716,2943.4042,2.9652,20.4649,0.9793,1.4826,3.5761,Selected PATH_A with highest valid ARPS score (1.3975) satisfying all retinal preservation constraints.
aptos_1006,PATH_A,1.3997,False,17.9345,1702.429,2.9652,27.5757,0.9808,1.4826,5.4589,Selected PATH_A with highest valid ARPS score (1.3997) satisfying all retinal preservation constraints.
aptos_0072,PATH_C,1.4229,False,13.584,1680.2968,2.9652,7.3141,0.9785,1.4826,0.3515,Selected PATH_C with highest valid ARPS score (1.4229) satisfying all retinal preservation constraints.
aptos_0405,PATH_A,1.0362,False,13.7188,3250.2927,2.9652,12.4497,0.9672,1.4826,1.3943,Selected PATH_A with highest valid ARPS score (1.0362) satisfying all retinal preservation constraints.
aptos_2553,PATH_B,0.4215,False,17.5952,535.7929,1.4826,17.1217,0.8931,0.0,1.1476,Selected PATH_B with highest valid ARPS score (0.4215) satisfying all retinal preservation constraints.
aptos_3055,PATH_C,0.9105,False,14.9968,2644.0366,2.9652,8.3749,0.9689,1.4826,-1.4274,Selected PATH_C with highest valid ARPS score (0.9105) satisfying all retinal preservation constraints.
aptos_1663,PATH_A,1.4021,False,18.2583,2201.5149,2.9652,20.4452,0.9756,1.4826,3.3728,Selected PATH_A with highest valid ARPS score (1.4021) satisfying all retinal preservation constraints.
aptos_0528,PATH_C,1.0309,False,17.5879,3114.3249,2.9652,9.4247,0.9773,1.4826,3.0282,Selected PATH_C with highest valid ARPS score (1.0309) satisfying all retinal preservation constraints.
aptos_3104,PATH_C,0.8462,False,15.9405,2987.2279,2.9652,8.2132,0.966,1.4826,0.0191,Selected PATH_C with highest valid ARPS score (0.8462) satisfying all retinal preservation constraints.
aptos_1562,PATH_A,1.4026,False,19.2275,2239.72,2.9652,23.2937,0.9765,1.4826,4.7703,Selected PATH_A with highest valid ARPS score (1.4026) satisfying all retinal preservation constraints.
aptos_3462,PATH_C,1.4361,False,12.8087,1302.8585,2.9652,6.7706,0.9684,1.4826,1.924,Selected PATH_C with highest valid ARPS score (1.4361) satisfying all retinal preservation constraints.
aptos_1734,PATH_A,1.3889,False,19.5319,1687.9748,2.9652,25.2389,0.9756,1.4826,3.6624,Selected PATH_A with highest valid ARPS score (1.3889) satisfying all retinal preservation constraints.
aptos_1175,PATH_C,1.2161,False,19.2052,2617.4339,2.9652,6.5261,0.9794,1.4826,7.3784,Selected PATH_C with highest valid ARPS score (1.2161) satisfying all retinal preservation constraints.
aptos_3134,PATH_C,0.9757,False,15.1614,3427.6627,2.9652,8.0554,0.9745,1.4826,0.0822,Selected PATH_C with highest valid ARPS score (0.9757) satisfying all retinal preservation constraints.
aptos_0524,PATH_C,1.0646,False,15.4678,3977.3225,2.9652,7.9934,0.9736,1.4826,-2.3002,Selected PATH_C with highest valid ARPS score (1.0646) satisfying all retinal preservation constraints.
aptos_0029,PATH_A,1.3984,False,20.4682,2423.3979,2.9652,21.5896,0.9827,1.4826,3.6164,Selected PATH_A with highest valid ARPS score (1.3984) satisfying all retinal preservation constraints.
aptos_0429,PATH_A,1.2449,False,38.8743,3852.9722,2.9652,32.4558,0.9778,1.4826,-2.5472,Selected PATH_A with highest valid ARPS score (1.2449) satisfying all retinal preservation constraints.
aptos_1524,PATH_B,0.667,False,21.2799,345.0359,0.0,20.7747,0.86,-1.4826,1.1715,Selected PATH_B with highest valid ARPS score (0.6670) satisfying all retinal preservation constraints.
aptos_0903,PATH_A,1.0181,False,16.4741,3961.2707,2.9652,12.7638,0.9774,1.4826,0.2103,Selected PATH_A with highest valid ARPS score (1.0181) satisfying all retinal preservation constraints.
aptos_0993,PATH_A,1.3877,False,24.208,1916.0036,2.9652,22.3486,0.9741,1.4826,2.5563,Selected PATH_A with highest valid ARPS score (1.3877) satisfying all retinal preservation constraints.
aptos_3292,PATH_A,1.0373,False,16.8518,3990.5755,2.9652,12.9575,0.9731,1.4826,3.3243,Selected PATH_A with highest valid ARPS score (1.0373) satisfying all retinal preservation constraints.
aptos_3362,PATH_A,1.1466,False,16.4464,3761.9169,2.9652,13.2666,0.9707,1.4826,1.2115,Selected PATH_A with highest valid ARPS score (1.1466) satisfying all retinal preservation constraints.
aptos_1849,PATH_B,0.3879,False,21.1181,544.2166,1.4826,18.9796,0.9063,0.0,-2.2353,Selected PATH_B with highest valid ARPS score (0.3879) satisfying all retinal preservation constraints.
aptos_3609,PATH_A,1.3055,False,39.187,4357.4896,2.9652,43.5744,0.9837,1.4826,1.7831,Selected PATH_A with highest valid ARPS score (1.3055) satisfying all retinal preservation constraints.
aptos_1212,PATH_B,0.5801,False,20.1348,640.9432,1.4826,21.3162,0.9235,0.0,2.3567,Selected PATH_B with highest valid ARPS score (0.5801) satisfying all retinal preservation constraints.
aptos_3259,PATH_A,1.3898,False,21.6372,2065.997,2.9652,27.0741,0.9811,1.4826,4.9904,Selected PATH_A with highest valid ARPS score (1.3898) satisfying all retinal preservation constraints.
aptos_1522,PATH_A,1.491,False,25.1539,1040.6756,1.4826,37.493,0.971,0.0,4.5176,Selected PATH_A with highest valid ARPS score (1.4910) satisfying all retinal preservation constraints.
aptos_1543,PATH_A,1.4155,False,17.1028,1806.0642,2.9652,21.0699,0.9734,1.4826,4.994,Selected PATH_A with highest valid ARPS score (1.4155) satisfying all retinal preservation constraints.
aptos_0494,PATH_A,1.4103,False,20.4238,3384.6663,2.9652,18.9593,0.9601,1.4826,4.5627,Selected PATH_A with highest valid ARPS score (1.4103) satisfying all retinal preservation constraints.
aptos_1217,PATH_B,0.3911,False,18.9895,681.6074,1.4826,17.3208,0.9082,0.0,0.1989,Selected PATH_B with highest valid ARPS score (0.3911) satisfying all retinal preservation constraints.
aptos_1215,PATH_A,1.4123,False,21.4333,1954.3147,2.9652,15.6101,0.978,1.4826,3.3132,Selected PATH_A with highest valid ARPS score (1.4123) satisfying all retinal preservation constraints.
aptos_3056,PATH_B,0.5215,False,16.6727,342.4527,1.4826,25.077,0.8724,0.0,6.1621,Selected PATH_B with highest valid ARPS score (0.5215) satisfying all retinal preservation constraints.
aptos_2608,PATH_A,0.9638,False,23.1371,6161.2844,2.9652,13.7597,0.9711,1.4826,1.9169,Selected PATH_A with highest valid ARPS score (0.9638) satisfying all retinal preservation constraints.
aptos_1971,PATH_A,1.4181,False,20.6161,3204.6596,2.9652,20.7101,0.9707,1.4826,6.2355,Selected PATH_A with highest valid ARPS score (1.4181) satisfying all retinal preservation constraints.
aptos_3026,PATH_A,1.4043,False,18.2249,1916.7074,2.9652,15.2947,0.9757,1.4826,1.2869,Selected PATH_A with highest valid ARPS score (1.4043) satisfying all retinal preservation constraints.
aptos_2529,PATH_A,1.5818,False,19.0086,1321.4152,1.4826,11.879,0.9766,0.0,5.7999,Selected PATH_A with highest valid ARPS score (1.5818) satisfying all retinal preservation constraints.
aptos_3511,PATH_C,0.7373,False,15.1002,1033.5347,1.4826,9.2712,0.9717,0.0,0.7952,Selected PATH_C with highest valid ARPS score (0.7373) satisfying all retinal preservation constraints.
aptos_2639,PATH_B,0.4765,False,19.0125,637.5348,1.4826,20.8475,0.8934,0.0,-0.6369,Selected PATH_B with highest valid ARPS score (0.4765) satisfying all retinal preservation constraints.
aptos_0186,PATH_C,1.1309,False,16.0061,2930.2879,2.9652,8.2698,0.9731,1.4826,-2.4977,Selected PATH_C with highest valid ARPS score (1.1309) satisfying all retinal preservation constraints.
aptos_1165,PATH_B,0.7562,False,16.8847,484.2785,0.0,16.1061,0.9017,-1.4826,4.3685,Selected PATH_B with highest valid ARPS score (0.7562) satisfying all retinal preservation constraints.
aptos_1046,PATH_B,0.4221,False,21.2074,862.2274,1.4826,18.3092,0.9291,0.0,0.8128,Selected PATH_B with highest valid ARPS score (0.4221) satisfying all retinal preservation constraints.
aptos_1876,PATH_C,1.1275,False,13.6526,1179.803,2.9652,7.9555,0.97,1.4826,3.7316,Selected PATH_C with highest valid ARPS score (1.1275) satisfying all retinal preservation constraints.
aptos_2237,PATH_A,1.4224,False,18.7992,2455.4113,2.9652,17.0691,0.9754,1.4826,4.9556,Selected PATH_A with highest valid ARPS score (1.4224) satisfying all retinal preservation constraints.
aptos_2530,PATH_C,1.4339,False,16.9268,1452.4913,2.9652,8.6857,0.973,1.4826,2.9602,Selected PATH_C with highest valid ARPS score (1.4339) satisfying all retinal preservation constraints.
aptos_1854,PATH_A,1.4179,False,18.0378,3345.6001,2.9652,13.2385,0.978,1.4826,2.6108,Selected PATH_A with highest valid ARPS score (1.4179) satisfying all retinal preservation constraints.
aptos_2871,PATH_B,0.3894,False,18.5155,500.6388,1.4826,18.0301,0.9084,0.0,0.3994,Selected PATH_B with highest valid ARPS score (0.3894) satisfying all retinal preservation constraints.
aptos_1691,PATH_A,1.3986,False,21.5115,2198.8058,2.9652,20.6487,0.9706,1.4826,3.5218,Selected PATH_A with highest valid ARPS score (1.3986) satisfying all retinal preservation constraints.
aptos_1416,PATH_A,1.3658,False,25.675,2208.3371,2.9652,28.2056,0.976,1.4826,1.2449,Selected PATH_A with highest valid ARPS score (1.3658) satisfying all retinal preservation constraints.
aptos_2249,PATH_B,0.5083,False,23.0446,593.8954,1.4826,24.4069,0.9079,0.0,0.894,Selected PATH_B with highest valid ARPS score (0.5083) satisfying all retinal preservation constraints.
aptos_1374,PATH_A,1.5296,False,25.5662,3844.4182,1.4826,23.6941,0.9762,0.0,4.4408,Selected PATH_A with highest valid ARPS score (1.5296) satisfying all retinal preservation constraints.
aptos_3020,PATH_A,1.5257,False,24.9192,2060.7175,1.4826,20.3505,0.9662,0.0,1.3421,Selected PATH_A with highest valid ARPS score (1.5257) satisfying all retinal preservation constraints.
aptos_0341,PATH_C,1.4487,False,16.2152,1169.0353,2.9652,7.0928,0.972,1.4826,4.0948,Selected PATH_C with highest valid ARPS score (1.4487) satisfying all retinal preservation constraints.
aptos_2889,PATH_A,1.4136,False,16.0313,2102.0515,2.9652,12.778,0.9534,1.4826,1.7379,Selected PATH_A with highest valid ARPS score (1.4136) satisfying all retinal preservation constraints.
aptos_0763,PATH_A,1.428,False,21.4045,2200.3659,2.9652,16.7803,0.9745,1.4826,6.2945,Selected PATH_A with highest valid ARPS score (1.4280) satisfying all retinal preservation constraints.
aptos_3441,PATH_B,0.4026,False,17.0654,584.7825,1.4826,14.646,0.9105,0.0,1.4256,Selected PATH_B with highest valid ARPS score (0.4026) satisfying all retinal preservation constraints.
aptos_3351,PATH_A,1.2128,False,18.1818,3564.6139,2.9652,16.0631,0.9599,1.4826,1.7174,Selected PATH_A with highest valid ARPS score (1.2128) satisfying all retinal preservation constraints.
aptos_2904,PATH_A,1.1082,False,20.3166,4178.0677,2.9652,14.4007,0.9719,1.4826,2.1246,Selected PATH_A with highest valid ARPS score (1.1082) satisfying all retinal preservation constraints.
aptos_2299,PATH_C,0.8322,False,19.1211,3935.2007,2.9652,9.0586,0.976,1.4826,0.3318,Selected PATH_C with highest valid ARPS score (0.8322) satisfying all retinal preservation constraints.
aptos_3659,PATH_A,1.4244,False,20.6356,2656.8285,2.9652,15.081,0.9725,1.4826,4.9561,Selected PATH_A with highest valid ARPS score (1.4244) satisfying all retinal preservation constraints.
aptos_0014,PATH_C,1.2203,False,18.5147,3021.6124,2.9652,6.4927,0.97,1.4826,5.9589,Selected PATH_C with highest valid ARPS score (1.2203) satisfying all retinal preservation constraints.
aptos_2143,PATH_A,1.468,False,21.6606,5244.3559,4.4478,18.0751,0.9801,1.4826,2.0289,Selected PATH_A with highest valid ARPS score (1.4680) satisfying all retinal preservation constraints.
aptos_2267,PATH_C,1.1062,False,11.7922,1686.4365,2.9652,9.6498,0.9715,1.4826,0.9322,Selected PATH_C with highest valid ARPS score (1.1062) satisfying all retinal preservation constraints.
aptos_0496,PATH_A,1.4277,False,21.0985,2115.7598,2.9652,15.8166,0.9639,1.4826,5.9101,Selected PATH_A with highest valid ARPS score (1.4277) satisfying all retinal preservation constraints.
aptos_3154,PATH_A,1.3717,False,29.1034,2486.1226,2.9652,26.3917,0.9762,1.4826,1.6578,Selected PATH_A with highest valid ARPS score (1.3717) satisfying all retinal preservation constraints.
aptos_3068,PATH_A,1.3759,False,25.5399,2322.4865,2.9652,22.477,0.9757,1.4826,-0.5934,Selected PATH_A with highest valid ARPS score (1.3759) satisfying all retinal preservation constraints.
aptos_1588,PATH_A,1.4023,False,22.1615,2739.8365,2.9652,19.6576,0.976,1.4826,3.7179,Selected PATH_A with highest valid ARPS score (1.4023) satisfying all retinal preservation constraints.
aptos_2845,PATH_B,0.3988,False,17.54,663.0013,1.4826,14.92,0.9109,0.0,-0.1289,Selected PATH_B with highest valid ARPS score (0.3988) satisfying all retinal preservation constraints.
aptos_2922,PATH_B,0.4049,False,17.5608,728.7262,1.4826,14.6464,0.9122,0.0,0.8945,Selected PATH_B with highest valid ARPS score (0.4049) satisfying all retinal preservation constraints.
aptos_2882,PATH_A,1.3452,False,28.3856,2721.2143,2.9652,37.5327,0.9769,1.4826,3.0451,Selected PATH_A with highest valid ARPS score (1.3452) satisfying all retinal preservation constraints.
aptos_1642,PATH_A,1.3612,False,27.2929,3496.4191,2.9652,34.0437,0.9795,1.4826,4.4134,Selected PATH_A with highest valid ARPS score (1.3612) satisfying all retinal preservation constraints.
aptos_2586,PATH_A,1.4256,False,15.9503,1999.5048,2.9652,16.2317,0.9852,1.4826,4.2167,Selected PATH_A with highest valid ARPS score (1.4256) satisfying all retinal preservation constraints.
aptos_3308,PATH_A,1.3945,False,24.3363,2212.7628,2.9652,20.917,0.9766,1.4826,3.1651,Selected PATH_A with highest valid ARPS score (1.3945) satisfying all retinal preservation constraints.
aptos_0059,PATH_A,1.4324,False,18.2666,3851.6668,2.9652,13.849,0.9612,1.4826,5.0332,Selected PATH_A with highest valid ARPS score (1.4324) satisfying all retinal preservation constraints.
aptos_0377,PATH_A,1.4393,False,13.6635,1456.7098,2.9652,11.4371,0.9777,1.4826,3.6779,Selected PATH_A with highest valid ARPS score (1.4393) satisfying all retinal preservation constraints.
aptos_1540,PATH_A,1.4012,False,18.8965,2222.0745,2.9652,22.4043,0.9742,1.4826,4.1867,Selected PATH_A with highest valid ARPS score (1.4012) satisfying all retinal preservation constraints.
aptos_0231,PATH_B,0.4249,False,16.7692,580.4802,1.4826,15.1438,0.9209,0.0,1.1289,Selected PATH_B with highest valid ARPS score (0.4249) satisfying all retinal preservation constraints.
aptos_0698,PATH_A,1.3778,False,24.2144,1369.3904,2.9652,23.2179,0.9614,1.4826,0.8941,Selected PATH_A with highest valid ARPS score (1.3778) satisfying all retinal preservation constraints.
aptos_1541,PATH_C,1.0366,False,16.1802,3182.7573,2.9652,8.6716,0.9771,1.4826,-1.3802,Selected PATH_C with highest valid ARPS score (1.0366) satisfying all retinal preservation constraints.
aptos_1595,PATH_A,1.3157,False,24.2161,7141.6399,4.4478,19.0414,0.9785,1.4826,2.647,Selected PATH_A with highest valid ARPS score (1.3157) satisfying all retinal preservation constraints.
aptos_2956,PATH_A,1.3749,False,23.7473,2786.1053,2.9652,22.0175,0.9796,1.4826,-1.3409,Selected PATH_A with highest valid ARPS score (1.3749) satisfying all retinal preservation constraints.
aptos_0893,PATH_C,1.4265,False,15.6543,1506.2254,2.9652,8.4777,0.97,1.4826,1.6384,Selected PATH_C with highest valid ARPS score (1.4265) satisfying all retinal preservation constraints.
aptos_0818,PATH_A,1.385,False,25.0478,3087.9555,2.9652,26.0587,0.9833,1.4826,4.2609,Selected PATH_A with highest valid ARPS score (1.3850) satisfying all retinal preservation constraints.
aptos_0961,PATH_C,1.5042,False,17.3388,551.5628,1.4826,6.6342,0.9632,0.0,10.1727,Selected PATH_C with highest valid ARPS score (1.5042) satisfying all retinal preservation constraints.
aptos_2250,PATH_A,1.4389,False,14.7789,2193.8652,2.9652,15.2822,0.9735,1.4826,4.9156,Selected PATH_A with highest valid ARPS score (1.4389) satisfying all retinal preservation constraints.
aptos_2350,PATH_C,1.0374,False,15.4086,1989.7522,2.9652,8.6108,0.9669,1.4826,-4.9543,Selected PATH_C with highest valid ARPS score (1.0374) satisfying all retinal preservation constraints.
aptos_1506,PATH_A,1.4896,False,23.9932,5435.9026,4.4478,20.4573,0.9819,1.4826,7.4019,Selected PATH_A with highest valid ARPS score (1.4896) satisfying all retinal preservation constraints.
aptos_2859,PATH_C,0.7133,False,14.7678,975.1829,1.4826,10.2585,0.9602,0.0,-0.5685,Selected PATH_C with highest valid ARPS score (0.7133) satisfying all retinal preservation constraints.
aptos_1577,PATH_C,1.4593,False,15.7724,991.0026,1.4826,7.221,0.9644,0.0,6.2108,Selected PATH_C with highest valid ARPS score (1.4593) satisfying all retinal preservation constraints.
aptos_0957,PATH_A,1.4227,False,16.6463,3020.6488,2.9652,14.7751,0.9724,1.4826,3.6862,Selected PATH_A with highest valid ARPS score (1.4227) satisfying all retinal preservation constraints.
aptos_2671,PATH_A,1.4039,False,20.9336,4011.2232,2.9652,18.5399,0.9774,1.4826,3.21,Selected PATH_A with highest valid ARPS score (1.4039) satisfying all retinal preservation constraints.
aptos_1099,PATH_C,0.9061,False,15.0283,2567.4792,2.9652,8.1731,0.9673,1.4826,-4.6464,Selected PATH_C with highest valid ARPS score (0.9061) satisfying all retinal preservation constraints.
aptos_1872,PATH_B,0.3808,False,18.0711,555.0914,1.4826,15.8835,0.9104,0.0,-0.239,Selected PATH_B with highest valid ARPS score (0.3808) satisfying all retinal preservation constraints.
aptos_2367,PATH_C,1.0685,False,15.5329,2797.4232,2.9652,8.9777,0.9704,1.4826,-3.5503,Selected PATH_C with highest valid ARPS score (1.0685) satisfying all retinal preservation constraints.
aptos_2571,PATH_C,1.4477,False,13.5754,866.6254,2.9652,7.3493,0.9635,1.4826,3.4546,Selected PATH_C with highest valid ARPS score (1.4477) satisfying all retinal preservation constraints.
aptos_0466,PATH_A,1.407,False,23.4368,4190.8519,2.9652,21.2294,0.986,1.4826,5.4624,Selected PATH_A with highest valid ARPS score (1.4070) satisfying all retinal preservation constraints.
aptos_2176,PATH_A,1.3764,False,23.2353,3921.3065,2.9652,24.5521,0.982,1.4826,1.0989,Selected PATH_A with highest valid ARPS score (1.3764) satisfying all retinal preservation constraints.
aptos_3446,PATH_C,0.9746,False,14.4675,2991.2443,2.9652,8.079,0.9721,1.4826,-1.9767,Selected PATH_C with highest valid ARPS score (0.9746) satisfying all retinal preservation constraints.
aptos_2786,PATH_B,0.3891,False,22.8477,657.2362,1.4826,18.9314,0.8746,0.0,0.0045,Selected PATH_B with highest valid ARPS score (0.3891) satisfying all retinal preservation constraints.
aptos_3328,PATH_A,1.438,False,12.5777,1363.1276,2.9652,11.2026,0.9703,1.4826,3.2635,Selected PATH_A with highest valid ARPS score (1.4380) satisfying all retinal preservation constraints.
aptos_2965,PATH_B,0.4101,False,19.7678,553.6533,1.4826,18.0415,0.9005,0.0,-0.598,Selected PATH_B with highest valid ARPS score (0.4101) satisfying all retinal preservation constraints.
aptos_0931,PATH_B,0.4647,False,25.3299,641.2768,1.4826,25.9434,0.9031,0.0,2.149,Selected PATH_B with highest valid ARPS score (0.4647) satisfying all retinal preservation constraints.
aptos_0844,PATH_A,1.3882,False,21.2681,2760.5572,2.9652,20.5445,0.9797,1.4826,1.1619,Selected PATH_A with highest valid ARPS score (1.3882) satisfying all retinal preservation constraints.
aptos_2236,PATH_A,1.374,False,32.0424,6139.6119,2.9652,25.2673,0.9824,1.4826,1.3639,Selected PATH_A with highest valid ARPS score (1.3740) satisfying all retinal preservation constraints.
aptos_3286,PATH_A,1.4109,False,21.0465,3428.005,2.9652,20.6321,0.982,1.4826,5.2726,Selected PATH_A with highest valid ARPS score (1.4109) satisfying all retinal preservation constraints.
aptos_3005,PATH_A,1.2384,False,22.7413,936.3563,1.4826,25.5695,0.9618,1.4826,2.086,Selected PATH_A with highest valid ARPS score (1.2384) satisfying all retinal preservation constraints.
aptos_0264,PATH_C,1.0276,False,13.6252,2813.1541,2.9652,9.265,0.9703,1.4826,-2.7981,Selected PATH_C with highest valid ARPS score (1.0276) satisfying all retinal preservation constraints.
aptos_3063,PATH_A,1.4002,False,16.2255,2159.1645,2.9652,20.9956,0.9756,1.4826,2.9485,Selected PATH_A with highest valid ARPS score (1.4002) satisfying all retinal preservation constraints.
aptos_0695,PATH_A,0.9718,False,16.2148,3860.3123,2.9652,12.1504,0.9648,1.4826,2.6702,Selected PATH_A with highest valid ARPS score (0.9718) satisfying all retinal preservation constraints.
aptos_2405,PATH_A,1.4784,False,26.803,3025.3259,1.4826,39.4169,0.9801,0.0,3.4168,Selected PATH_A with highest valid ARPS score (1.4784) satisfying all retinal preservation constraints.
aptos_3224,PATH_C,1.0336,False,20.8688,2665.9248,2.9652,7.2121,0.9763,1.4826,5.7473,Selected PATH_C with highest valid ARPS score (1.0336) satisfying all retinal preservation constraints.
aptos_0678,PATH_A,1.3912,False,21.6234,3900.1508,2.9652,19.5628,0.9783,1.4826,1.2531,Selected PATH_A with highest valid ARPS score (1.3912) satisfying all retinal preservation constraints.
aptos_2828,PATH_A,1.4052,False,17.5627,2679.319,2.9652,14.672,0.969,1.4826,1.1661,Selected PATH_A with highest valid ARPS score (1.4052) satisfying all retinal preservation constraints.
aptos_0194,PATH_A,1.4799,False,21.4016,6180.6294,4.4478,17.6314,0.9815,1.4826,4.0252,Selected PATH_A with highest valid ARPS score (1.4799) satisfying all retinal preservation constraints.
aptos_3425,PATH_A,1.4184,False,18.2175,2621.1955,2.9652,14.9399,0.9769,1.4826,3.4559,Selected PATH_A with highest valid ARPS score (1.4184) satisfying all retinal preservation constraints.
aptos_2014,PATH_C,0.8916,False,14.2167,3019.4271,2.9652,8.4014,0.9699,1.4826,-4.9966,Selected PATH_C with highest valid ARPS score (0.8916) satisfying all retinal preservation constraints.
aptos_3553,PATH_A,1.5555,False,15.8272,1258.269,1.4826,20.7226,0.9751,0.0,4.7094,Selected PATH_A with highest valid ARPS score (1.5555) satisfying all retinal preservation constraints.
aptos_0936,PATH_A,1.4248,False,19.4876,3669.8406,2.9652,13.1823,0.9763,1.4826,3.933,Selected PATH_A with highest valid ARPS score (1.4248) satisfying all retinal preservation constraints.
aptos_0140,PATH_B,0.5548,False,15.6036,574.6625,1.4826,22.0072,0.878,-1.4826,2.2147,Selected PATH_B with highest valid ARPS score (0.5548) satisfying all retinal preservation constraints.
aptos_1606,PATH_C,1.4122,False,14.3888,858.3853,1.4826,8.0922,0.9604,0.0,-2.1963,Selected PATH_C with highest valid ARPS score (1.4122) satisfying all retinal preservation constraints.
aptos_0057,PATH_B,0.3942,False,20.521,653.2537,1.4826,17.0289,0.9192,0.0,-0.5973,Selected PATH_B with highest valid ARPS score (0.3942) satisfying all retinal preservation constraints.
aptos_0403,PATH_B,0.4005,False,19.1038,393.6208,1.4826,22.3295,0.8899,0.0,1.4547,Selected PATH_B with highest valid ARPS score (0.4005) satisfying all retinal preservation constraints.
aptos_1379,PATH_B,0.6985,False,14.4369,296.9078,0.0,15.5358,0.8749,-1.4826,4.155,Selected PATH_B with highest valid ARPS score (0.6985) satisfying all retinal preservation constraints.
aptos_1186,PATH_A,1.4381,False,16.9797,2137.216,2.9652,13.9501,0.9654,1.4826,5.2707,Selected PATH_A with highest valid ARPS score (1.4381) satisfying all retinal preservation constraints.
aptos_0277,PATH_A,1.3969,False,21.775,5367.3878,4.4478,17.7457,0.9806,1.4826,0.7499,Selected PATH_A with highest valid ARPS score (1.3969) satisfying all retinal preservation constraints.
aptos_3271,PATH_A,1.4779,False,28.2271,2486.5598,1.4826,37.4436,0.9717,0.0,4.4278,Selected PATH_A with highest valid ARPS score (1.4779) satisfying all retinal preservation constraints.
aptos_0938,PATH_A,1.4193,False,19.0648,2203.3066,2.9652,16.8152,0.9689,1.4826,4.5808,Selected PATH_A with highest valid ARPS score (1.4193) satisfying all retinal preservation constraints.
aptos_0588,PATH_B,0.4009,False,15.7123,424.7584,1.4826,15.1667,0.9025,0.0,0.5011,Selected PATH_B with highest valid ARPS score (0.4009) satisfying all retinal preservation constraints.
aptos_0690,PATH_A,1.39,False,19.7644,1951.4761,2.9652,25.6393,0.9807,1.4826,4.0014,Selected PATH_A with highest valid ARPS score (1.3900) satisfying all retinal preservation constraints.
aptos_1653,PATH_A,1.3925,False,20.8211,1777.5574,2.9652,25.5139,0.951,1.4826,4.864,Selected PATH_A with highest valid ARPS score (1.3925) satisfying all retinal preservation constraints.
aptos_2395,PATH_A,1.4142,False,16.6481,2129.5175,2.9652,17.3797,0.9703,1.4826,3.5748,Selected PATH_A with highest valid ARPS score (1.4142) satisfying all retinal preservation constraints.
aptos_0732,PATH_A,1.0022,False,39.457,2438.679,2.9652,35.2091,0.9733,1.4826,1.0108,Selected PATH_A with highest valid ARPS score (1.0022) satisfying all retinal preservation constraints.
aptos_0833,PATH_A,1.0878,False,17.1484,3836.6376,2.9652,13.9168,0.9638,1.4826,0.9455,Selected PATH_A with highest valid ARPS score (1.0878) satisfying all retinal preservation constraints.
aptos_3147,PATH_C,0.8837,False,17.3455,3873.8338,2.9652,8.071,0.977,1.4826,2.4616,Selected PATH_C with highest valid ARPS score (0.8837) satisfying all retinal preservation constraints.
aptos_3107,PATH_A,1.4063,False,39.3776,1806.8554,1.4826,43.5725,0.9755,0.0,0.8698,Selected PATH_A with highest valid ARPS score (1.4063) satisfying all retinal preservation constraints.
aptos_3045,PATH_A,1.4264,False,18.7461,3613.859,2.9652,13.8941,0.9805,1.4826,4.2535,Selected PATH_A with highest valid ARPS score (1.4264) satisfying all retinal preservation constraints.
aptos_0606,PATH_A,1.467,False,25.9762,1818.5615,1.4826,27.7524,0.967,0.0,4.0016,Selected PATH_A with highest valid ARPS score (1.4670) satisfying all retinal preservation constraints.
aptos_1060,PATH_A,1.3914,False,24.2736,2396.676,2.9652,25.5143,0.9733,1.4826,5.1876,Selected PATH_A with highest valid ARPS score (1.3914) satisfying all retinal preservation constraints.
aptos_2294,PATH_A,1.3635,False,28.4445,3607.6544,2.9652,28.7395,0.9786,1.4826,1.0978,Selected PATH_A with highest valid ARPS score (1.3635) satisfying all retinal preservation constraints.
aptos_1214,PATH_B,0.3821,False,19.6367,598.4412,1.4826,17.5058,0.9052,0.0,-1.8449,Selected PATH_B with highest valid ARPS score (0.3821) satisfying all retinal preservation constraints.
aptos_1634,PATH_A,1.4043,False,23.0724,2282.8943,2.9652,19.1581,0.9713,1.4826,4.0437,Selected PATH_A with highest valid ARPS score (1.4043) satisfying all retinal preservation constraints.
aptos_2092,PATH_C,0.6889,False,13.3323,1050.8429,2.9652,10.5552,0.9639,1.4826,-1.9576,Selected PATH_C with highest valid ARPS score (0.6889) satisfying all retinal preservation constraints.
aptos_2881,PATH_A,1.4103,False,22.7778,2945.4278,2.9652,14.8538,0.9521,1.4826,3.0481,Selected PATH_A with highest valid ARPS score (1.4103) satisfying all retinal preservation constraints.
aptos_2524,PATH_A,1.5232,False,22.3694,1179.2133,1.4826,18.949,0.9737,0.0,-0.6516,Selected PATH_A with highest valid ARPS score (1.5232) satisfying all retinal preservation constraints.
aptos_0351,PATH_C,0.8567,False,15.5642,2997.1307,2.9652,7.202,0.9725,1.4826,-0.2549,Selected PATH_C with highest valid ARPS score (0.8567) satisfying all retinal preservation constraints.
aptos_1978,PATH_C,1.0276,False,13.6252,2813.1541,2.9652,9.265,0.9703,1.4826,-2.7981,Selected PATH_C with highest valid ARPS score (1.0276) satisfying all retinal preservation constraints.
aptos_3242,PATH_C,1.4456,False,15.666,1801.1689,2.9652,6.8721,0.9751,1.4826,3.5228,Selected PATH_C with highest valid ARPS score (1.4456) satisfying all retinal preservation constraints.
aptos_3239,PATH_A,1.3921,False,23.5631,3470.6214,2.9652,21.0771,0.9753,1.4826,2.6466,Selected PATH_A with highest valid ARPS score (1.3921) satisfying all retinal preservation constraints.
aptos_0552,PATH_A,1.4372,False,15.1555,1852.2402,2.9652,15.5676,0.9684,1.4826,4.9936,Selected PATH_A with highest valid ARPS score (1.4372) satisfying all retinal preservation constraints.
aptos_1466,PATH_A,1.3608,False,24.5117,2326.426,2.9652,35.0778,0.9772,1.4826,4.5085,Selected PATH_A with highest valid ARPS score (1.3608) satisfying all retinal preservation constraints.
aptos_3426,PATH_C,0.9936,False,13.1831,1724.3189,2.9652,9.2769,0.9759,1.4826,-3.312,Selected PATH_C with highest valid ARPS score (0.9936) satisfying all retinal preservation constraints.
aptos_0133,PATH_C,1.437,False,21.7897,1461.002,1.4826,8.6389,0.9708,0.0,-4.2744,Selected PATH_C with highest valid ARPS score (1.4370) satisfying all retinal preservation constraints.
aptos_1425,PATH_A,1.3961,False,25.5276,4927.7686,2.9652,22.7699,0.9873,1.4826,4.6757,Selected PATH_A with highest valid ARPS score (1.3961) satisfying all retinal preservation constraints.
aptos_2896,PATH_C,1.4704,False,14.6212,1149.7105,2.9652,7.5739,0.9671,1.4826,5.6047,Selected PATH_C with highest valid ARPS score (1.4704) satisfying all retinal preservation constraints.
aptos_1256,PATH_C,1.5389,False,14.8707,703.6452,1.4826,10.852,0.9463,0.0,3.3145,Selected PATH_C with highest valid ARPS score (1.5389) satisfying all retinal preservation constraints.
aptos_0632,PATH_C,0.9988,False,16.9254,3364.1262,2.9652,7.1382,0.9772,1.4826,1.2125,Selected PATH_C with highest valid ARPS score (0.9988) satisfying all retinal preservation constraints.
aptos_0614,PATH_A,1.4511,False,25.974,6012.1187,4.4478,24.6027,0.9843,1.4826,2.7515,Selected PATH_A with highest valid ARPS score (1.4511) satisfying all retinal preservation constraints.
aptos_1306,PATH_C,1.4445,False,13.4465,2217.5471,2.9652,7.6023,0.9827,1.4826,3.0684,Selected PATH_C with highest valid ARPS score (1.4445) satisfying all retinal preservation constraints.
aptos_1549,PATH_A,1.4066,False,18.8446,1629.4776,2.9652,16.0879,0.9663,1.4826,2.3034,Selected PATH_A with highest valid ARPS score (1.4066) satisfying all retinal preservation constraints.
aptos_2908,PATH_A,0.9305,False,18.4727,3708.8167,2.9652,14.4967,0.9383,1.4826,0.5564,Selected PATH_A with highest valid ARPS score (0.9305) satisfying all retinal preservation constraints.
aptos_2403,PATH_A,1.3529,False,28.4637,1731.4803,2.9652,35.2384,0.9804,1.4826,3.3316,Selected PATH_A with highest valid ARPS score (1.3529) satisfying all retinal preservation constraints.
aptos_2814,PATH_C,0.8338,False,15.2735,2984.6646,2.9652,7.2047,0.9723,1.4826,-0.045,Selected PATH_C with highest valid ARPS score (0.8338) satisfying all retinal preservation constraints.
aptos_0640,PATH_A,1.5331,False,19.3259,1049.5936,1.4826,23.931,0.9735,0.0,4.0311,Selected PATH_A with highest valid ARPS score (1.5331) satisfying all retinal preservation constraints.
aptos_0757,PATH_A,1.1251,False,16.014,3488.5135,2.9652,12.2584,0.9736,1.4826,3.0534,Selected PATH_A with highest valid ARPS score (1.1251) satisfying all retinal preservation constraints.
aptos_0671,PATH_A,1.3695,False,35.0557,3910.5398,2.9652,33.2698,0.9757,1.4826,7.4581,Selected PATH_A with highest valid ARPS score (1.3695) satisfying all retinal preservation constraints.
aptos_1507,PATH_C,1.4413,False,14.1621,921.3211,2.9652,7.0526,0.9581,1.4826,2.9099,Selected PATH_C with highest valid ARPS score (1.4413) satisfying all retinal preservation constraints.
aptos_0367,PATH_A,1.1526,False,31.5382,2475.7677,2.9652,32.2626,0.9676,1.4826,0.4697,Selected PATH_A with highest valid ARPS score (1.1526) satisfying all retinal preservation constraints.
aptos_0883,PATH_A,0.9865,False,19.1537,3191.6774,2.9652,15.8489,0.97,1.4826,1.6181,Selected PATH_A with highest valid ARPS score (0.9865) satisfying all retinal preservation constraints.
aptos_1686,PATH_A,1.4274,False,16.2042,2562.3875,2.9652,12.756,0.9834,1.4826,3.3833,Selected PATH_A with highest valid ARPS score (1.4274) satisfying all retinal preservation constraints.
aptos_1654,PATH_B,0.3974,False,16.3411,616.6469,1.4826,14.4223,0.9078,0.0,0.7535,Selected PATH_B with highest valid ARPS score (0.3974) satisfying all retinal preservation constraints.
aptos_3491,PATH_A,1.0148,False,18.3808,5451.3356,2.9652,11.8461,0.9713,1.4826,3.4175,Selected PATH_A with highest valid ARPS score (1.0148) satisfying all retinal preservation constraints.
aptos_1886,PATH_A,1.4316,False,14.7481,1605.2968,2.9652,19.5249,0.9683,1.4826,5.2925,Selected PATH_A with highest valid ARPS score (1.4316) satisfying all retinal preservation constraints.
aptos_2216,PATH_A,1.5048,False,26.2215,1667.0995,1.4826,28.3849,0.9799,0.0,1.6351,Selected PATH_A with highest valid ARPS score (1.5048) satisfying all retinal preservation constraints.
aptos_0970,PATH_A,1.4127,False,17.7862,1570.2776,2.9652,19.0107,0.9749,1.4826,4.1767,Selected PATH_A with highest valid ARPS score (1.4127) satisfying all retinal preservation constraints.
aptos_2817,PATH_A,1.1753,False,15.5368,3235.0287,2.9652,13.8887,0.9744,1.4826,1.8301,Selected PATH_A with highest valid ARPS score (1.1753) satisfying all retinal preservation constraints.
aptos_3250,PATH_B,0.4318,False,26.4506,448.3304,1.4826,27.4779,0.8674,0.0,1.9118,Selected PATH_B with highest valid ARPS score (0.4318) satisfying all retinal preservation constraints.
aptos_3526,PATH_A,1.4534,False,25.6007,1671.156,1.4826,28.5248,0.9488,0.0,2.0346,Selected PATH_A with highest valid ARPS score (1.4534) satisfying all retinal preservation constraints.
aptos_1704,PATH_B,0.3841,False,19.1601,516.2829,1.4826,17.2861,0.9005,0.0,-0.6073,Selected PATH_B with highest valid ARPS score (0.3841) satisfying all retinal preservation constraints.
aptos_2694,PATH_A,1.4328,False,19.3066,3717.0028,2.9652,12.7858,0.9749,1.4826,4.8711,Selected PATH_A with highest valid ARPS score (1.4328) satisfying all retinal preservation constraints.
aptos_3067,PATH_C,0.7967,False,15.3032,576.2656,1.4826,11.2841,0.9444,0.0,-0.0444,Selected PATH_C with highest valid ARPS score (0.7967) satisfying all retinal preservation constraints.
aptos_0926,PATH_A,1.4096,False,19.3937,1707.4071,2.9652,17.7422,0.9606,1.4826,3.7298,Selected PATH_A with highest valid ARPS score (1.4096) satisfying all retinal preservation constraints.
aptos_1002,PATH_A,1.4805,False,20.8461,4828.4536,4.4478,21.1306,0.9829,1.4826,5.5015,Selected PATH_A with highest valid ARPS score (1.4805) satisfying all retinal preservation constraints.
aptos_2951,PATH_B,0.5415,False,25.9616,584.3466,1.4826,19.2456,0.9235,0.0,0.791,Selected PATH_B with highest valid ARPS score (0.5415) satisfying all retinal preservation constraints.
aptos_1202,PATH_A,1.4028,False,20.7957,6068.6537,4.4478,16.527,0.9801,1.4826,1.6236,Selected PATH_A with highest valid ARPS score (1.4028) satisfying all retinal preservation constraints.
aptos_2333,PATH_C,0.7943,False,14.7592,2450.3789,2.9652,7.0729,0.9679,1.4826,0.6843,Selected PATH_C with highest valid ARPS score (0.7943) satisfying all retinal preservation constraints.
aptos_3092,PATH_A,1.4062,False,25.0954,4156.2144,2.9652,19.4727,0.9834,1.4826,4.8004,Selected PATH_A with highest valid ARPS score (1.4062) satisfying all retinal preservation constraints.
aptos_0817,PATH_C,0.9866,False,16.0826,3695.1836,2.9652,7.7794,0.9718,1.4826,-2.5803,Selected PATH_C with highest valid ARPS score (0.9866) satisfying all retinal preservation constraints.
aptos_1473,PATH_A,1.3714,False,30.1754,1928.4313,2.9652,25.968,0.9821,1.4826,1.0936,Selected PATH_A with highest valid ARPS score (1.3714) satisfying all retinal preservation constraints.
aptos_0400,PATH_B,0.48,False,17.188,427.1647,1.4826,23.3493,0.8643,0.0,2.3205,Selected PATH_B with highest valid ARPS score (0.4800) satisfying all retinal preservation constraints.
aptos_1053,PATH_A,1.4689,False,20.5298,1347.1115,1.4826,26.3085,0.9602,0.0,3.1447,Selected PATH_A with highest valid ARPS score (1.4689) satisfying all retinal preservation constraints.
aptos_2080,PATH_A,1.4459,False,15.1771,1769.4372,2.9652,12.3791,0.9761,1.4826,4.9296,Selected PATH_A with highest valid ARPS score (1.4459) satisfying all retinal preservation constraints.
aptos_1319,PATH_A,1.4132,False,17.1811,1500.958,2.9652,22.3611,0.963,1.4826,5.2335,Selected PATH_A with highest valid ARPS score (1.4132) satisfying all retinal preservation constraints.
aptos_0094,PATH_A,1.0484,False,15.125,3824.0778,2.9652,12.4782,0.9574,1.4826,2.0489,Selected PATH_A with highest valid ARPS score (1.0484) satisfying all retinal preservation constraints.
aptos_1421,PATH_C,1.3959,False,13.0367,1053.855,2.9652,8.4035,0.95,1.4826,-4.1242,Selected PATH_C with highest valid ARPS score (1.3959) satisfying all retinal preservation constraints.
aptos_0567,PATH_A,1.417,False,19.6696,3128.8839,2.9652,17.5154,0.9783,1.4826,4.5972,Selected PATH_A with highest valid ARPS score (1.4170) satisfying all retinal preservation constraints.
aptos_0536,PATH_A,1.4625,False,27.5249,5236.7911,4.4478,22.6669,0.9808,1.4826,4.4679,Selected PATH_A with highest valid ARPS score (1.4625) satisfying all retinal preservation constraints.
aptos_2346,PATH_A,1.3821,False,25.2586,2736.0473,2.9652,29.1299,0.9754,1.4826,5.5543,Selected PATH_A with highest valid ARPS score (1.3821) satisfying all retinal preservation constraints.
aptos_1353,PATH_B,0.5112,False,25.8069,675.373,1.4826,21.4345,0.9079,0.0,3.1092,Selected PATH_B with highest valid ARPS score (0.5112) satisfying all retinal preservation constraints.
aptos_1295,PATH_C,0.9217,False,15.8234,2966.6874,2.9652,8.6916,0.9704,1.4826,-2.8076,Selected PATH_C with highest valid ARPS score (0.9217) satisfying all retinal preservation constraints.
aptos_2588,PATH_B,0.415,False,15.4034,646.2032,1.4826,13.5225,0.9186,0.0,0.7717,Selected PATH_B with highest valid ARPS score (0.4150) satisfying all retinal preservation constraints.
aptos_0255,PATH_A,1.5226,False,22.3133,1481.9047,1.4826,31.5859,0.9716,0.0,6.3736,Selected PATH_A with highest valid ARPS score (1.5226) satisfying all retinal preservation constraints.
aptos_2550,PATH_B,0.4118,False,17.3845,641.2376,1.4826,15.4684,0.9227,0.0,0.3931,Selected PATH_B with highest valid ARPS score (0.4118) satisfying all retinal preservation constraints.
aptos_0998,PATH_C,1.5279,False,16.4532,1015.1696,1.4826,7.3611,0.968,0.0,2.8143,Selected PATH_C with highest valid ARPS score (1.5279) satisfying all retinal preservation constraints.
aptos_0043,PATH_A,1.4356,False,19.0166,2497.7875,2.9652,19.7115,0.9587,1.4826,7.296,Selected PATH_A with highest valid ARPS score (1.4356) satisfying all retinal preservation constraints.
aptos_1993,PATH_C,1.4675,False,19.2776,1168.8375,2.9652,6.6566,0.9681,1.4826,6.8736,Selected PATH_C with highest valid ARPS score (1.4675) satisfying all retinal preservation constraints.
aptos_2660,PATH_A,1.3965,False,25.2411,5035.4586,2.9652,21.3768,0.9847,1.4826,3.9079,Selected PATH_A with highest valid ARPS score (1.3965) satisfying all retinal preservation constraints.
aptos_2257,PATH_A,1.4145,False,15.5994,1826.5934,2.9652,18.788,0.9694,1.4826,3.8315,Selected PATH_A with highest valid ARPS score (1.4145) satisfying all retinal preservation constraints.
aptos_2901,PATH_C,1.0593,False,15.1377,3275.2541,2.9652,8.5006,0.9767,1.4826,0.2621,Selected PATH_C with highest valid ARPS score (1.0593) satisfying all retinal preservation constraints.
aptos_2091,PATH_A,1.1223,False,29.1262,3837.6319,2.9652,22.9151,0.9718,1.4826,0.382,Selected PATH_A with highest valid ARPS score (1.1223) satisfying all retinal preservation constraints.
aptos_1133,PATH_B,0.4044,False,16.6651,609.2845,1.4826,15.3788,0.9167,0.0,0.4107,Selected PATH_B with highest valid ARPS score (0.4044) satisfying all retinal preservation constraints.
aptos_3245,PATH_A,1.4437,False,14.1579,2033.8593,2.9652,12.2456,0.979,1.4826,4.3796,Selected PATH_A with highest valid ARPS score (1.4437) satisfying all retinal preservation constraints.
aptos_0419,PATH_A,1.4087,False,17.5245,1794.8017,2.9652,20.2439,0.9739,1.4826,4.0575,Selected PATH_A with highest valid ARPS score (1.4087) satisfying all retinal preservation constraints.
aptos_0535,PATH_A,1.4018,False,22.6895,2508.4048,2.9652,14.9768,0.9791,1.4826,0.7057,Selected PATH_A with highest valid ARPS score (1.4018) satisfying all retinal preservation constraints.
aptos_2876,PATH_A,1.5175,False,22.8446,1050.4673,1.4826,24.7095,0.9661,0.0,2.1976,Selected PATH_A with highest valid ARPS score (1.5175) satisfying all retinal preservation constraints.
aptos_1853,PATH_A,1.4546,False,19.8844,6196.6136,4.4478,16.0903,0.9836,1.4826,1.4002,Selected PATH_A with highest valid ARPS score (1.4546) satisfying all retinal preservation constraints.
aptos_1906,PATH_A,1.4524,False,17.4897,2209.5184,2.9652,15.2815,0.972,1.4826,6.9759,Selected PATH_A with highest valid ARPS score (1.4524) satisfying all retinal preservation constraints.
aptos_2133,PATH_C,0.8102,False,15.0929,2559.9358,2.9652,7.9402,0.9672,1.4826,-1.2488,Selected PATH_C with highest valid ARPS score (0.8102) satisfying all retinal preservation constraints.
aptos_1090,PATH_B,0.3918,False,17.9543,557.603,1.4826,15.6656,0.8966,0.0,-0.1368,Selected PATH_B with highest valid ARPS score (0.3918) satisfying all retinal preservation constraints.
aptos_1940,PATH_A,1.4596,False,16.055,2606.0381,2.9652,12.4887,0.974,1.4826,6.3458,Selected PATH_A with highest valid ARPS score (1.4596) satisfying all retinal preservation constraints.
aptos_1537,PATH_B,0.4175,False,15.8378,398.1161,1.4826,20.5494,0.8938,0.0,0.0918,Selected PATH_B with highest valid ARPS score (0.4175) satisfying all retinal preservation constraints.
aptos_3653,PATH_B,0.3905,False,18.7442,598.8356,1.4826,17.6445,0.9107,0.0,-1.1604,Selected PATH_B with highest valid ARPS score (0.3905) satisfying all retinal preservation constraints.
aptos_0828,PATH_C,0.899,False,15.0539,2692.0049,2.9652,8.1147,0.9708,1.4826,1.8351,Selected PATH_C with highest valid ARPS score (0.8990) satisfying all retinal preservation constraints.
aptos_3088,PATH_C,0.8455,False,14.6396,2563.9449,2.9652,6.6597,0.9722,1.4826,1.2831,Selected PATH_C with highest valid ARPS score (0.8455) satisfying all retinal preservation constraints.
aptos_2461,PATH_A,1.4443,False,19.5037,6376.2526,4.4478,15.124,0.98,1.4826,1.945,Selected PATH_A with highest valid ARPS score (1.4443) satisfying all retinal preservation constraints.
aptos_3169,PATH_A,1.1161,False,22.7505,4489.1319,2.9652,24.1184,0.9694,1.4826,4.3825,Selected PATH_A with highest valid ARPS score (1.1161) satisfying all retinal preservation constraints.
aptos_2321,PATH_A,1.4099,False,16.9037,1557.9706,2.9652,16.2024,0.978,1.4826,2.5082,Selected PATH_A with highest valid ARPS score (1.4099) satisfying all retinal preservation constraints.
aptos_3099,PATH_C,1.4397,False,14.0787,1599.6169,2.9652,7.3596,0.9752,1.4826,2.6779,Selected PATH_C with highest valid ARPS score (1.4397) satisfying all retinal preservation constraints.
aptos_3390,PATH_A,1.3761,False,21.8034,2107.4955,2.9652,27.2568,0.9395,1.4826,3.245,Selected PATH_A with highest valid ARPS score (1.3761) satisfying all retinal preservation constraints.
aptos_1276,PATH_C,1.4127,False,13.1765,1028.3363,2.9652,8.3696,0.966,1.4826,-0.7041,Selected PATH_C with highest valid ARPS score (1.4127) satisfying all retinal preservation constraints.
aptos_3481,PATH_A,1.512,False,22.3841,1383.7067,1.4826,28.0781,0.9656,0.0,3.0198,Selected PATH_A with highest valid ARPS score (1.5120) satisfying all retinal preservation constraints.
aptos_2088,PATH_C,1.0814,False,22.9079,2761.8773,2.9652,9.7902,0.9675,1.4826,-4.4887,Selected PATH_C with highest valid ARPS score (1.0814) satisfying all retinal preservation constraints.
aptos_0095,PATH_A,1.3405,False,30.1539,3263.0222,2.9652,30.8243,0.9476,1.4826,0.2676,Selected PATH_A with highest valid ARPS score (1.3405) satisfying all retinal preservation constraints.
aptos_3064,PATH_C,1.343,False,14.4394,2298.6599,2.9652,8.8788,0.9759,1.4826,-0.816,Selected PATH_C with highest valid ARPS score (1.3430) satisfying all retinal preservation constraints.
aptos_0055,PATH_C,0.888,False,14.5956,2844.573,2.9652,7.1193,0.9685,1.4826,-4.0637,Selected PATH_C with highest valid ARPS score (0.8880) satisfying all retinal preservation constraints.
aptos_2788,PATH_A,1.4283,False,17.0924,2436.4617,2.9652,15.0085,0.9802,1.4826,4.4705,Selected PATH_A with highest valid ARPS score (1.4283) satisfying all retinal preservation constraints.
aptos_1344,PATH_C,0.8978,False,14.0761,2302.2032,2.9652,8.1155,0.9729,1.4826,0.3218,Selected PATH_C with highest valid ARPS score (0.8978) satisfying all retinal preservation constraints.
aptos_1022,PATH_C,1.0338,False,13.8788,2777.6013,2.9652,9.5509,0.9733,1.4826,-2.8186,Selected PATH_C with highest valid ARPS score (1.0338) satisfying all retinal preservation constraints.
aptos_1817,PATH_A,1.5351,False,17.5285,1205.2226,1.4826,28.5366,0.957,0.0,5.516,Selected PATH_A with highest valid ARPS score (1.5351) satisfying all retinal preservation constraints.
aptos_2873,PATH_C,1.4428,False,13.5058,1857.5688,2.9652,6.1317,0.9738,1.4826,3.5026,Selected PATH_C with highest valid ARPS score (1.4428) satisfying all retinal preservation constraints.
aptos_2050,PATH_A,1.3424,False,21.3088,5772.0193,4.4478,15.814,0.9787,1.4826,0.8886,Selected PATH_A with highest valid ARPS score (1.3424) satisfying all retinal preservation constraints.
aptos_2262,PATH_A,1.34,False,15.8093,2532.3351,2.9652,15.4203,0.9518,1.4826,2.6388,Selected PATH_A with highest valid ARPS score (1.3400) satisfying all retinal preservation constraints.
aptos_1149,PATH_A,1.4346,False,15.4996,2673.2416,2.9652,12.9394,0.9797,1.4826,4.1083,Selected PATH_A with highest valid ARPS score (1.4346) satisfying all retinal preservation constraints.
aptos_3534,PATH_A,1.4376,False,14.9707,1257.2988,2.9652,13.2689,0.9597,1.4826,4.4667,Selected PATH_A with highest valid ARPS score (1.4376) satisfying all retinal preservation constraints.
aptos_1706,PATH_C,0.9936,False,13.1831,1724.3189,2.9652,9.2769,0.9759,1.4826,-3.312,Selected PATH_C with highest valid ARPS score (0.9936) satisfying all retinal preservation constraints.
aptos_1804,PATH_B,0.4013,False,20.2252,658.2134,1.4826,17.7265,0.9178,0.0,-1.1228,Selected PATH_B with highest valid ARPS score (0.4013) satisfying all retinal preservation constraints.
aptos_3373,PATH_C,1.0275,False,13.0241,1523.5067,2.9652,8.4343,0.9725,1.4826,-0.5438,Selected PATH_C with highest valid ARPS score (1.0275) satisfying all retinal preservation constraints.
aptos_1685,PATH_C,0.7247,False,12.9889,1161.5949,1.4826,12.4536,0.9673,-1.4826,-0.9264,Selected PATH_C with highest valid ARPS score (0.7247) satisfying all retinal preservation constraints.
aptos_3149,PATH_A,1.4265,False,19.4858,2104.228,2.9652,15.8662,0.973,1.4826,5.2464,Selected PATH_A with highest valid ARPS score (1.4265) satisfying all retinal preservation constraints.
aptos_1131,PATH_A,1.4179,False,22.7134,2375.3768,2.9652,11.9067,0.9756,1.4826,2.5261,Selected PATH_A with highest valid ARPS score (1.4179) satisfying all retinal preservation constraints.
aptos_0830,PATH_B,0.404,False,17.7257,594.0477,1.4826,15.479,0.9124,0.0,-0.0322,Selected PATH_B with highest valid ARPS score (0.4040) satisfying all retinal preservation constraints.
aptos_3265,PATH_C,1.0137,False,14.7106,3335.1976,2.9652,7.7995,0.974,1.4826,0.0699,Selected PATH_C with highest valid ARPS score (1.0137) satisfying all retinal preservation constraints.
aptos_3657,PATH_A,1.4475,False,15.9489,2883.4899,2.9652,15.4939,0.9719,1.4826,6.0538,Selected PATH_A with highest valid ARPS score (1.4475) satisfying all retinal preservation constraints.
aptos_1146,PATH_A,1.3464,False,34.0235,3286.0405,2.9652,33.9208,0.9805,1.4826,0.2585,Selected PATH_A with highest valid ARPS score (1.3464) satisfying all retinal preservation constraints.
aptos_2001,PATH_A,1.1464,False,44.1307,4602.0562,2.9652,39.5056,0.9696,1.4826,-3.9006,Selected PATH_A with highest valid ARPS score (1.1464) satisfying all retinal preservation constraints.
aptos_1387,PATH_C,0.8641,False,16.3638,3611.8221,2.9652,7.89,0.9723,1.4826,-2.5505,Selected PATH_C with highest valid ARPS score (0.8641) satisfying all retinal preservation constraints.
aptos_3575,PATH_A,1.3959,False,18.3091,1979.3319,2.9652,18.9327,0.9847,1.4826,1.5293,Selected PATH_A with highest valid ARPS score (1.3959) satisfying all retinal preservation constraints.
aptos_0741,PATH_A,1.3904,False,28.0205,3077.8174,2.9652,22.8595,0.9804,1.4826,3.9326,Selected PATH_A with highest valid ARPS score (1.3904) satisfying all retinal preservation constraints.
aptos_1492,PATH_A,1.3825,False,24.7995,4427.4707,2.9652,24.4812,0.9814,1.4826,2.6956,Selected PATH_A with highest valid ARPS score (1.3825) satisfying all retinal preservation constraints.
aptos_2025,PATH_B,0.3917,False,17.8469,539.3495,1.4826,15.7954,0.894,0.0,-0.1765,Selected PATH_B with highest valid ARPS score (0.3917) satisfying all retinal preservation constraints.
aptos_0829,PATH_A,1.4181,False,18.9361,2540.2196,2.9652,15.845,0.9791,1.4826,3.9165,Selected PATH_A with highest valid ARPS score (1.4181) satisfying all retinal preservation constraints.
aptos_0213,PATH_A,1.4764,False,12.5499,2503.5815,2.9652,10.3234,0.9395,1.4826,5.6255,Selected PATH_A with highest valid ARPS score (1.4764) satisfying all retinal preservation constraints.
aptos_2562,PATH_A,1.4114,False,17.4528,1634.6176,2.9652,18.6124,0.9726,1.4826,3.8053,Selected PATH_A with highest valid ARPS score (1.4114) satisfying all retinal preservation constraints.
aptos_2987,PATH_A,1.0386,False,21.2282,980.5713,1.4826,26.9137,0.9476,1.4826,0.671,Selected PATH_A with highest valid ARPS score (1.0386) satisfying all retinal preservation constraints.
aptos_0996,PATH_A,1.4244,False,15.2877,1782.2086,2.9652,15.7979,0.9743,1.4826,3.8733,Selected PATH_A with highest valid ARPS score (1.4244) satisfying all retinal preservation constraints.
aptos_3423,PATH_C,1.1275,False,18.2825,2020.0426,2.9652,6.5033,0.9779,1.4826,5.3458,Selected PATH_C with highest valid ARPS score (1.1275) satisfying all retinal preservation constraints.
aptos_3397,PATH_A,1.4607,False,14.7547,1816.6681,2.9652,11.6108,0.9602,1.4826,5.8032,Selected PATH_A with highest valid ARPS score (1.4607) satisfying all retinal preservation constraints.
aptos_2310,PATH_A,1.3814,False,22.8335,1784.3912,1.4826,28.2983,0.9503,0.0,3.2324,Selected PATH_A with highest valid ARPS score (1.3814) satisfying all retinal preservation constraints.
aptos_0469,PATH_A,1.4456,False,16.4347,2392.7494,2.9652,15.0603,0.977,1.4826,5.9618,Selected PATH_A with highest valid ARPS score (1.4456) satisfying all retinal preservation constraints.
aptos_0699,PATH_A,1.4317,False,20.7962,2539.5815,2.9652,17.1023,0.9771,1.4826,6.654,Selected PATH_A with highest valid ARPS score (1.4317) satisfying all retinal preservation constraints.
aptos_1604,PATH_A,1.4085,False,16.7794,1798.9807,2.9652,16.462,0.9677,1.4826,2.4842,Selected PATH_A with highest valid ARPS score (1.4085) satisfying all retinal preservation constraints.
aptos_1161,PATH_A,1.4402,False,15.0367,1573.5633,2.9652,12.5455,0.9693,1.4826,4.4729,Selected PATH_A with highest valid ARPS score (1.4402) satisfying all retinal preservation constraints.
aptos_1209,PATH_C,0.617,False,14.3688,1781.4963,2.9652,10.0816,0.9712,1.4826,-1.1712,Selected PATH_C with highest valid ARPS score (0.6170) satisfying all retinal preservation constraints.
aptos_0273,PATH_A,1.4222,False,17.6809,2027.8555,2.9652,15.4588,0.975,1.4826,4.0795,Selected PATH_A with highest valid ARPS score (1.4222) satisfying all retinal preservation constraints.
aptos_3105,PATH_A,1.4428,False,16.2334,2990.8008,2.9652,13.4009,0.9835,1.4826,5.2067,Selected PATH_A with highest valid ARPS score (1.4428) satisfying all retinal preservation constraints.
aptos_2499,PATH_B,0.3919,False,17.1038,575.4059,1.4826,15.7565,0.9135,0.0,-0.9558,Selected PATH_B with highest valid ARPS score (0.3919) satisfying all retinal preservation constraints.
aptos_0643,PATH_B,0.4651,False,21.7032,524.6271,1.4826,32.4161,0.8811,0.0,4.0836,Selected PATH_B with highest valid ARPS score (0.4651) satisfying all retinal preservation constraints.
aptos_2393,PATH_B,0.503,False,21.274,641.8847,1.4826,19.2548,0.9208,0.0,-0.139,Selected PATH_B with highest valid ARPS score (0.5030) satisfying all retinal preservation constraints.
aptos_2401,PATH_A,1.4289,False,15.2755,1813.9944,2.9652,13.5001,0.9673,1.4826,3.7155,Selected PATH_A with highest valid ARPS score (1.4289) satisfying all retinal preservation constraints.
aptos_0492,PATH_A,1.4342,False,16.4859,1554.1267,2.9652,14.1064,0.9728,1.4826,4.724,Selected PATH_A with highest valid ARPS score (1.4342) satisfying all retinal preservation constraints.
aptos_2009,PATH_B,0.3928,False,18.9216,617.6166,1.4826,15.4237,0.9152,0.0,2.1598,Selected PATH_B with highest valid ARPS score (0.3928) satisfying all retinal preservation constraints.
aptos_2462,PATH_B,0.4036,False,15.6034,595.5626,1.4826,14.7713,0.9031,0.0,-0.4107,Selected PATH_B with highest valid ARPS score (0.4036) satisfying all retinal preservation constraints.
aptos_1287,PATH_C,1.062,False,14.6634,1926.8375,2.9652,6.6926,0.9796,1.4826,4.3727,Selected PATH_C with highest valid ARPS score (1.0620) satisfying all retinal preservation constraints.
aptos_0502,PATH_C,1.1381,False,13.961,2042.0033,2.9652,8.3294,0.9783,1.4826,0.861,Selected PATH_C with highest valid ARPS score (1.1381) satisfying all retinal preservation constraints.
aptos_0220,PATH_C,1.4104,False,15.4071,1427.9421,2.9652,6.1813,0.9635,1.4826,-2.7555,Selected PATH_C with highest valid ARPS score (1.4104) satisfying all retinal preservation constraints.
aptos_2355,PATH_A,1.3806,False,24.1808,1715.3717,2.9652,29.0609,0.9795,1.4826,4.9463,Selected PATH_A with highest valid ARPS score (1.3806) satisfying all retinal preservation constraints.
aptos_0852,PATH_A,1.4168,False,20.4781,1821.1225,2.9652,16.4593,0.9776,1.4826,4.3175,Selected PATH_A with highest valid ARPS score (1.4168) satisfying all retinal preservation constraints.
aptos_1267,PATH_A,1.4538,False,14.3374,1836.6935,2.9652,13.3779,0.9692,1.4826,5.4711,Selected PATH_A with highest valid ARPS score (1.4538) satisfying all retinal preservation constraints.
aptos_2209,PATH_A,1.3837,False,21.1718,1458.3901,2.9652,22.3061,0.9716,1.4826,1.3951,Selected PATH_A with highest valid ARPS score (1.3837) satisfying all retinal preservation constraints.
aptos_3091,PATH_B,0.401,False,17.3548,597.7829,1.4826,15.9041,0.9075,0.0,0.1446,Selected PATH_B with highest valid ARPS score (0.4010) satisfying all retinal preservation constraints.
aptos_0781,PATH_A,1.4742,False,15.0432,2422.8225,2.9652,10.2477,0.9833,1.4826,6.4279,Selected PATH_A with highest valid ARPS score (1.4742) satisfying all retinal preservation constraints.
aptos_0201,PATH_C,0.9601,False,13.9536,2768.2269,2.9652,7.2923,0.9736,1.4826,-0.6929,Selected PATH_C with highest valid ARPS score (0.9601) satisfying all retinal preservation constraints.
aptos_3117,PATH_A,1.4687,False,18.2905,5076.8879,4.4478,16.3071,0.9766,1.4826,0.9436,Selected PATH_A with highest valid ARPS score (1.4687) satisfying all retinal preservation constraints.
aptos_2742,PATH_B,0.3904,False,18.8465,639.8363,1.4826,15.7778,0.9052,0.0,0.3365,Selected PATH_B with highest valid ARPS score (0.3904) satisfying all retinal preservation constraints.
aptos_1309,PATH_A,1.4093,False,20.1569,1981.122,2.9652,19.1895,0.9708,1.4826,4.3462,Selected PATH_A with highest valid ARPS score (1.4093) satisfying all retinal preservation constraints.
aptos_0507,PATH_A,1.4146,False,18.5268,3976.0034,2.9652,13.314,0.9864,1.4826,2.0574,Selected PATH_A with highest valid ARPS score (1.4146) satisfying all retinal preservation constraints.
aptos_2261,PATH_B,0.4945,False,19.5946,811.4934,1.4826,18.5867,0.925,0.0,0.7465,Selected PATH_B with highest valid ARPS score (0.4945) satisfying all retinal preservation constraints.
aptos_0879,PATH_C,0.9523,False,18.8381,2592.1598,2.9652,8.3085,0.9747,1.4826,2.6972,Selected PATH_C with highest valid ARPS score (0.9523) satisfying all retinal preservation constraints.
aptos_2903,PATH_C,1.0604,False,14.5869,1996.0182,2.9652,8.5376,0.971,1.4826,-0.733,Selected PATH_C with highest valid ARPS score (1.0604) satisfying all retinal preservation constraints.
aptos_1094,PATH_A,1.4415,False,32.5046,5457.0402,4.4478,26.6524,0.9711,1.4826,2.5001,Selected PATH_A with highest valid ARPS score (1.4415) satisfying all retinal preservation constraints.
aptos_1703,PATH_A,0.9697,False,20.6931,5967.8232,2.9652,12.903,0.9717,1.4826,3.6274,Selected PATH_A with highest valid ARPS score (0.9697) satisfying all retinal preservation constraints.
aptos_0357,PATH_C,0.9461,False,15.5418,1976.2703,2.9652,9.0221,0.9703,1.4826,0.7661,Selected PATH_C with highest valid ARPS score (0.9461) satisfying all retinal preservation constraints.
aptos_0364,PATH_A,1.4381,False,15.4514,3038.0217,2.9652,13.8549,0.971,1.4826,4.7294,Selected PATH_A with highest valid ARPS score (1.4381) satisfying all retinal preservation constraints.
aptos_2117,PATH_A,1.4296,False,18.5761,2303.71,2.9652,13.7384,0.9793,1.4826,4.5842,Selected PATH_A with highest valid ARPS score (1.4296) satisfying all retinal preservation constraints.
aptos_0228,PATH_A,1.4037,False,25.9652,3461.228,2.9652,17.8293,0.966,1.4826,3.6599,Selected PATH_A with highest valid ARPS score (1.4037) satisfying all retinal preservation constraints.
aptos_2338,PATH_A,1.4267,False,18.7466,4103.814,2.9652,13.388,0.9833,1.4826,4.0689,Selected PATH_A with highest valid ARPS score (1.4267) satisfying all retinal preservation constraints.
aptos_0952,PATH_A,1.4382,False,14.4512,2449.7136,2.9652,12.6194,0.9752,1.4826,4.1064,Selected PATH_A with highest valid ARPS score (1.4382) satisfying all retinal preservation constraints.
aptos_3605,PATH_A,1.0605,False,20.8405,4801.6171,2.9652,15.4536,0.9763,1.4826,2.165,Selected PATH_A with highest valid ARPS score (1.0605) satisfying all retinal preservation constraints.
aptos_0378,PATH_C,1.4226,False,13.2413,664.0625,1.4826,8.6773,0.9605,0.0,2.5219,Selected PATH_C with highest valid ARPS score (1.4226) satisfying all retinal preservation constraints.
aptos_2609,PATH_A,1.4542,False,16.6589,3096.4019,2.9652,11.755,0.9782,1.4826,5.9709,Selected PATH_A with highest valid ARPS score (1.4542) satisfying all retinal preservation constraints.
aptos_1055,PATH_A,1.4252,False,16.9247,1673.3497,2.9652,13.0692,0.978,1.4826,3.4056,Selected PATH_A with highest valid ARPS score (1.4252) satisfying all retinal preservation constraints.
aptos_1382,PATH_B,0.4779,False,32.9485,1356.1803,1.4826,27.8623,0.9345,0.0,2.4125,Selected PATH_B with highest valid ARPS score (0.4779) satisfying all retinal preservation constraints.
aptos_1243,PATH_A,1.39,False,18.0899,3111.8425,2.9652,19.8495,0.9729,1.4826,1.0374,Selected PATH_A with highest valid ARPS score (1.3900) satisfying all retinal preservation constraints.
aptos_3430,PATH_C,1.0489,False,15.0136,2260.8301,2.9652,8.1345,0.9743,1.4826,-2.0583,Selected PATH_C with highest valid ARPS score (1.0489) satisfying all retinal preservation constraints.
aptos_1958,PATH_C,1.5686,False,21.1387,965.9508,1.4826,6.185,0.9662,0.0,9.8356,Selected PATH_C with highest valid ARPS score (1.5686) satisfying all retinal preservation constraints.
aptos_2771,PATH_C,0.8176,False,18.1349,3773.9841,2.9652,7.5334,0.9664,1.4826,-0.7503,Selected PATH_C with highest valid ARPS score (0.8176) satisfying all retinal preservation constraints.
aptos_0402,PATH_A,1.4375,False,14.2954,1367.8048,2.9652,12.1105,0.9525,1.4826,4.014,Selected PATH_A with highest valid ARPS score (1.4375) satisfying all retinal preservation constraints.
aptos_0269,PATH_C,1.0392,False,13.859,2913.8834,2.9652,8.1396,0.9706,1.4826,-2.0785,Selected PATH_C with highest valid ARPS score (1.0392) satisfying all retinal preservation constraints.
aptos_0180,PATH_C,0.9941,False,13.7228,2986.4034,2.9652,8.3449,0.9734,1.4826,-4.2363,Selected PATH_C with highest valid ARPS score (0.9941) satisfying all retinal preservation constraints.
aptos_1481,PATH_B,0.524,False,21.3096,661.5502,1.4826,21.5158,0.916,0.0,0.1867,Selected PATH_B with highest valid ARPS score (0.5240) satisfying all retinal preservation constraints.
aptos_3137,PATH_A,1.0233,False,12.5735,2907.9434,2.9652,11.8797,0.9666,1.4826,1.3635,Selected PATH_A with highest valid ARPS score (1.0233) satisfying all retinal preservation constraints.
aptos_1557,PATH_A,1.2515,False,14.5576,3353.1508,2.9652,13.1723,0.9777,1.4826,2.0932,Selected PATH_A with highest valid ARPS score (1.2515) satisfying all retinal preservation constraints.
aptos_1609,PATH_A,1.4389,False,26.8748,1773.3172,1.4826,27.0957,0.9673,0.0,2.0824,Selected PATH_A with highest valid ARPS score (1.4389) satisfying all retinal preservation constraints.
aptos_2627,PATH_A,1.518,False,21.8256,1534.8187,1.4826,25.8892,0.959,0.0,2.9997,Selected PATH_A with highest valid ARPS score (1.5180) satisfying all retinal preservation constraints.
aptos_1371,PATH_A,1.2277,False,27.3361,2436.1395,2.9652,27.2466,0.9664,1.4826,1.6081,Selected PATH_A with highest valid ARPS score (1.2277) satisfying all retinal preservation constraints.
aptos_2152,PATH_A,1.4402,False,14.8307,2090.6041,2.9652,10.5592,0.9631,1.4826,3.9354,Selected PATH_A with highest valid ARPS score (1.4402) satisfying all retinal preservation constraints.
aptos_0815,PATH_A,1.4369,False,16.2369,1925.5726,2.9652,12.6764,0.9795,1.4826,4.4656,Selected PATH_A with highest valid ARPS score (1.4369) satisfying all retinal preservation constraints.
aptos_0682,PATH_A,1.3872,False,22.2809,2253.4573,2.9652,25.2822,0.9841,1.4826,3.7815,Selected PATH_A with highest valid ARPS score (1.3872) satisfying all retinal preservation constraints.
aptos_0794,PATH_C,0.9755,False,15.33,3021.7035,2.9652,8.479,0.9722,1.4826,-0.8335,Selected PATH_C with highest valid ARPS score (0.9755) satisfying all retinal preservation constraints.
aptos_1648,PATH_C,1.4059,False,16.6598,1362.4914,2.9652,8.8996,0.9642,1.4826,-2.1513,Selected PATH_C with highest valid ARPS score (1.4059) satisfying all retinal preservation constraints.
aptos_0120,PATH_A,1.4223,False,18.789,3053.7491,2.9652,18.7336,0.9773,1.4826,5.4793,Selected PATH_A with highest valid ARPS score (1.4223) satisfying all retinal preservation constraints.
aptos_2919,PATH_A,1.4275,False,16.8281,3451.1244,2.9652,13.7841,0.9764,1.4826,3.9418,Selected PATH_A with highest valid ARPS score (1.4275) satisfying all retinal preservation constraints.
aptos_0779,PATH_C,1.1488,False,17.8221,1741.6489,2.9652,6.8464,0.9732,1.4826,6.7736,Selected PATH_C with highest valid ARPS score (1.1488) satisfying all retinal preservation constraints.
aptos_1320,PATH_B,0.4023,False,16.7924,551.6481,1.4826,14.5548,0.9029,0.0,0.9482,Selected PATH_B with highest valid ARPS score (0.4023) satisfying all retinal preservation constraints.
aptos_0004,PATH_B,0.5143,False,18.3983,357.9891,1.4826,26.6299,0.8928,0.0,1.9913,Selected PATH_B with highest valid ARPS score (0.5143) satisfying all retinal preservation constraints.
aptos_3234,PATH_A,1.4306,False,17.0262,1746.5825,2.9652,14.4225,0.9665,1.4826,4.6327,Selected PATH_A with highest valid ARPS score (1.4306) satisfying all retinal preservation constraints.
aptos_1928,PATH_C,1.127,False,15.465,1933.4112,2.9652,6.8501,0.9822,1.4826,3.7963,Selected PATH_C with highest valid ARPS score (1.1270) satisfying all retinal preservation constraints.
aptos_2354,PATH_C,0.9789,False,13.4236,2820.3435,2.9652,7.6749,0.9741,1.4826,-1.8828,Selected PATH_C with highest valid ARPS score (0.9789) satisfying all retinal preservation constraints.
aptos_2011,PATH_A,1.4297,False,17.6676,2693.2651,2.9652,15.426,0.9731,1.4826,4.9777,Selected PATH_A with highest valid ARPS score (1.4297) satisfying all retinal preservation constraints.
aptos_1505,PATH_C,1.4425,False,16.5188,1218.1959,2.9652,7.4339,0.9733,1.4826,3.5443,Selected PATH_C with highest valid ARPS score (1.4425) satisfying all retinal preservation constraints.
aptos_3274,PATH_A,1.3856,False,29.2903,1848.1674,2.9652,24.713,0.9727,1.4826,4.3701,Selected PATH_A with highest valid ARPS score (1.3856) satisfying all retinal preservation constraints.
aptos_0343,PATH_A,1.4449,False,17.964,2731.1597,2.9652,12.5295,0.9806,1.4826,5.7459,Selected PATH_A with highest valid ARPS score (1.4449) satisfying all retinal preservation constraints.
aptos_3379,PATH_A,1.349,False,25.4387,3075.8655,2.9652,28.3048,0.9632,1.4826,3.6249,Selected PATH_A with highest valid ARPS score (1.3490) satisfying all retinal preservation constraints.
aptos_1598,PATH_A,1.4333,False,23.0254,5490.7919,4.4478,19.5086,0.9791,1.4826,2.9368,Selected PATH_A with highest valid ARPS score (1.4333) satisfying all retinal preservation constraints.
aptos_2316,PATH_C,1.4311,False,12.8377,1513.9317,2.9652,7.1568,0.9766,1.4826,1.3986,Selected PATH_C with highest valid ARPS score (1.4311) satisfying all retinal preservation constraints.
aptos_2344,PATH_C,1.2985,False,21.3679,2955.1383,2.9652,9.2848,0.9778,1.4826,-0.1006,Selected PATH_C with highest valid ARPS score (1.2985) satisfying all retinal preservation constraints.
aptos_0302,PATH_B,0.4014,False,19.2833,629.9137,1.4826,16.6633,0.9174,0.0,0.7386,Selected PATH_B with highest valid ARPS score (0.4014) satisfying all retinal preservation constraints.
aptos_3260,PATH_A,1.5091,False,22.2896,1859.7691,1.4826,27.573,0.9604,0.0,2.1717,Selected PATH_A with highest valid ARPS score (1.5091) satisfying all retinal preservation constraints.
aptos_1511,PATH_C,1.0694,False,16.0392,3446.4234,2.9652,7.6552,0.9698,1.4826,-2.7261,Selected PATH_C with highest valid ARPS score (1.0694) satisfying all retinal preservation constraints.
aptos_1768,PATH_C,0.8626,False,15.8469,3052.6446,2.9652,7.4439,0.9711,1.4826,0.3597,Selected PATH_C with highest valid ARPS score (0.8626) satisfying all retinal preservation constraints.
aptos_1184,PATH_A,1.425,False,18.8935,3279.4934,2.9652,13.8836,0.9797,1.4826,4.0842,Selected PATH_A with highest valid ARPS score (1.4250) satisfying all retinal preservation constraints.
aptos_2544,PATH_A,1.3849,False,22.1547,3209.0413,2.9652,20.7152,0.9795,1.4826,0.5134,Selected PATH_A with highest valid ARPS score (1.3849) satisfying all retinal preservation constraints.
aptos_2325,PATH_C,1.0597,False,14.6939,3419.3481,2.9652,8.4878,0.9764,1.4826,-0.9118,Selected PATH_C with highest valid ARPS score (1.0597) satisfying all retinal preservation constraints.
aptos_3009,PATH_A,1.308,False,26.3635,2538.0542,2.9652,19.4286,0.9733,1.4826,5.4157,Selected PATH_A with highest valid ARPS score (1.3080) satisfying all retinal preservation constraints.
aptos_0842,PATH_B,0.4072,False,18.8965,635.5146,1.4826,15.3417,0.907,0.0,2.1969,Selected PATH_B with highest valid ARPS score (0.4072) satisfying all retinal preservation constraints.
aptos_3155,PATH_B,0.4102,False,14.9464,417.813,1.4826,16.7722,0.904,0.0,0.6023,Selected PATH_B with highest valid ARPS score (0.4102) satisfying all retinal preservation constraints.
aptos_2570,PATH_A,1.1828,False,17.869,3373.8529,2.9652,15.899,0.9707,1.4826,2.8282,Selected PATH_A with highest valid ARPS score (1.1828) satisfying all retinal preservation constraints.
aptos_2185,PATH_A,1.3837,False,22.4851,2512.1445,2.9652,20.8146,0.9825,1.4826,0.2152,Selected PATH_A with highest valid ARPS score (1.3837) satisfying all retinal preservation constraints.
aptos_1484,PATH_A,1.4266,False,15.63,2495.9693,2.9652,13.3082,0.974,1.4826,3.428,Selected PATH_A with highest valid ARPS score (1.4266) satisfying all retinal preservation constraints.
aptos_3499,PATH_C,1.4453,False,13.3655,1457.8396,2.9652,6.5189,0.9727,1.4826,2.8966,Selected PATH_C with highest valid ARPS score (1.4453) satisfying all retinal preservation constraints.
aptos_0877,PATH_C,1.4324,False,13.7106,1647.9469,2.9652,6.4108,0.9726,1.4826,1.4278,Selected PATH_C with highest valid ARPS score (1.4324) satisfying all retinal preservation constraints.
aptos_3400,PATH_C,0.8755,False,14.941,3023.7052,2.9652,6.7835,0.967,1.4826,-3.5034,Selected PATH_C with highest valid ARPS score (0.8755) satisfying all retinal preservation constraints.
aptos_1850,PATH_A,1.3929,False,18.1094,1693.7451,2.9652,19.5824,0.9775,1.4826,1.4049,Selected PATH_A with highest valid ARPS score (1.3929) satisfying all retinal preservation constraints.
aptos_1439,PATH_A,1.4411,False,17.1933,2041.2849,2.9652,12.9465,0.9752,1.4826,5.2795,Selected PATH_A with highest valid ARPS score (1.4411) satisfying all retinal preservation constraints.
aptos_0256,PATH_A,0.9989,False,18.3974,3813.2402,2.9652,15.3084,0.9735,1.4826,0.2948,Selected PATH_A with highest valid ARPS score (0.9989) satisfying all retinal preservation constraints.
aptos_0259,PATH_A,1.4273,False,16.8901,1749.0621,2.9652,15.3406,0.9662,1.4826,4.5198,Selected PATH_A with highest valid ARPS score (1.4273) satisfying all retinal preservation constraints.
aptos_2369,PATH_A,1.4172,False,19.5612,4395.2547,2.9652,16.4573,0.9794,1.4826,4.1575,Selected PATH_A with highest valid ARPS score (1.4172) satisfying all retinal preservation constraints.
aptos_0513,PATH_A,1.432,False,17.3494,3472.4922,2.9652,13.7483,0.9747,1.4826,4.599,Selected PATH_A with highest valid ARPS score (1.4320) satisfying all retinal preservation constraints.
aptos_2875,PATH_B,0.4869,False,25.7061,821.6525,1.4826,22.1923,0.9074,0.0,0.5979,Selected PATH_B with highest valid ARPS score (0.4869) satisfying all retinal preservation constraints.
aptos_0219,PATH_B,0.4431,False,23.6538,997.699,1.4826,15.2072,0.8805,0.0,2.5985,Selected PATH_B with highest valid ARPS score (0.4431) satisfying all retinal preservation constraints.
aptos_3573,PATH_B,0.4045,False,20.997,714.3098,1.4826,17.5197,0.916,0.0,-0.7132,Selected PATH_B with highest valid ARPS score (0.4045) satisfying all retinal preservation constraints.
aptos_2972,PATH_B,0.4138,False,16.353,425.5174,1.4826,17.606,0.9048,0.0,0.7061,Selected PATH_B with highest valid ARPS score (0.4138) satisfying all retinal preservation constraints.
aptos_1468,PATH_A,1.3726,False,24.4802,2397.179,2.9652,24.8675,0.981,1.4826,0.3754,Selected PATH_A with highest valid ARPS score (1.3726) satisfying all retinal preservation constraints.
aptos_0870,PATH_C,1.5789,False,15.4057,858.0499,1.4826,7.3873,0.9686,0.0,3.1352,Selected PATH_C with highest valid ARPS score (1.5789) satisfying all retinal preservation constraints.
aptos_2060,PATH_B,0.4047,False,18.8661,687.0652,1.4826,15.5925,0.9157,0.0,-0.6101,Selected PATH_B with highest valid ARPS score (0.4047) satisfying all retinal preservation constraints.
aptos_0868,PATH_B,0.4861,False,22.0015,539.858,1.4826,22.6763,0.8912,0.0,3.0301,Selected PATH_B with highest valid ARPS score (0.4861) satisfying all retinal preservation constraints.
aptos_2894,PATH_C,1.3273,False,12.6586,1732.6724,2.9652,9.0603,0.9728,1.4826,-2.0301,Selected PATH_C with highest valid ARPS score (1.3273) satisfying all retinal preservation constraints.
aptos_3460,PATH_C,1.0798,False,13.7156,1801.1956,2.9652,9.9195,0.9745,1.4826,-1.8599,Selected PATH_C with highest valid ARPS score (1.0798) satisfying all retinal preservation constraints.
aptos_0083,PATH_A,1.5804,False,16.6574,1228.4574,1.4826,15.2396,0.9707,0.0,5.8559,Selected PATH_A with highest valid ARPS score (1.5804) satisfying all retinal preservation constraints.
aptos_0872,PATH_A,1.3476,False,27.9479,2064.0456,2.9652,37.074,0.9753,1.4826,3.3269,Selected PATH_A with highest valid ARPS score (1.3476) satisfying all retinal preservation constraints.
aptos_2752,PATH_C,0.7189,False,14.5038,572.2497,1.4826,12.1653,0.9529,0.0,0.6837,Selected PATH_C with highest valid ARPS score (0.7189) satisfying all retinal preservation constraints.
aptos_2205,PATH_C,1.2539,False,17.2404,1587.7169,2.9652,8.3979,0.9701,1.4826,-1.5448,Selected PATH_C with highest valid ARPS score (1.2539) satisfying all retinal preservation constraints.
aptos_1679,PATH_C,0.5701,False,13.1035,1072.1227,2.9652,11.1268,0.9667,1.4826,-4.6095,Selected PATH_C with highest valid ARPS score (0.5701) satisfying all retinal preservation constraints.
aptos_1356,PATH_A,1.4197,False,20.8558,4357.2645,2.9652,16.4982,0.9743,1.4826,4.89,Selected PATH_A with highest valid ARPS score (1.4197) satisfying all retinal preservation constraints.
aptos_0562,PATH_C,1.3743,False,10.1862,1795.6305,2.9652,7.9257,0.9775,1.4826,-1.4778,Selected PATH_C with highest valid ARPS score (1.3743) satisfying all retinal preservation constraints.
aptos_0181,PATH_A,1.4524,False,15.7971,3148.6489,2.9652,11.8142,0.9812,1.4826,5.5147,Selected PATH_A with highest valid ARPS score (1.4524) satisfying all retinal preservation constraints.
aptos_2605,PATH_B,0.383,False,19.491,534.6649,1.4826,17.5156,0.9029,0.0,-1.643,Selected PATH_B with highest valid ARPS score (0.3830) satisfying all retinal preservation constraints.
aptos_1156,PATH_C,1.1243,False,16.2041,2881.7408,2.9652,7.9724,0.97,1.4826,-3.6208,Selected PATH_C with highest valid ARPS score (1.1243) satisfying all retinal preservation constraints.
aptos_0109,PATH_A,1.4191,False,20.7554,3608.4759,2.9652,19.4373,0.978,1.4826,5.895,Selected PATH_A with highest valid ARPS score (1.4191) satisfying all retinal preservation constraints.
aptos_2656,PATH_C,0.6854,False,22.1448,1165.1904,1.4826,13.2768,0.9563,0.0,0.3575,Selected PATH_C with highest valid ARPS score (0.6854) satisfying all retinal preservation constraints.
aptos_2349,PATH_A,1.52,False,24.7137,2083.4495,1.4826,26.7709,0.974,0.0,4.1383,Selected PATH_A with highest valid ARPS score (1.5200) satisfying all retinal preservation constraints.
aptos_2975,PATH_A,1.4269,False,15.9598,2544.9531,2.9652,15.5714,0.9722,1.4826,4.2588,Selected PATH_A with highest valid ARPS score (1.4269) satisfying all retinal preservation constraints.
aptos_3620,PATH_C,1.4257,False,18.509,1942.6266,2.9652,7.0806,0.9696,1.4826,1.0469,Selected PATH_C with highest valid ARPS score (1.4257) satisfying all retinal preservation constraints.
aptos_2139,PATH_B,0.4135,False,15.4158,425.3318,1.4826,15.4851,0.8951,0.0,0.9653,Selected PATH_B with highest valid ARPS score (0.4135) satisfying all retinal preservation constraints.
aptos_1957,PATH_C,1.3692,False,15.507,2527.7084,2.9652,6.253,0.9792,1.4826,4.4498,Selected PATH_C with highest valid ARPS score (1.3692) satisfying all retinal preservation constraints.
aptos_1462,PATH_C,1.038,False,14.3912,3442.306,2.9652,8.0905,0.9727,1.4826,-2.9118,Selected PATH_C with highest valid ARPS score (1.0380) satisfying all retinal preservation constraints.
aptos_2197,PATH_C,0.6799,False,14.5165,874.2737,1.4826,10.0203,0.9641,0.0,-4.2405,Selected PATH_C with highest valid ARPS score (0.6799) satisfying all retinal preservation constraints.
aptos_2807,PATH_A,1.4195,False,20.4967,3035.9136,2.9652,14.3516,0.9684,1.4826,3.9067,Selected PATH_A with highest valid ARPS score (1.4195) satisfying all retinal preservation constraints.
aptos_2277,PATH_C,1.3738,False,12.6872,1683.4784,2.9652,8.4,0.9643,1.4826,-3.0435,Selected PATH_C with highest valid ARPS score (1.3738) satisfying all retinal preservation constraints.
aptos_1837,PATH_C,1.0101,False,15.6388,3453.0933,2.9652,7.5397,0.9751,1.4826,-2.0408,Selected PATH_C with highest valid ARPS score (1.0101) satisfying all retinal preservation constraints.
aptos_1848,PATH_A,0.9698,False,37.6663,6310.4091,2.9652,18.8528,0.9805,1.4826,1.4741,Selected PATH_A with highest valid ARPS score (0.9698) satisfying all retinal preservation constraints.
aptos_2913,PATH_A,1.3973,False,25.3862,1921.2083,2.9652,22.0194,0.9678,1.4826,4.7192,Selected PATH_A with highest valid ARPS score (1.3973) satisfying all retinal preservation constraints.
aptos_3279,PATH_A,1.4391,False,18.3758,2633.4401,2.9652,12.4657,0.9745,1.4826,5.2855,Selected PATH_A with highest valid ARPS score (1.4391) satisfying all retinal preservation constraints.
aptos_2587,PATH_A,1.3709,False,29.6721,1499.0713,1.4826,21.8884,0.9652,0.0,-0.4596,Selected PATH_A with highest valid ARPS score (1.3709) satisfying all retinal preservation constraints.
aptos_2607,PATH_C,0.9075,False,16.0371,3021.2088,2.9652,8.7498,0.9761,1.4826,3.9944,Selected PATH_C with highest valid ARPS score (0.9075) satisfying all retinal preservation constraints.
aptos_1806,PATH_A,1.2732,False,26.8651,2709.2053,1.4826,29.2568,0.9704,0.0,0.5245,Selected PATH_A with highest valid ARPS score (1.2732) satisfying all retinal preservation constraints.
aptos_2689,PATH_A,1.408,False,16.1162,2063.072,2.9652,17.4151,0.9794,1.4826,2.5839,Selected PATH_A with highest valid ARPS score (1.4080) satisfying all retinal preservation constraints.
aptos_0887,PATH_A,1.4459,False,18.8577,2703.6928,2.9652,11.298,0.9717,1.4826,5.8327,Selected PATH_A with highest valid ARPS score (1.4459) satisfying all retinal preservation constraints.
aptos_3437,PATH_B,0.3845,False,18.8477,563.0108,1.4826,16.7296,0.9183,0.0,-1.335,Selected PATH_B with highest valid ARPS score (0.3845) satisfying all retinal preservation constraints.
aptos_2486,PATH_A,1.4847,False,27.3547,1183.1941,1.4826,38.4945,0.9724,0.0,4.0822,Selected PATH_A with highest valid ARPS score (1.4847) satisfying all retinal preservation constraints.
aptos_1383,PATH_B,0.3877,False,19.783,574.6981,1.4826,18.129,0.9076,0.0,0.449,Selected PATH_B with highest valid ARPS score (0.3877) satisfying all retinal preservation constraints.
aptos_2924,PATH_A,1.555,False,10.7871,732.8752,1.4826,16.8372,0.9511,0.0,2.5147,Selected PATH_A with highest valid ARPS score (1.5550) satisfying all retinal preservation constraints.
aptos_0549,PATH_B,0.4025,False,20.4969,629.8019,1.4826,18.454,0.9185,0.0,-1.7632,Selected PATH_B with highest valid ARPS score (0.4025) satisfying all retinal preservation constraints.
aptos_2132,PATH_A,1.3658,False,32.5407,4403.2337,2.9652,31.2453,0.9762,1.4826,4.3937,Selected PATH_A with highest valid ARPS score (1.3658) satisfying all retinal preservation constraints.
aptos_3480,PATH_A,1.4243,False,13.988,1356.4699,2.9652,13.8987,0.9706,1.4826,3.0289,Selected PATH_A with highest valid ARPS score (1.4243) satisfying all retinal preservation constraints.
aptos_2406,PATH_A,1.1864,False,21.9297,1191.3544,1.4826,25.3858,0.962,1.4826,3.3251,Selected PATH_A with highest valid ARPS score (1.1864) satisfying all retinal preservation constraints.
aptos_3416,PATH_A,1.5621,False,15.1938,1125.0758,1.4826,18.6018,0.9683,0.0,4.6245,Selected PATH_A with highest valid ARPS score (1.5621) satisfying all retinal preservation constraints.
aptos_1813,PATH_A,1.4229,False,21.5243,5094.2622,4.4478,18.2235,0.9821,1.4826,-0.4327,Selected PATH_A with highest valid ARPS score (1.4229) satisfying all retinal preservation constraints.
aptos_3587,PATH_A,1.3645,False,27.6899,3436.1749,2.9652,27.1273,0.9759,1.4826,-0.025,Selected PATH_A with highest valid ARPS score (1.3645) satisfying all retinal preservation constraints.
aptos_2651,PATH_B,0.3957,False,19.07,619.7667,1.4826,17.2931,0.9068,0.0,-0.1717,Selected PATH_B with highest valid ARPS score (0.3957) satisfying all retinal preservation constraints.
aptos_1759,PATH_A,1.3876,False,19.3773,2207.7699,2.9652,20.5621,0.981,1.4826,0.9121,Selected PATH_A with highest valid ARPS score (1.3876) satisfying all retinal preservation constraints.
aptos_0816,PATH_A,1.4064,False,17.86,2640.125,2.9652,16.2062,0.979,1.4826,2.0695,Selected PATH_A with highest valid ARPS score (1.4064) satisfying all retinal preservation constraints.
aptos_0694,PATH_A,1.4151,False,23.1508,1615.5488,2.9652,14.9308,0.9709,1.4826,3.8422,Selected PATH_A with highest valid ARPS score (1.4151) satisfying all retinal preservation constraints.
aptos_2255,PATH_A,1.4237,False,20.7302,3876.1086,2.9652,14.8477,0.9751,1.4826,4.7556,Selected PATH_A with highest valid ARPS score (1.4237) satisfying all retinal preservation constraints.
aptos_0437,PATH_A,1.4148,False,13.4084,1934.2814,2.9652,16.3395,0.9756,1.4826,2.5932,Selected PATH_A with highest valid ARPS score (1.4148) satisfying all retinal preservation constraints.
aptos_3576,PATH_A,1.4213,False,14.4101,1512.7018,2.9652,14.6782,0.9712,1.4826,3.0276,Selected PATH_A with highest valid ARPS score (1.4213) satisfying all retinal preservation constraints.
aptos_2820,PATH_B,0.3709,False,19.2803,558.9103,1.4826,16.1163,0.897,0.0,-1.7355,Selected PATH_B with highest valid ARPS score (0.3709) satisfying all retinal preservation constraints.
aptos_0653,PATH_A,1.4988,False,23.3467,1355.6517,1.4826,38.2457,0.9695,0.0,5.9414,Selected PATH_A with highest valid ARPS score (1.4988) satisfying all retinal preservation constraints.
aptos_3603,PATH_C,1.2063,False,14.3235,2720.7721,2.9652,8.4878,0.9737,1.4826,-2.4764,Selected PATH_C with highest valid ARPS score (1.2063) satisfying all retinal preservation constraints.
aptos_3449,PATH_B,0.7248,False,17.2949,417.6707,0.0,19.126,0.8962,-1.4826,1.1314,Selected PATH_B with highest valid ARPS score (0.7248) satisfying all retinal preservation constraints.
aptos_2899,PATH_B,0.4523,False,29.7819,487.6818,1.4826,22.9916,0.8783,0.0,-0.4054,Selected PATH_B with highest valid ARPS score (0.4523) satisfying all retinal preservation constraints.
aptos_0533,PATH_A,1.428,False,17.3558,2500.8458,2.9652,15.9802,0.9735,1.4826,4.8658,Selected PATH_A with highest valid ARPS score (1.4280) satisfying all retinal preservation constraints.
aptos_2082,PATH_A,1.4783,False,11.8335,1315.8883,2.9652,10.259,0.9646,1.4826,5.3035,Selected PATH_A with highest valid ARPS score (1.4783) satisfying all retinal preservation constraints.
aptos_2043,PATH_B,0.4038,False,19.845,422.9012,1.4826,22.3855,0.8907,0.0,2.0389,Selected PATH_B with highest valid ARPS score (0.4038) satisfying all retinal preservation constraints.
aptos_1780,PATH_A,1.3915,False,20.3582,2043.8595,2.9652,19.556,0.9677,1.4826,1.3962,Selected PATH_A with highest valid ARPS score (1.3915) satisfying all retinal preservation constraints.
aptos_0198,PATH_C,0.9295,False,12.1894,1446.2173,2.9652,8.0491,0.973,1.4826,-0.6752,Selected PATH_C with highest valid ARPS score (0.9295) satisfying all retinal preservation constraints.
aptos_3219,PATH_B,0.6391,False,19.5891,296.988,0.0,19.3576,0.8598,-1.4826,4.3043,Selected PATH_B with highest valid ARPS score (0.6391) satisfying all retinal preservation constraints.
aptos_3492,PATH_A,1.1162,False,15.4648,3102.5613,2.9652,13.7658,0.9643,1.4826,0.2454,Selected PATH_A with highest valid ARPS score (1.1162) satisfying all retinal preservation constraints.
aptos_0457,PATH_B,0.3793,False,16.8474,549.9581,1.4826,14.3493,0.9119,0.0,0.0501,Selected PATH_B with highest valid ARPS score (0.3793) satisfying all retinal preservation constraints.
aptos_0185,PATH_A,1.4158,False,15.8934,2500.9599,2.9652,17.5022,0.9782,1.4826,3.5706,Selected PATH_A with highest valid ARPS score (1.4158) satisfying all retinal preservation constraints.
aptos_3524,PATH_A,1.4196,False,16.2765,3025.8727,2.9652,14.5757,0.9482,1.4826,3.3672,Selected PATH_A with highest valid ARPS score (1.4196) satisfying all retinal preservation constraints.
aptos_2204,PATH_C,0.8664,False,15.5685,2989.8027,2.9652,7.0939,0.9729,1.4826,-0.9747,Selected PATH_C with highest valid ARPS score (0.8664) satisfying all retinal preservation constraints.
aptos_3287,PATH_A,1.4357,False,24.2867,4782.7047,2.9652,15.5329,0.9817,1.4826,7.6695,Selected PATH_A with highest valid ARPS score (1.4357) satisfying all retinal preservation constraints.
aptos_1201,PATH_C,1.4113,False,12.4475,1221.5353,2.9652,7.8654,0.972,1.4826,-1.236,Selected PATH_C with highest valid ARPS score (1.4113) satisfying all retinal preservation constraints.
aptos_0806,PATH_A,1.4242,False,24.8852,3168.3884,2.9652,14.7113,0.9835,1.4826,5.6125,Selected PATH_A with highest valid ARPS score (1.4242) satisfying all retinal preservation constraints.
aptos_3248,PATH_C,0.9979,False,15.518,3662.4347,2.9652,7.7653,0.9755,1.4826,-2.8457,Selected PATH_C with highest valid ARPS score (0.9979) satisfying all retinal preservation constraints.
aptos_2580,PATH_A,1.2483,False,15.9322,3690.0658,2.9652,13.6237,0.9788,1.4826,1.9422,Selected PATH_A with highest valid ARPS score (1.2483) satisfying all retinal preservation constraints.
aptos_2340,PATH_A,1.4023,False,20.9858,2464.4792,2.9652,23.7129,0.9518,1.4826,5.5722,Selected PATH_A with highest valid ARPS score (1.4023) satisfying all retinal preservation constraints.
aptos_3087,PATH_A,1.3668,False,32.2172,1960.2957,2.9652,23.9896,0.9809,1.4826,-2.9944,Selected PATH_A with highest valid ARPS score (1.3668) satisfying all retinal preservation constraints.
aptos_0368,PATH_A,1.4502,False,15.1268,1557.1764,2.9652,13.8121,0.9715,1.4826,5.5932,Selected PATH_A with highest valid ARPS score (1.4502) satisfying all retinal preservation constraints.
aptos_0286,PATH_A,1.1238,False,18.0458,4180.3778,2.9652,14.399,0.9693,1.4826,1.5264,Selected PATH_A with highest valid ARPS score (1.1238) satisfying all retinal preservation constraints.
aptos_1017,PATH_A,1.4322,False,15.3492,2429.0597,2.9652,13.9927,0.9707,1.4826,4.1902,Selected PATH_A with highest valid ARPS score (1.4322) satisfying all retinal preservation constraints.
aptos_1744,PATH_A,1.0934,False,34.6006,4899.176,2.9652,30.623,0.9738,1.4826,-0.949,Selected PATH_A with highest valid ARPS score (1.0934) satisfying all retinal preservation constraints.
aptos_1446,PATH_A,1.4014,False,17.9101,2248.7919,2.9652,19.4541,0.9677,1.4826,2.8643,Selected PATH_A with highest valid ARPS score (1.4014) satisfying all retinal preservation constraints.
aptos_2806,PATH_C,0.9479,False,15.1642,2835.3675,2.9652,8.9581,0.9668,1.4826,-2.1148,Selected PATH_C with highest valid ARPS score (0.9479) satisfying all retinal preservation constraints.
aptos_2357,PATH_A,1.3804,False,23.2758,2517.6051,2.9652,27.2753,0.9763,1.4826,3.829,Selected PATH_A with highest valid ARPS score (1.3804) satisfying all retinal preservation constraints.
aptos_1277,PATH_B,0.6328,False,18.6538,347.5959,0.0,27.1283,0.8706,-1.4826,3.6562,Selected PATH_B with highest valid ARPS score (0.6328) satisfying all retinal preservation constraints.
aptos_2363,PATH_A,1.319,False,16.3907,2207.0193,2.9652,14.1426,0.9754,1.4826,2.7739,Selected PATH_A with highest valid ARPS score (1.3190) satisfying all retinal preservation constraints.
aptos_3476,PATH_A,1.3283,False,31.9638,3213.851,2.9652,37.4963,0.9731,1.4826,1.9736,Selected PATH_A with highest valid ARPS score (1.3283) satisfying all retinal preservation constraints.
aptos_2281,PATH_B,0.4461,False,21.4297,467.0132,1.4826,29.2343,0.8788,0.0,1.1742,Selected PATH_B with highest valid ARPS score (0.4461) satisfying all retinal preservation constraints.
aptos_2976,PATH_B,0.5286,False,27.2472,802.5349,1.4826,20.2957,0.9219,0.0,2.75,Selected PATH_B with highest valid ARPS score (0.5286) satisfying all retinal preservation constraints.
aptos_0456,PATH_A,1.4387,False,14.0517,2008.2859,2.9652,14.0276,0.9786,1.4826,4.3538,Selected PATH_A with highest valid ARPS score (1.4387) satisfying all retinal preservation constraints.
aptos_2228,PATH_B,0.4729,False,23.9901,1133.1109,1.4826,23.5608,0.9271,0.0,-0.2666,Selected PATH_B with highest valid ARPS score (0.4729) satisfying all retinal preservation constraints.
aptos_3547,PATH_A,1.4364,False,15.6467,2317.2719,2.9652,12.4662,0.9784,1.4826,4.2047,Selected PATH_A with highest valid ARPS score (1.4364) satisfying all retinal preservation constraints.
aptos_2995,PATH_A,1.5414,False,17.2411,1117.7651,1.4826,22.4062,0.9771,0.0,4.0599,Selected PATH_A with highest valid ARPS score (1.5414) satisfying all retinal preservation constraints.
aptos_3252,PATH_A,1.386,False,20.871,2734.5836,2.9652,21.7121,0.9729,1.4826,1.4843,Selected PATH_A with highest valid ARPS score (1.3860) satisfying all retinal preservation constraints.
aptos_0722,PATH_C,1.3867,False,15.5319,1643.0477,2.9652,6.8394,0.9719,1.4826,2.946,Selected PATH_C with highest valid ARPS score (1.3867) satisfying all retinal preservation constraints.
aptos_2663,PATH_A,1.443,False,16.1077,3197.7789,2.9652,11.1052,0.9803,1.4826,4.5917,Selected PATH_A with highest valid ARPS score (1.4430) satisfying all retinal preservation constraints.
aptos_3238,PATH_B,0.4051,False,16.3987,585.959,1.4826,15.2229,0.9266,0.0,-0.5543,Selected PATH_B with highest valid ARPS score (0.4051) satisfying all retinal preservation constraints.
aptos_2963,PATH_A,1.4255,False,17.9709,1727.5633,2.9652,15.3223,0.9632,1.4826,4.6158,Selected PATH_A with highest valid ARPS score (1.4255) satisfying all retinal preservation constraints.
aptos_0950,PATH_A,1.429,False,17.088,3691.2103,2.9652,17.1679,0.9848,1.4826,5.1608,Selected PATH_A with highest valid ARPS score (1.4290) satisfying all retinal preservation constraints.
aptos_3447,PATH_C,1.1589,False,16.1591,1502.5839,2.9652,8.4769,0.9667,1.4826,0.4928,Selected PATH_C with highest valid ARPS score (1.1589) satisfying all retinal preservation constraints.
aptos_1523,PATH_A,1.4109,False,18.1686,2391.5294,2.9652,19.6098,0.9663,1.4826,4.3299,Selected PATH_A with highest valid ARPS score (1.4109) satisfying all retinal preservation constraints.
aptos_2584,PATH_A,1.4177,False,18.6328,2918.7256,2.9652,15.5302,0.9739,1.4826,3.7154,Selected PATH_A with highest valid ARPS score (1.4177) satisfying all retinal preservation constraints.
aptos_0335,PATH_A,1.3712,False,32.803,2701.5892,2.9652,25.5843,0.9804,1.4826,0.7448,Selected PATH_A with highest valid ARPS score (1.3712) satisfying all retinal preservation constraints.
aptos_2946,PATH_A,1.3809,False,25.3394,3144.9868,2.9652,23.9793,0.9552,1.4826,2.4601,Selected PATH_A with highest valid ARPS score (1.3809) satisfying all retinal preservation constraints.
aptos_2440,PATH_A,1.5062,False,26.6956,1340.3581,1.4826,30.7544,0.9631,0.0,4.0646,Selected PATH_A with highest valid ARPS score (1.5062) satisfying all retinal preservation constraints.
aptos_1950,PATH_C,0.7229,False,18.2312,925.4194,1.4826,8.7042,0.9645,0.0,-1.5609,Selected PATH_C with highest valid ARPS score (0.7229) satisfying all retinal preservation constraints.
aptos_2474,PATH_A,1.3971,False,20.8959,2200.5613,2.9652,19.5358,0.9741,1.4826,2.4974,Selected PATH_A with highest valid ARPS score (1.3971) satisfying all retinal preservation constraints.
aptos_0385,PATH_A,1.4232,False,17.9371,2404.3368,2.9652,13.5071,0.959,1.4826,3.6865,Selected PATH_A with highest valid ARPS score (1.4232) satisfying all retinal preservation constraints.
aptos_2045,PATH_A,1.4175,False,17.2671,3014.9809,2.9652,14.4424,0.9585,1.4826,3.1346,Selected PATH_A with highest valid ARPS score (1.4175) satisfying all retinal preservation constraints.
aptos_2476,PATH_B,0.3867,False,20.8741,611.9042,1.4826,18.3518,0.9054,0.0,-0.4982,Selected PATH_B with highest valid ARPS score (0.3867) satisfying all retinal preservation constraints.
aptos_0593,PATH_A,1.4377,False,19.7632,2851.8664,2.9652,14.6916,0.9664,1.4826,6.3113,Selected PATH_A with highest valid ARPS score (1.4377) satisfying all retinal preservation constraints.
aptos_0030,PATH_C,0.9011,False,15.8229,2842.9754,2.9652,7.5227,0.975,1.4826,1.188,Selected PATH_C with highest valid ARPS score (0.9011) satisfying all retinal preservation constraints.
aptos_3121,PATH_C,0.9048,False,16.3859,3339.8045,2.9652,8.9049,0.9746,1.4826,0.7335,Selected PATH_C with highest valid ARPS score (0.9048) satisfying all retinal preservation constraints.
aptos_2454,PATH_C,1.1074,False,13.2028,3303.4368,2.9652,7.7538,0.9713,1.4826,-3.5853,Selected PATH_C with highest valid ARPS score (1.1074) satisfying all retinal preservation constraints.
aptos_1690,PATH_A,1.3771,False,27.1786,3634.0659,2.9652,24.8379,0.983,1.4826,1.7059,Selected PATH_A with highest valid ARPS score (1.3771) satisfying all retinal preservation constraints.
aptos_0521,PATH_A,1.4138,False,18.0089,2096.0042,2.9652,18.2394,0.9747,1.4826,4.0919,Selected PATH_A with highest valid ARPS score (1.4138) satisfying all retinal preservation constraints.
aptos_3512,PATH_C,0.9968,False,15.8999,3470.6359,2.9652,7.7067,0.975,1.4826,-4.1185,Selected PATH_C with highest valid ARPS score (0.9968) satisfying all retinal preservation constraints.
aptos_2162,PATH_C,1.0679,False,14.0036,3266.7128,2.9652,7.7791,0.9693,1.4826,-2.9957,Selected PATH_C with highest valid ARPS score (1.0679) satisfying all retinal preservation constraints.
aptos_0245,PATH_A,1.4537,False,15.353,2415.5135,2.9652,11.4256,0.9806,1.4826,5.3792,Selected PATH_A with highest valid ARPS score (1.4537) satisfying all retinal preservation constraints.
aptos_3376,PATH_A,1.454,False,15.3464,2132.6721,2.9652,11.7935,0.9738,1.4826,5.5186,Selected PATH_A with highest valid ARPS score (1.4540) satisfying all retinal preservation constraints.
aptos_3318,PATH_A,1.4941,False,11.3708,2332.6044,2.9652,10.1282,0.9644,1.4826,5.6983,Selected PATH_A with highest valid ARPS score (1.4941) satisfying all retinal preservation constraints.
aptos_1661,PATH_B,0.409,False,17.4794,693.3571,1.4826,15.2601,0.9215,0.0,0.5913,Selected PATH_B with highest valid ARPS score (0.4090) satisfying all retinal preservation constraints.
aptos_1061,PATH_B,0.3998,False,20.2267,563.9247,1.4826,18.5476,0.9156,0.0,-0.2151,Selected PATH_B with highest valid ARPS score (0.3998) satisfying all retinal preservation constraints.
aptos_2126,PATH_A,1.4584,False,14.1015,1619.3553,2.9652,11.8236,0.9796,1.4826,5.3477,Selected PATH_A with highest valid ARPS score (1.4584) satisfying all retinal preservation constraints.
aptos_1859,PATH_B,0.4245,False,17.5991,594.3988,1.4826,18.2427,0.9273,0.0,-0.1725,Selected PATH_B with highest valid ARPS score (0.4245) satisfying all retinal preservation constraints.
aptos_2819,PATH_A,1.4102,False,19.6414,1603.4875,2.9652,20.4462,0.9788,1.4826,4.7913,Selected PATH_A with highest valid ARPS score (1.4102) satisfying all retinal preservation constraints.
aptos_1818,PATH_A,1.4095,False,16.7918,2752.0866,2.9652,16.5936,0.9781,1.4826,2.586,Selected PATH_A with highest valid ARPS score (1.4095) satisfying all retinal preservation constraints.
aptos_3403,PATH_A,1.3952,False,24.6505,2958.7075,2.9652,20.9928,0.9832,1.4826,3.3008,Selected PATH_A with highest valid ARPS score (1.3952) satisfying all retinal preservation constraints.
aptos_1585,PATH_A,1.3988,False,20.0482,1552.3551,2.9652,25.7249,0.9643,1.4826,5.4872,Selected PATH_A with highest valid ARPS score (1.3988) satisfying all retinal preservation constraints.
aptos_3465,PATH_A,1.4167,False,22.2887,3433.7679,2.9652,16.3937,0.9766,1.4826,4.6547,Selected PATH_A with highest valid ARPS score (1.4167) satisfying all retinal preservation constraints.
aptos_0345,PATH_A,1.4035,False,19.1908,1901.1116,2.9652,20.3833,0.9707,1.4826,3.7768,Selected PATH_A with highest valid ARPS score (1.4035) satisfying all retinal preservation constraints.
aptos_1118,PATH_A,1.4056,False,25.1557,1656.5555,2.9652,15.9748,0.9777,1.4826,2.5798,Selected PATH_A with highest valid ARPS score (1.4056) satisfying all retinal preservation constraints.
aptos_0041,PATH_A,1.5481,False,17.5047,1116.7216,1.4826,21.7599,0.9511,0.0,4.9108,Selected PATH_A with highest valid ARPS score (1.5481) satisfying all retinal preservation constraints.
aptos_2124,PATH_C,0.9686,False,15.3939,3482.2854,2.9652,7.9161,0.9747,1.4826,-0.0664,Selected PATH_C with highest valid ARPS score (0.9686) satisfying all retinal preservation constraints.
aptos_3421,PATH_C,1.0323,False,15.1869,3688.7201,2.9652,8.1648,0.9795,1.4826,-2.6959,Selected PATH_C with highest valid ARPS score (1.0323) satisfying all retinal preservation constraints.
aptos_2594,PATH_A,1.4621,False,15.2581,2440.6612,2.9652,10.6931,0.9626,1.4826,5.9055,Selected PATH_A with highest valid ARPS score (1.4621) satisfying all retinal preservation constraints.
