image_id,file_path,five_class,class_name,binary_label
aptos_0000,data/raw/images/aptos_0000.png,2,Moderate DR,1
aptos_0001,data/raw/images/aptos_0001.png,4,Proliferative DR,1
aptos_0002,data/raw/images/aptos_0002.png,1,Mild DR,1
aptos_0003,data/raw/images/aptos_0003.png,0,No DR,0
aptos_0004,data/raw/images/aptos_0004.png,0,No DR,0
aptos_0005,data/raw/images/aptos_0005.png,4,Proliferative DR,1
aptos_0006,data/raw/images/aptos_0006.png,0,No DR,0
aptos_0007,data/raw/images/aptos_0007.png,2,Moderate DR,1
aptos_0008,data/raw/images/aptos_0008.png,2,Moderate DR,1
aptos_0009,data/raw/images/aptos_0009.png,1,Mild DR,1
aptos_0010,data/raw/images/aptos_0010.png,0,No DR,0
aptos_0011,data/raw/images/aptos_0011.png,2,Moderate DR,1
aptos_0012,data/raw/images/aptos_0012.png,0,No DR,0
aptos_0013,data/raw/images/aptos_0013.png,3,Severe DR,1
aptos_0014,data/raw/images/aptos_0014.png,1,Mild DR,1
aptos_0015,data/raw/images/aptos_0015.png,0,No DR,0
aptos_0016,data/raw/images/aptos_0016.png,2,Moderate DR,1
aptos_0017,data/raw/images/aptos_0017.png,0,No DR,0
aptos_0018,data/raw/images/aptos_0018.png,0,No DR,0
aptos_0019,data/raw/images/aptos_0019.png,2,Moderate DR,1
aptos_0020,data/raw/images/aptos_0020.png,2,Moderate DR,1
aptos_0021,data/raw/images/aptos_0021.png,0,No DR,0
aptos_0022,data/raw/images/aptos_0022.png,1,Mild DR,1
aptos_0023,data/raw/images/aptos_0023.png,2,Moderate DR,1
aptos_0024,data/raw/images/aptos_0024.png,0,No DR,0
aptos_0025,data/raw/images/aptos_0025.png,2,Moderate DR,1
aptos_0026,data/raw/images/aptos_0026.png,0,No DR,0
aptos_0027,data/raw/images/aptos_0027.png,0,No DR,0
aptos_0028,data/raw/images/aptos_0028.png,0,No DR,0
aptos_0029,data/raw/images/aptos_0029.png,0,No DR,0
aptos_0030,data/raw/images/aptos_0030.png,0,No DR,0
aptos_0031,data/raw/images/aptos_0031.png,0,No DR,0
aptos_0032,data/raw/images/aptos_0032.png,4,Proliferative DR,1
aptos_0033,data/raw/images/aptos_0033.png,2,Moderate DR,1
aptos_0034,data/raw/images/aptos_0034.png,4,Proliferative DR,1
aptos_0035,data/raw/images/aptos_0035.png,2,Moderate DR,1
aptos_0036,data/raw/images/aptos_0036.png,0,No DR,0
aptos_0037,data/raw/images/aptos_0037.png,0,No DR,0
aptos_0038,data/raw/images/aptos_0038.png,4,Proliferative DR,1
aptos_0039,data/raw/images/aptos_0039.png,0,No DR,0
aptos_0040,data/raw/images/aptos_0040.png,4,Proliferative DR,1
aptos_0041,data/raw/images/aptos_0041.png,2,Moderate DR,1
aptos_0042,data/raw/images/aptos_0042.png,2,Moderate DR,1
aptos_0043,data/raw/images/aptos_0043.png,4,Proliferative DR,1
aptos_0044,data/raw/images/aptos_0044.png,2,Moderate DR,1
aptos_0045,data/raw/images/aptos_0045.png,1,Mild DR,1
aptos_0046,data/raw/images/aptos_0046.png,2,Moderate DR,1
aptos_0047,data/raw/images/aptos_0047.png,4,Proliferative DR,1
aptos_0048,data/raw/images/aptos_0048.png,0,No DR,0
aptos_0049,data/raw/images/aptos_0049.png,3,Severe DR,1
aptos_0050,data/raw/images/aptos_0050.png,1,Mild DR,1
aptos_0051,data/raw/images/aptos_0051.png,2,Moderate DR,1
aptos_0052,data/raw/images/aptos_0052.png,2,Moderate DR,1
aptos_0053,data/raw/images/aptos_0053.png,2,Moderate DR,1
aptos_0054,data/raw/images/aptos_0054.png,2,Moderate DR,1
aptos_0055,data/raw/images/aptos_0055.png,0,No DR,0
aptos_0056,data/raw/images/aptos_0056.png,3,Severe DR,1
aptos_0057,data/raw/images/aptos_0057.png,0,No DR,0
aptos_0058,data/raw/images/aptos_0058.png,2,Moderate DR,1
aptos_0059,data/raw/images/aptos_0059.png,1,Mild DR,1
aptos_0060,data/raw/images/aptos_0060.png,0,No DR,0
aptos_0061,data/raw/images/aptos_0061.png,2,Moderate DR,1
aptos_0062,data/raw/images/aptos_0062.png,0,No DR,0
aptos_0063,data/raw/images/aptos_0063.png,0,No DR,0
aptos_0064,data/raw/images/aptos_0064.png,0,No DR,0
aptos_0065,data/raw/images/aptos_0065.png,0,No DR,0
aptos_0066,data/raw/images/aptos_0066.png,2,Moderate DR,1
aptos_0067,data/raw/images/aptos_0067.png,2,Moderate DR,1
aptos_0068,data/raw/images/aptos_0068.png,0,No DR,0
aptos_0069,data/raw/images/aptos_0069.png,0,No DR,0
aptos_0070,data/raw/images/aptos_0070.png,0,No DR,0
aptos_0071,data/raw/images/aptos_0071.png,1,Mild DR,1
aptos_0072,data/raw/images/aptos_0072.png,1,Mild DR,1
aptos_0073,data/raw/images/aptos_0073.png,0,No DR,0
aptos_0074,data/raw/images/aptos_0074.png,3,Severe DR,1
aptos_0075,data/raw/images/aptos_0075.png,0,No DR,0
aptos_0076,data/raw/images/aptos_0076.png,2,Moderate DR,1
aptos_0077,data/raw/images/aptos_0077.png,0,No DR,0
aptos_0078,data/raw/images/aptos_0078.png,2,Moderate DR,1
aptos_0079,data/raw/images/aptos_0079.png,0,No DR,0
aptos_0080,data/raw/images/aptos_0080.png,1,Mild DR,1
aptos_0081,data/raw/images/aptos_0081.png,3,Severe DR,1
aptos_0082,data/raw/images/aptos_0082.png,1,Mild DR,1
aptos_0083,data/raw/images/aptos_0083.png,0,No DR,0
aptos_0084,data/raw/images/aptos_0084.png,2,Moderate DR,1
aptos_0085,data/raw/images/aptos_0085.png,0,No DR,0
aptos_0086,data/raw/images/aptos_0086.png,0,No DR,0
aptos_0087,data/raw/images/aptos_0087.png,3,Severe DR,1
aptos_0088,data/raw/images/aptos_0088.png,4,Proliferative DR,1
aptos_0089,data/raw/images/aptos_0089.png,2,Moderate DR,1
aptos_0090,data/raw/images/aptos_0090.png,2,Moderate DR,1
aptos_0091,data/raw/images/aptos_0091.png,0,No DR,0
aptos_0092,data/raw/images/aptos_0092.png,0,No DR,0
aptos_0093,data/raw/images/aptos_0093.png,0,No DR,0
aptos_0094,data/raw/images/aptos_0094.png,0,No DR,0
aptos_0095,data/raw/images/aptos_0095.png,1,Mild DR,1
aptos_0096,data/raw/images/aptos_0096.png,0,No DR,0
aptos_0097,data/raw/images/aptos_0097.png,3,Severe DR,1
aptos_0098,data/raw/images/aptos_0098.png,1,Mild DR,1
aptos_0099,data/raw/images/aptos_0099.png,0,No DR,0
aptos_0100,data/raw/images/aptos_0100.png,2,Moderate DR,1
aptos_0101,data/raw/images/aptos_0101.png,2,Moderate DR,1
aptos_0102,data/raw/images/aptos_0102.png,0,No DR,0
aptos_0103,data/raw/images/aptos_0103.png,0,No DR,0
aptos_0104,data/raw/images/aptos_0104.png,0,No DR,0
aptos_0105,data/raw/images/aptos_0105.png,4,Proliferative DR,1
aptos_0106,data/raw/images/aptos_0106.png,4,Proliferative DR,1
aptos_0107,data/raw/images/aptos_0107.png,0,No DR,0
aptos_0108,data/raw/images/aptos_0108.png,0,No DR,0
aptos_0109,data/raw/images/aptos_0109.png,1,Mild DR,1
aptos_0110,data/raw/images/aptos_0110.png,2,Moderate DR,1
aptos_0111,data/raw/images/aptos_0111.png,4,Proliferative DR,1
aptos_0112,data/raw/images/aptos_0112.png,0,No DR,0
aptos_0113,data/raw/images/aptos_0113.png,0,No DR,0
aptos_0114,data/raw/images/aptos_0114.png,2,Moderate DR,1
aptos_0115,data/raw/images/aptos_0115.png,0,No DR,0
aptos_0116,data/raw/images/aptos_0116.png,0,No DR,0
aptos_0117,data/raw/images/aptos_0117.png,0,No DR,0
aptos_0118,data/raw/images/aptos_0118.png,0,No DR,0
aptos_0119,data/raw/images/aptos_0119.png,0,No DR,0
aptos_0120,data/raw/images/aptos_0120.png,3,Severe DR,1
aptos_0121,data/raw/images/aptos_0121.png,0,No DR,0
aptos_0122,data/raw/images/aptos_0122.png,2,Moderate DR,1
aptos_0123,data/raw/images/aptos_0123.png,2,Moderate DR,1
aptos_0124,data/raw/images/aptos_0124.png,0,No DR,0
aptos_0125,data/raw/images/aptos_0125.png,0,No DR,0
aptos_0126,data/raw/images/aptos_0126.png,4,Proliferative DR,1
aptos_0127,data/raw/images/aptos_0127.png,0,No DR,0
aptos_0128,data/raw/images/aptos_0128.png,0,No DR,0
aptos_0129,data/raw/images/aptos_0129.png,1,Mild DR,1
aptos_0130,data/raw/images/aptos_0130.png,0,No DR,0
aptos_0131,data/raw/images/aptos_0131.png,2,Moderate DR,1
aptos_0132,data/raw/images/aptos_0132.png,0,No DR,0
aptos_0133,data/raw/images/aptos_0133.png,2,Moderate DR,1
aptos_0134,data/raw/images/aptos_0134.png,2,Moderate DR,1
aptos_0135,data/raw/images/aptos_0135.png,2,Moderate DR,1
aptos_0136,data/raw/images/aptos_0136.png,1,Mild DR,1
aptos_0137,data/raw/images/aptos_0137.png,0,No DR,0
aptos_0138,data/raw/images/aptos_0138.png,0,No DR,0
aptos_0139,data/raw/images/aptos_0139.png,1,Mild DR,1
aptos_0140,data/raw/images/aptos_0140.png,0,No DR,0
aptos_0141,data/raw/images/aptos_0141.png,0,No DR,0
aptos_0142,data/raw/images/aptos_0142.png,0,No DR,0
aptos_0143,data/raw/images/aptos_0143.png,2,Moderate DR,1
aptos_0144,data/raw/images/aptos_0144.png,0,No DR,0
aptos_0145,data/raw/images/aptos_0145.png,2,Moderate DR,1
aptos_0146,data/raw/images/aptos_0146.png,1,Mild DR,1
aptos_0147,data/raw/images/aptos_0147.png,4,Proliferative DR,1
aptos_0148,data/raw/images/aptos_0148.png,0,No DR,0
aptos_0149,data/raw/images/aptos_0149.png,2,Moderate DR,1
aptos_0150,data/raw/images/aptos_0150.png,0,No DR,0
aptos_0151,data/raw/images/aptos_0151.png,2,Moderate DR,1
aptos_0152,data/raw/images/aptos_0152.png,0,No DR,0
aptos_0153,data/raw/images/aptos_0153.png,0,No DR,0
aptos_0154,data/raw/images/aptos_0154.png,0,No DR,0
aptos_0155,data/raw/images/aptos_0155.png,0,No DR,0
aptos_0156,data/raw/images/aptos_0156.png,0,No DR,0
aptos_0157,data/raw/images/aptos_0157.png,0,No DR,0
aptos_0158,data/raw/images/aptos_0158.png,4,Proliferative DR,1
aptos_0159,data/raw/images/aptos_0159.png,2,Moderate DR,1
aptos_0160,data/raw/images/aptos_0160.png,0,No DR,0
aptos_0161,data/raw/images/aptos_0161.png,0,No DR,0
aptos_0162,data/raw/images/aptos_0162.png,2,Moderate DR,1
aptos_0163,data/raw/images/aptos_0163.png,2,Moderate DR,1
aptos_0164,data/raw/images/aptos_0164.png,2,Moderate DR,1
aptos_0165,data/raw/images/aptos_0165.png,3,Severe DR,1
aptos_0166,data/raw/images/aptos_0166.png,2,Moderate DR,1
aptos_0167,data/raw/images/aptos_0167.png,0,No DR,0
aptos_0168,data/raw/images/aptos_0168.png,3,Severe DR,1
aptos_0169,data/raw/images/aptos_0169.png,0,No DR,0
aptos_0170,data/raw/images/aptos_0170.png,0,No DR,0
aptos_0171,data/raw/images/aptos_0171.png,0,No DR,0
aptos_0172,data/raw/images/aptos_0172.png,0,No DR,0
aptos_0173,data/raw/images/aptos_0173.png,4,Proliferative DR,1
aptos_0174,data/raw/images/aptos_0174.png,0,No DR,0
aptos_0175,data/raw/images/aptos_0175.png,2,Moderate DR,1
aptos_0176,data/raw/images/aptos_0176.png,0,No DR,0
aptos_0177,data/raw/images/aptos_0177.png,1,Mild DR,1
aptos_0178,data/raw/images/aptos_0178.png,0,No DR,0
aptos_0179,data/raw/images/aptos_0179.png,0,No DR,0
aptos_0180,data/raw/images/aptos_0180.png,0,No DR,0
aptos_0181,data/raw/images/aptos_0181.png,2,Moderate DR,1
aptos_0182,data/raw/images/aptos_0182.png,0,No DR,0
aptos_0183,data/raw/images/aptos_0183.png,0,No DR,0
aptos_0184,data/raw/images/aptos_0184.png,0,No DR,0
aptos_0185,data/raw/images/aptos_0185.png,0,No DR,0
aptos_0186,data/raw/images/aptos_0186.png,2,Moderate DR,1
aptos_0187,data/raw/images/aptos_0187.png,0,No DR,0
aptos_0188,data/raw/images/aptos_0188.png,1,Mild DR,1
aptos_0189,data/raw/images/aptos_0189.png,3,Severe DR,1
aptos_0190,data/raw/images/aptos_0190.png,1,Mild DR,1
aptos_0191,data/raw/images/aptos_0191.png,0,No DR,0
aptos_0192,data/raw/images/aptos_0192.png,4,Proliferative DR,1
aptos_0193,data/raw/images/aptos_0193.png,0,No DR,0
aptos_0194,data/raw/images/aptos_0194.png,0,No DR,0
aptos_0195,data/raw/images/aptos_0195.png,2,Moderate DR,1
aptos_0196,data/raw/images/aptos_0196.png,4,Proliferative DR,1
aptos_0197,data/raw/images/aptos_0197.png,0,No DR,0
aptos_0198,data/raw/images/aptos_0198.png,1,Mild DR,1
aptos_0199,data/raw/images/aptos_0199.png,0,No DR,0
aptos_0200,data/raw/images/aptos_0200.png,3,Severe DR,1
aptos_0201,data/raw/images/aptos_0201.png,0,No DR,0
aptos_0202,data/raw/images/aptos_0202.png,2,Moderate DR,1
aptos_0203,data/raw/images/aptos_0203.png,2,Moderate DR,1
aptos_0204,data/raw/images/aptos_0204.png,0,No DR,0
aptos_0205,data/raw/images/aptos_0205.png,1,Mild DR,1
aptos_0206,data/raw/images/aptos_0206.png,0,No DR,0
aptos_0207,data/raw/images/aptos_0207.png,3,Severe DR,1
aptos_0208,data/raw/images/aptos_0208.png,3,Severe DR,1
aptos_0209,data/raw/images/aptos_0209.png,1,Mild DR,1
aptos_0210,data/raw/images/aptos_0210.png,2,Moderate DR,1
aptos_0211,data/raw/images/aptos_0211.png,0,No DR,0
aptos_0212,data/raw/images/aptos_0212.png,0,No DR,0
aptos_0213,data/raw/images/aptos_0213.png,2,Moderate DR,1
aptos_0214,data/raw/images/aptos_0214.png,2,Moderate DR,1
aptos_0215,data/raw/images/aptos_0215.png,0,No DR,0
aptos_0216,data/raw/images/aptos_0216.png,2,Moderate DR,1
aptos_0217,data/raw/images/aptos_0217.png,0,No DR,0
aptos_0218,data/raw/images/aptos_0218.png,0,No DR,0
aptos_0219,data/raw/images/aptos_0219.png,2,Moderate DR,1
aptos_0220,data/raw/images/aptos_0220.png,1,Mild DR,1
aptos_0221,data/raw/images/aptos_0221.png,0,No DR,0
aptos_0222,data/raw/images/aptos_0222.png,0,No DR,0
aptos_0223,data/raw/images/aptos_0223.png,1,Mild DR,1
aptos_0224,data/raw/images/aptos_0224.png,0,No DR,0
aptos_0225,data/raw/images/aptos_0225.png,0,No DR,0
aptos_0226,data/raw/images/aptos_0226.png,0,No DR,0
aptos_0227,data/raw/images/aptos_0227.png,2,Moderate DR,1
aptos_0228,data/raw/images/aptos_0228.png,2,Moderate DR,1
aptos_0229,data/raw/images/aptos_0229.png,0,No DR,0
aptos_0230,data/raw/images/aptos_0230.png,1,Mild DR,1
aptos_0231,data/raw/images/aptos_0231.png,0,No DR,0
aptos_0232,data/raw/images/aptos_0232.png,4,Proliferative DR,1
aptos_0233,data/raw/images/aptos_0233.png,1,Mild DR,1
aptos_0234,data/raw/images/aptos_0234.png,1,Mild DR,1
aptos_0235,data/raw/images/aptos_0235.png,2,Moderate DR,1
aptos_0236,data/raw/images/aptos_0236.png,4,Proliferative DR,1
aptos_0237,data/raw/images/aptos_0237.png,2,Moderate DR,1
aptos_0238,data/raw/images/aptos_0238.png,2,Moderate DR,1
aptos_0239,data/raw/images/aptos_0239.png,2,Moderate DR,1
aptos_0240,data/raw/images/aptos_0240.png,0,No DR,0
aptos_0241,data/raw/images/aptos_0241.png,2,Moderate DR,1
aptos_0242,data/raw/images/aptos_0242.png,0,No DR,0
aptos_0243,data/raw/images/aptos_0243.png,2,Moderate DR,1
aptos_0244,data/raw/images/aptos_0244.png,0,No DR,0
aptos_0245,data/raw/images/aptos_0245.png,2,Moderate DR,1
aptos_0246,data/raw/images/aptos_0246.png,2,Moderate DR,1
aptos_0247,data/raw/images/aptos_0247.png,0,No DR,0
aptos_0248,data/raw/images/aptos_0248.png,0,No DR,0
aptos_0249,data/raw/images/aptos_0249.png,0,No DR,0
aptos_0250,data/raw/images/aptos_0250.png,0,No DR,0
aptos_0251,data/raw/images/aptos_0251.png,1,Mild DR,1
aptos_0252,data/raw/images/aptos_0252.png,1,Mild DR,1
aptos_0253,data/raw/images/aptos_0253.png,2,Moderate DR,1
aptos_0254,data/raw/images/aptos_0254.png,0,No DR,0
aptos_0255,data/raw/images/aptos_0255.png,2,Moderate DR,1
aptos_0256,data/raw/images/aptos_0256.png,0,No DR,0
aptos_0257,data/raw/images/aptos_0257.png,2,Moderate DR,1
aptos_0258,data/raw/images/aptos_0258.png,1,Mild DR,1
aptos_0259,data/raw/images/aptos_0259.png,0,No DR,0
aptos_0260,data/raw/images/aptos_0260.png,0,No DR,0
aptos_0261,data/raw/images/aptos_0261.png,0,No DR,0
aptos_0262,data/raw/images/aptos_0262.png,2,Moderate DR,1
aptos_0263,data/raw/images/aptos_0263.png,0,No DR,0
aptos_0264,data/raw/images/aptos_0264.png,2,Moderate DR,1
aptos_0265,data/raw/images/aptos_0265.png,2,Moderate DR,1
aptos_0266,data/raw/images/aptos_0266.png,2,Moderate DR,1
aptos_0267,data/raw/images/aptos_0267.png,2,Moderate DR,1
aptos_0268,data/raw/images/aptos_0268.png,0,No DR,0
aptos_0269,data/raw/images/aptos_0269.png,2,Moderate DR,1
aptos_0270,data/raw/images/aptos_0270.png,2,Moderate DR,1
aptos_0271,data/raw/images/aptos_0271.png,2,Moderate DR,1
aptos_0272,data/raw/images/aptos_0272.png,0,No DR,0
aptos_0273,data/raw/images/aptos_0273.png,3,Severe DR,1
aptos_0274,data/raw/images/aptos_0274.png,2,Moderate DR,1
aptos_0275,data/raw/images/aptos_0275.png,0,No DR,0
aptos_0276,data/raw/images/aptos_0276.png,0,No DR,0
aptos_0277,data/raw/images/aptos_0277.png,0,No DR,0
aptos_0278,data/raw/images/aptos_0278.png,0,No DR,0
aptos_0279,data/raw/images/aptos_0279.png,2,Moderate DR,1
aptos_0280,data/raw/images/aptos_0280.png,2,Moderate DR,1
aptos_0281,data/raw/images/aptos_0281.png,0,No DR,0
aptos_0282,data/raw/images/aptos_0282.png,2,Moderate DR,1
aptos_0283,data/raw/images/aptos_0283.png,2,Moderate DR,1
aptos_0284,data/raw/images/aptos_0284.png,0,No DR,0
aptos_0285,data/raw/images/aptos_0285.png,3,Severe DR,1
aptos_0286,data/raw/images/aptos_0286.png,0,No DR,0
aptos_0287,data/raw/images/aptos_0287.png,1,Mild DR,1
aptos_0288,data/raw/images/aptos_0288.png,2,Moderate DR,1
aptos_0289,data/raw/images/aptos_0289.png,0,No DR,0
aptos_0290,data/raw/images/aptos_0290.png,4,Proliferative DR,1
aptos_0291,data/raw/images/aptos_0291.png,3,Severe DR,1
aptos_0292,data/raw/images/aptos_0292.png,0,No DR,0
aptos_0293,data/raw/images/aptos_0293.png,0,No DR,0
aptos_0294,data/raw/images/aptos_0294.png,0,No DR,0
aptos_0295,data/raw/images/aptos_0295.png,0,No DR,0
aptos_0296,data/raw/images/aptos_0296.png,3,Severe DR,1
aptos_0297,data/raw/images/aptos_0297.png,2,Moderate DR,1
aptos_0298,data/raw/images/aptos_0298.png,0,No DR,0
aptos_0299,data/raw/images/aptos_0299.png,4,Proliferative DR,1
aptos_0300,data/raw/images/aptos_0300.png,0,No DR,0
aptos_0301,data/raw/images/aptos_0301.png,0,No DR,0
aptos_0302,data/raw/images/aptos_0302.png,0,No DR,0
aptos_0303,data/raw/images/aptos_0303.png,4,Proliferative DR,1
aptos_0304,data/raw/images/aptos_0304.png,3,Severe DR,1
aptos_0305,data/raw/images/aptos_0305.png,4,Proliferative DR,1
aptos_0306,data/raw/images/aptos_0306.png,2,Moderate DR,1
aptos_0307,data/raw/images/aptos_0307.png,1,Mild DR,1
aptos_0308,data/raw/images/aptos_0308.png,0,No DR,0
aptos_0309,data/raw/images/aptos_0309.png,2,Moderate DR,1
aptos_0310,data/raw/images/aptos_0310.png,0,No DR,0
aptos_0311,data/raw/images/aptos_0311.png,0,No DR,0
aptos_0312,data/raw/images/aptos_0312.png,0,No DR,0
aptos_0313,data/raw/images/aptos_0313.png,0,No DR,0
aptos_0314,data/raw/images/aptos_0314.png,0,No DR,0
aptos_0315,data/raw/images/aptos_0315.png,2,Moderate DR,1
aptos_0316,data/raw/images/aptos_0316.png,1,Mild DR,1
aptos_0317,data/raw/images/aptos_0317.png,0,No DR,0
aptos_0318,data/raw/images/aptos_0318.png,2,Moderate DR,1
aptos_0319,data/raw/images/aptos_0319.png,2,Moderate DR,1
aptos_0320,data/raw/images/aptos_0320.png,2,Moderate DR,1
aptos_0321,data/raw/images/aptos_0321.png,0,No DR,0
aptos_0322,data/raw/images/aptos_0322.png,0,No DR,0
aptos_0323,data/raw/images/aptos_0323.png,0,No DR,0
aptos_0324,data/raw/images/aptos_0324.png,0,No DR,0
aptos_0325,data/raw/images/aptos_0325.png,4,Proliferative DR,1
aptos_0326,data/raw/images/aptos_0326.png,0,No DR,0
aptos_0327,data/raw/images/aptos_0327.png,2,Moderate DR,1
aptos_0328,data/raw/images/aptos_0328.png,0,No DR,0
aptos_0329,data/raw/images/aptos_0329.png,0,No DR,0
aptos_0330,data/raw/images/aptos_0330.png,2,Moderate DR,1
aptos_0331,data/raw/images/aptos_0331.png,1,Mild DR,1
aptos_0332,data/raw/images/aptos_0332.png,0,No DR,0
aptos_0333,data/raw/images/aptos_0333.png,0,No DR,0
aptos_0334,data/raw/images/aptos_0334.png,0,No DR,0
aptos_0335,data/raw/images/aptos_0335.png,0,No DR,0
aptos_0336,data/raw/images/aptos_0336.png,2,Moderate DR,1
aptos_0337,data/raw/images/aptos_0337.png,2,Moderate DR,1
aptos_0338,data/raw/images/aptos_0338.png,0,No DR,0
aptos_0339,data/raw/images/aptos_0339.png,2,Moderate DR,1
aptos_0340,data/raw/images/aptos_0340.png,2,Moderate DR,1
aptos_0341,data/raw/images/aptos_0341.png,3,Severe DR,1
aptos_0342,data/raw/images/aptos_0342.png,0,No DR,0
aptos_0343,data/raw/images/aptos_0343.png,3,Severe DR,1
aptos_0344,data/raw/images/aptos_0344.png,2,Moderate DR,1
aptos_0345,data/raw/images/aptos_0345.png,1,Mild DR,1
aptos_0346,data/raw/images/aptos_0346.png,0,No DR,0
aptos_0347,data/raw/images/aptos_0347.png,2,Moderate DR,1
aptos_0348,data/raw/images/aptos_0348.png,2,Moderate DR,1
aptos_0349,data/raw/images/aptos_0349.png,1,Mild DR,1
aptos_0350,data/raw/images/aptos_0350.png,0,No DR,0
aptos_0351,data/raw/images/aptos_0351.png,0,No DR,0
aptos_0352,data/raw/images/aptos_0352.png,1,Mild DR,1
aptos_0353,data/raw/images/aptos_0353.png,4,Proliferative DR,1
aptos_0354,data/raw/images/aptos_0354.png,1,Mild DR,1
aptos_0355,data/raw/images/aptos_0355.png,0,No DR,0
aptos_0356,data/raw/images/aptos_0356.png,0,No DR,0
aptos_0357,data/raw/images/aptos_0357.png,2,Moderate DR,1
aptos_0358,data/raw/images/aptos_0358.png,0,No DR,0
aptos_0359,data/raw/images/aptos_0359.png,2,Moderate DR,1
aptos_0360,data/raw/images/aptos_0360.png,4,Proliferative DR,1
aptos_0361,data/raw/images/aptos_0361.png,4,Proliferative DR,1
aptos_0362,data/raw/images/aptos_0362.png,3,Severe DR,1
aptos_0363,data/raw/images/aptos_0363.png,0,No DR,0
aptos_0364,data/raw/images/aptos_0364.png,2,Moderate DR,1
aptos_0365,data/raw/images/aptos_0365.png,0,No DR,0
aptos_0366,data/raw/images/aptos_0366.png,2,Moderate DR,1
aptos_0367,data/raw/images/aptos_0367.png,1,Mild DR,1
aptos_0368,data/raw/images/aptos_0368.png,4,Proliferative DR,1
aptos_0369,data/raw/images/aptos_0369.png,0,No DR,0
aptos_0370,data/raw/images/aptos_0370.png,0,No DR,0
aptos_0371,data/raw/images/aptos_0371.png,2,Moderate DR,1
aptos_0372,data/raw/images/aptos_0372.png,3,Severe DR,1
aptos_0373,data/raw/images/aptos_0373.png,0,No DR,0
aptos_0374,data/raw/images/aptos_0374.png,0,No DR,0
aptos_0375,data/raw/images/aptos_0375.png,2,Moderate DR,1
aptos_0376,data/raw/images/aptos_0376.png,1,Mild DR,1
aptos_0377,data/raw/images/aptos_0377.png,2,Moderate DR,1
aptos_0378,data/raw/images/aptos_0378.png,4,Proliferative DR,1
aptos_0379,data/raw/images/aptos_0379.png,1,Mild DR,1
aptos_0380,data/raw/images/aptos_0380.png,2,Moderate DR,1
aptos_0381,data/raw/images/aptos_0381.png,0,No DR,0
aptos_0382,data/raw/images/aptos_0382.png,1,Mild DR,1
aptos_0383,data/raw/images/aptos_0383.png,0,No DR,0
aptos_0384,data/raw/images/aptos_0384.png,2,Moderate DR,1
aptos_0385,data/raw/images/aptos_0385.png,4,Proliferative DR,1
aptos_0386,data/raw/images/aptos_0386.png,2,Moderate DR,1
aptos_0387,data/raw/images/aptos_0387.png,2,Moderate DR,1
aptos_0388,data/raw/images/aptos_0388.png,2,Moderate DR,1
aptos_0389,data/raw/images/aptos_0389.png,2,Moderate DR,1
aptos_0390,data/raw/images/aptos_0390.png,0,No DR,0
aptos_0391,data/raw/images/aptos_0391.png,3,Severe DR,1
aptos_0392,data/raw/images/aptos_0392.png,0,No DR,0
aptos_0393,data/raw/images/aptos_0393.png,0,No DR,0
aptos_0394,data/raw/images/aptos_0394.png,0,No DR,0
aptos_0395,data/raw/images/aptos_0395.png,0,No DR,0
aptos_0396,data/raw/images/aptos_0396.png,0,No DR,0
aptos_0397,data/raw/images/aptos_0397.png,0,No DR,0
aptos_0398,data/raw/images/aptos_0398.png,2,Moderate DR,1
aptos_0399,data/raw/images/aptos_0399.png,0,No DR,0
aptos_0400,data/raw/images/aptos_0400.png,0,No DR,0
aptos_0401,data/raw/images/aptos_0401.png,1,Mild DR,1
aptos_0402,data/raw/images/aptos_0402.png,2,Moderate DR,1
aptos_0403,data/raw/images/aptos_0403.png,0,No DR,0
aptos_0404,data/raw/images/aptos_0404.png,0,No DR,0
aptos_0405,data/raw/images/aptos_0405.png,0,No DR,0
aptos_0406,data/raw/images/aptos_0406.png,0,No DR,0
aptos_0407,data/raw/images/aptos_0407.png,0,No DR,0
aptos_0408,data/raw/images/aptos_0408.png,2,Moderate DR,1
aptos_0409,data/raw/images/aptos_0409.png,1,Mild DR,1
aptos_0410,data/raw/images/aptos_0410.png,0,No DR,0
aptos_0411,data/raw/images/aptos_0411.png,2,Moderate DR,1
aptos_0412,data/raw/images/aptos_0412.png,0,No DR,0
aptos_0413,data/raw/images/aptos_0413.png,0,No DR,0
aptos_0414,data/raw/images/aptos_0414.png,2,Moderate DR,1
aptos_0415,data/raw/images/aptos_0415.png,0,No DR,0
aptos_0416,data/raw/images/aptos_0416.png,2,Moderate DR,1
aptos_0417,data/raw/images/aptos_0417.png,2,Moderate DR,1
aptos_0418,data/raw/images/aptos_0418.png,0,No DR,0
aptos_0419,data/raw/images/aptos_0419.png,0,No DR,0
aptos_0420,data/raw/images/aptos_0420.png,0,No DR,0
aptos_0421,data/raw/images/aptos_0421.png,1,Mild DR,1
aptos_0422,data/raw/images/aptos_0422.png,2,Moderate DR,1
aptos_0423,data/raw/images/aptos_0423.png,0,No DR,0
aptos_0424,data/raw/images/aptos_0424.png,0,No DR,0
aptos_0425,data/raw/images/aptos_0425.png,2,Moderate DR,1
aptos_0426,data/raw/images/aptos_0426.png,2,Moderate DR,1
aptos_0427,data/raw/images/aptos_0427.png,2,Moderate DR,1
aptos_0428,data/raw/images/aptos_0428.png,2,Moderate DR,1
aptos_0429,data/raw/images/aptos_0429.png,0,No DR,0
aptos_0430,data/raw/images/aptos_0430.png,0,No DR,0
aptos_0431,data/raw/images/aptos_0431.png,1,Mild DR,1
aptos_0432,data/raw/images/aptos_0432.png,0,No DR,0
aptos_0433,data/raw/images/aptos_0433.png,4,Proliferative DR,1
aptos_0434,data/raw/images/aptos_0434.png,0,No DR,0
aptos_0435,data/raw/images/aptos_0435.png,2,Moderate DR,1
aptos_0436,data/raw/images/aptos_0436.png,0,No DR,0
aptos_0437,data/raw/images/aptos_0437.png,0,No DR,0
aptos_0438,data/raw/images/aptos_0438.png,4,Proliferative DR,1
aptos_0439,data/raw/images/aptos_0439.png,2,Moderate DR,1
aptos_0440,data/raw/images/aptos_0440.png,2,Moderate DR,1
aptos_0441,data/raw/images/aptos_0441.png,0,No DR,0
aptos_0442,data/raw/images/aptos_0442.png,0,No DR,0
aptos_0443,data/raw/images/aptos_0443.png,0,No DR,0
aptos_0444,data/raw/images/aptos_0444.png,2,Moderate DR,1
aptos_0445,data/raw/images/aptos_0445.png,0,No DR,0
aptos_0446,data/raw/images/aptos_0446.png,2,Moderate DR,1
aptos_0447,data/raw/images/aptos_0447.png,0,No DR,0
aptos_0448,data/raw/images/aptos_0448.png,2,Moderate DR,1
aptos_0449,data/raw/images/aptos_0449.png,0,No DR,0
aptos_0450,data/raw/images/aptos_0450.png,0,No DR,0
aptos_0451,data/raw/images/aptos_0451.png,0,No DR,0
aptos_0452,data/raw/images/aptos_0452.png,4,Proliferative DR,1
aptos_0453,data/raw/images/aptos_0453.png,0,No DR,0
aptos_0454,data/raw/images/aptos_0454.png,2,Moderate DR,1
aptos_0455,data/raw/images/aptos_0455.png,1,Mild DR,1
aptos_0456,data/raw/images/aptos_0456.png,4,Proliferative DR,1
aptos_0457,data/raw/images/aptos_0457.png,0,No DR,0
aptos_0458,data/raw/images/aptos_0458.png,0,No DR,0
aptos_0459,data/raw/images/aptos_0459.png,2,Moderate DR,1
aptos_0460,data/raw/images/aptos_0460.png,2,Moderate DR,1
aptos_0461,data/raw/images/aptos_0461.png,2,Moderate DR,1
aptos_0462,data/raw/images/aptos_0462.png,2,Moderate DR,1
aptos_0463,data/raw/images/aptos_0463.png,0,No DR,0
aptos_0464,data/raw/images/aptos_0464.png,2,Moderate DR,1
aptos_0465,data/raw/images/aptos_0465.png,4,Proliferative DR,1
aptos_0466,data/raw/images/aptos_0466.png,0,No DR,0
aptos_0467,data/raw/images/aptos_0467.png,0,No DR,0
aptos_0468,data/raw/images/aptos_0468.png,0,No DR,0
aptos_0469,data/raw/images/aptos_0469.png,4,Proliferative DR,1
aptos_0470,data/raw/images/aptos_0470.png,2,Moderate DR,1
aptos_0471,data/raw/images/aptos_0471.png,0,No DR,0
aptos_0472,data/raw/images/aptos_0472.png,2,Moderate DR,1
aptos_0473,data/raw/images/aptos_0473.png,0,No DR,0
aptos_0474,data/raw/images/aptos_0474.png,4,Proliferative DR,1
aptos_0475,data/raw/images/aptos_0475.png,4,Proliferative DR,1
aptos_0476,data/raw/images/aptos_0476.png,1,Mild DR,1
aptos_0477,data/raw/images/aptos_0477.png,0,No DR,0
aptos_0478,data/raw/images/aptos_0478.png,0,No DR,0
aptos_0479,data/raw/images/aptos_0479.png,2,Moderate DR,1
aptos_0480,data/raw/images/aptos_0480.png,4,Proliferative DR,1
aptos_0481,data/raw/images/aptos_0481.png,1,Mild DR,1
aptos_0482,data/raw/images/aptos_0482.png,2,Moderate DR,1
aptos_0483,data/raw/images/aptos_0483.png,0,No DR,0
aptos_0484,data/raw/images/aptos_0484.png,2,Moderate DR,1
aptos_0485,data/raw/images/aptos_0485.png,0,No DR,0
aptos_0486,data/raw/images/aptos_0486.png,0,No DR,0
aptos_0487,data/raw/images/aptos_0487.png,4,Proliferative DR,1
aptos_0488,data/raw/images/aptos_0488.png,1,Mild DR,1
aptos_0489,data/raw/images/aptos_0489.png,2,Moderate DR,1
aptos_0490,data/raw/images/aptos_0490.png,0,No DR,0
aptos_0491,data/raw/images/aptos_0491.png,2,Moderate DR,1
aptos_0492,data/raw/images/aptos_0492.png,2,Moderate DR,1
aptos_0493,data/raw/images/aptos_0493.png,2,Moderate DR,1
aptos_0494,data/raw/images/aptos_0494.png,0,No DR,0
aptos_0495,data/raw/images/aptos_0495.png,2,Moderate DR,1
aptos_0496,data/raw/images/aptos_0496.png,2,Moderate DR,1
aptos_0497,data/raw/images/aptos_0497.png,2,Moderate DR,1
aptos_0498,data/raw/images/aptos_0498.png,0,No DR,0
aptos_0499,data/raw/images/aptos_0499.png,3,Severe DR,1
aptos_0500,data/raw/images/aptos_0500.png,0,No DR,0
aptos_0501,data/raw/images/aptos_0501.png,2,Moderate DR,1
aptos_0502,data/raw/images/aptos_0502.png,2,Moderate DR,1
aptos_0503,data/raw/images/aptos_0503.png,2,Moderate DR,1
aptos_0504,data/raw/images/aptos_0504.png,0,No DR,0
aptos_0505,data/raw/images/aptos_0505.png,0,No DR,0
aptos_0506,data/raw/images/aptos_0506.png,0,No DR,0
aptos_0507,data/raw/images/aptos_0507.png,2,Moderate DR,1
aptos_0508,data/raw/images/aptos_0508.png,2,Moderate DR,1
aptos_0509,data/raw/images/aptos_0509.png,4,Proliferative DR,1
aptos_0510,data/raw/images/aptos_0510.png,4,Proliferative DR,1
aptos_0511,data/raw/images/aptos_0511.png,1,Mild DR,1
aptos_0512,data/raw/images/aptos_0512.png,0,No DR,0
aptos_0513,data/raw/images/aptos_0513.png,3,Severe DR,1
aptos_0514,data/raw/images/aptos_0514.png,1,Mild DR,1
aptos_0515,data/raw/images/aptos_0515.png,0,No DR,0
aptos_0516,data/raw/images/aptos_0516.png,0,No DR,0
aptos_0517,data/raw/images/aptos_0517.png,0,No DR,0
aptos_0518,data/raw/images/aptos_0518.png,2,Moderate DR,1
aptos_0519,data/raw/images/aptos_0519.png,0,No DR,0
aptos_0520,data/raw/images/aptos_0520.png,2,Moderate DR,1
aptos_0521,data/raw/images/aptos_0521.png,0,No DR,0
aptos_0522,data/raw/images/aptos_0522.png,4,Proliferative DR,1
aptos_0523,data/raw/images/aptos_0523.png,0,No DR,0
aptos_0524,data/raw/images/aptos_0524.png,1,Mild DR,1
aptos_0525,data/raw/images/aptos_0525.png,0,No DR,0
aptos_0526,data/raw/images/aptos_0526.png,3,Severe DR,1
aptos_0527,data/raw/images/aptos_0527.png,0,No DR,0
aptos_0528,data/raw/images/aptos_0528.png,4,Proliferative DR,1
aptos_0529,data/raw/images/aptos_0529.png,2,Moderate DR,1
aptos_0530,data/raw/images/aptos_0530.png,1,Mild DR,1
aptos_0531,data/raw/images/aptos_0531.png,2,Moderate DR,1
aptos_0532,data/raw/images/aptos_0532.png,0,No DR,0
aptos_0533,data/raw/images/aptos_0533.png,2,Moderate DR,1
aptos_0534,data/raw/images/aptos_0534.png,4,Proliferative DR,1
aptos_0535,data/raw/images/aptos_0535.png,4,Proliferative DR,1
aptos_0536,data/raw/images/aptos_0536.png,0,No DR,0
aptos_0537,data/raw/images/aptos_0537.png,2,Moderate DR,1
aptos_0538,data/raw/images/aptos_0538.png,4,Proliferative DR,1
aptos_0539,data/raw/images/aptos_0539.png,3,Severe DR,1
aptos_0540,data/raw/images/aptos_0540.png,0,No DR,0
aptos_0541,data/raw/images/aptos_0541.png,0,No DR,0
aptos_0542,data/raw/images/aptos_0542.png,2,Moderate DR,1
aptos_0543,data/raw/images/aptos_0543.png,3,Severe DR,1
aptos_0544,data/raw/images/aptos_0544.png,2,Moderate DR,1
aptos_0545,data/raw/images/aptos_0545.png,0,No DR,0
aptos_0546,data/raw/images/aptos_0546.png,0,No DR,0
aptos_0547,data/raw/images/aptos_0547.png,0,No DR,0
aptos_0548,data/raw/images/aptos_0548.png,2,Moderate DR,1
aptos_0549,data/raw/images/aptos_0549.png,0,No DR,0
aptos_0550,data/raw/images/aptos_0550.png,2,Moderate DR,1
aptos_0551,data/raw/images/aptos_0551.png,2,Moderate DR,1
aptos_0552,data/raw/images/aptos_0552.png,2,Moderate DR,1
aptos_0553,data/raw/images/aptos_0553.png,0,No DR,0
aptos_0554,data/raw/images/aptos_0554.png,1,Mild DR,1
aptos_0555,data/raw/images/aptos_0555.png,0,No DR,0
aptos_0556,data/raw/images/aptos_0556.png,2,Moderate DR,1
aptos_0557,data/raw/images/aptos_0557.png,1,Mild DR,1
aptos_0558,data/raw/images/aptos_0558.png,0,No DR,0
aptos_0559,data/raw/images/aptos_0559.png,2,Moderate DR,1
aptos_0560,data/raw/images/aptos_0560.png,2,Moderate DR,1
aptos_0561,data/raw/images/aptos_0561.png,4,Proliferative DR,1
aptos_0562,data/raw/images/aptos_0562.png,1,Mild DR,1
aptos_0563,data/raw/images/aptos_0563.png,0,No DR,0
aptos_0564,data/raw/images/aptos_0564.png,2,Moderate DR,1
aptos_0565,data/raw/images/aptos_0565.png,4,Proliferative DR,1
aptos_0566,data/raw/images/aptos_0566.png,0,No DR,0
aptos_0567,data/raw/images/aptos_0567.png,2,Moderate DR,1
aptos_0568,data/raw/images/aptos_0568.png,0,No DR,0
aptos_0569,data/raw/images/aptos_0569.png,0,No DR,0
aptos_0570,data/raw/images/aptos_0570.png,0,No DR,0
aptos_0571,data/raw/images/aptos_0571.png,0,No DR,0
aptos_0572,data/raw/images/aptos_0572.png,2,Moderate DR,1
aptos_0573,data/raw/images/aptos_0573.png,0,No DR,0
aptos_0574,data/raw/images/aptos_0574.png,2,Moderate DR,1
aptos_0575,data/raw/images/aptos_0575.png,0,No DR,0
aptos_0576,data/raw/images/aptos_0576.png,0,No DR,0
aptos_0577,data/raw/images/aptos_0577.png,2,Moderate DR,1
aptos_0578,data/raw/images/aptos_0578.png,1,Mild DR,1
aptos_0579,data/raw/images/aptos_0579.png,2,Moderate DR,1
aptos_0580,data/raw/images/aptos_0580.png,0,No DR,0
aptos_0581,data/raw/images/aptos_0581.png,2,Moderate DR,1
aptos_0582,data/raw/images/aptos_0582.png,0,No DR,0
aptos_0583,data/raw/images/aptos_0583.png,0,No DR,0
aptos_0584,data/raw/images/aptos_0584.png,0,No DR,0
aptos_0585,data/raw/images/aptos_0585.png,2,Moderate DR,1
aptos_0586,data/raw/images/aptos_0586.png,2,Moderate DR,1
aptos_0587,data/raw/images/aptos_0587.png,2,Moderate DR,1
aptos_0588,data/raw/images/aptos_0588.png,0,No DR,0
aptos_0589,data/raw/images/aptos_0589.png,3,Severe DR,1
aptos_0590,data/raw/images/aptos_0590.png,1,Mild DR,1
aptos_0591,data/raw/images/aptos_0591.png,0,No DR,0
aptos_0592,data/raw/images/aptos_0592.png,1,Mild DR,1
aptos_0593,data/raw/images/aptos_0593.png,4,Proliferative DR,1
aptos_0594,data/raw/images/aptos_0594.png,0,No DR,0
aptos_0595,data/raw/images/aptos_0595.png,2,Moderate DR,1
aptos_0596,data/raw/images/aptos_0596.png,0,No DR,0
aptos_0597,data/raw/images/aptos_0597.png,1,Mild DR,1
aptos_0598,data/raw/images/aptos_0598.png,2,Moderate DR,1
aptos_0599,data/raw/images/aptos_0599.png,0,No DR,0
aptos_0600,data/raw/images/aptos_0600.png,0,No DR,0
aptos_0601,data/raw/images/aptos_0601.png,2,Moderate DR,1
aptos_0602,data/raw/images/aptos_0602.png,2,Moderate DR,1
aptos_0603,data/raw/images/aptos_0603.png,0,No DR,0
aptos_0604,data/raw/images/aptos_0604.png,2,Moderate DR,1
aptos_0605,data/raw/images/aptos_0605.png,2,Moderate DR,1
aptos_0606,data/raw/images/aptos_0606.png,0,No DR,0
aptos_0607,data/raw/images/aptos_0607.png,1,Mild DR,1
aptos_0608,data/raw/images/aptos_0608.png,0,No DR,0
aptos_0609,data/raw/images/aptos_0609.png,2,Moderate DR,1
aptos_0610,data/raw/images/aptos_0610.png,2,Moderate DR,1
aptos_0611,data/raw/images/aptos_0611.png,2,Moderate DR,1
aptos_0612,data/raw/images/aptos_0612.png,0,No DR,0
aptos_0613,data/raw/images/aptos_0613.png,2,Moderate DR,1
aptos_0614,data/raw/images/aptos_0614.png,0,No DR,0
aptos_0615,data/raw/images/aptos_0615.png,0,No DR,0
aptos_0616,data/raw/images/aptos_0616.png,3,Severe DR,1
aptos_0617,data/raw/images/aptos_0617.png,0,No DR,0
aptos_0618,data/raw/images/aptos_0618.png,0,No DR,0
aptos_0619,data/raw/images/aptos_0619.png,2,Moderate DR,1
aptos_0620,data/raw/images/aptos_0620.png,2,Moderate DR,1
aptos_0621,data/raw/images/aptos_0621.png,3,Severe DR,1
aptos_0622,data/raw/images/aptos_0622.png,0,No DR,0
aptos_0623,data/raw/images/aptos_0623.png,4,Proliferative DR,1
aptos_0624,data/raw/images/aptos_0624.png,3,Severe DR,1
aptos_0625,data/raw/images/aptos_0625.png,2,Moderate DR,1
aptos_0626,data/raw/images/aptos_0626.png,2,Moderate DR,1
aptos_0627,data/raw/images/aptos_0627.png,2,Moderate DR,1
aptos_0628,data/raw/images/aptos_0628.png,0,No DR,0
aptos_0629,data/raw/images/aptos_0629.png,0,No DR,0
aptos_0630,data/raw/images/aptos_0630.png,0,No DR,0
aptos_0631,data/raw/images/aptos_0631.png,0,No DR,0
aptos_0632,data/raw/images/aptos_0632.png,0,No DR,0
aptos_0633,data/raw/images/aptos_0633.png,2,Moderate DR,1
aptos_0634,data/raw/images/aptos_0634.png,2,Moderate DR,1
aptos_0635,data/raw/images/aptos_0635.png,0,No DR,0
aptos_0636,data/raw/images/aptos_0636.png,2,Moderate DR,1
aptos_0637,data/raw/images/aptos_0637.png,0,No DR,0
aptos_0638,data/raw/images/aptos_0638.png,0,No DR,0
aptos_0639,data/raw/images/aptos_0639.png,0,No DR,0
aptos_0640,data/raw/images/aptos_0640.png,0,No DR,0
aptos_0641,data/raw/images/aptos_0641.png,0,No DR,0
aptos_0642,data/raw/images/aptos_0642.png,2,Moderate DR,1
aptos_0643,data/raw/images/aptos_0643.png,0,No DR,0
aptos_0644,data/raw/images/aptos_0644.png,1,Mild DR,1
aptos_0645,data/raw/images/aptos_0645.png,2,Moderate DR,1
aptos_0646,data/raw/images/aptos_0646.png,1,Mild DR,1
aptos_0647,data/raw/images/aptos_0647.png,0,No DR,0
aptos_0648,data/raw/images/aptos_0648.png,0,No DR,0
aptos_0649,data/raw/images/aptos_0649.png,0,No DR,0
aptos_0650,data/raw/images/aptos_0650.png,0,No DR,0
aptos_0651,data/raw/images/aptos_0651.png,4,Proliferative DR,1
aptos_0652,data/raw/images/aptos_0652.png,2,Moderate DR,1
aptos_0653,data/raw/images/aptos_0653.png,2,Moderate DR,1
aptos_0654,data/raw/images/aptos_0654.png,0,No DR,0
aptos_0655,data/raw/images/aptos_0655.png,1,Mild DR,1
aptos_0656,data/raw/images/aptos_0656.png,0,No DR,0
aptos_0657,data/raw/images/aptos_0657.png,0,No DR,0
aptos_0658,data/raw/images/aptos_0658.png,0,No DR,0
aptos_0659,data/raw/images/aptos_0659.png,0,No DR,0
aptos_0660,data/raw/images/aptos_0660.png,4,Proliferative DR,1
aptos_0661,data/raw/images/aptos_0661.png,1,Mild DR,1
aptos_0662,data/raw/images/aptos_0662.png,3,Severe DR,1
aptos_0663,data/raw/images/aptos_0663.png,1,Mild DR,1
aptos_0664,data/raw/images/aptos_0664.png,2,Moderate DR,1
aptos_0665,data/raw/images/aptos_0665.png,4,Proliferative DR,1
aptos_0666,data/raw/images/aptos_0666.png,0,No DR,0
aptos_0667,data/raw/images/aptos_0667.png,0,No DR,0
aptos_0668,data/raw/images/aptos_0668.png,0,No DR,0
aptos_0669,data/raw/images/aptos_0669.png,2,Moderate DR,1
aptos_0670,data/raw/images/aptos_0670.png,2,Moderate DR,1
aptos_0671,data/raw/images/aptos_0671.png,4,Proliferative DR,1
aptos_0672,data/raw/images/aptos_0672.png,0,No DR,0
aptos_0673,data/raw/images/aptos_0673.png,2,Moderate DR,1
aptos_0674,data/raw/images/aptos_0674.png,4,Proliferative DR,1
aptos_0675,data/raw/images/aptos_0675.png,0,No DR,0
aptos_0676,data/raw/images/aptos_0676.png,2,Moderate DR,1
aptos_0677,data/raw/images/aptos_0677.png,0,No DR,0
aptos_0678,data/raw/images/aptos_0678.png,2,Moderate DR,1
aptos_0679,data/raw/images/aptos_0679.png,1,Mild DR,1
aptos_0680,data/raw/images/aptos_0680.png,0,No DR,0
aptos_0681,data/raw/images/aptos_0681.png,0,No DR,0
aptos_0682,data/raw/images/aptos_0682.png,2,Moderate DR,1
aptos_0683,data/raw/images/aptos_0683.png,1,Mild DR,1
aptos_0684,data/raw/images/aptos_0684.png,1,Mild DR,1
aptos_0685,data/raw/images/aptos_0685.png,0,No DR,0
aptos_0686,data/raw/images/aptos_0686.png,2,Moderate DR,1
aptos_0687,data/raw/images/aptos_0687.png,4,Proliferative DR,1
aptos_0688,data/raw/images/aptos_0688.png,2,Moderate DR,1
aptos_0689,data/raw/images/aptos_0689.png,0,No DR,0
aptos_0690,data/raw/images/aptos_0690.png,0,No DR,0
aptos_0691,data/raw/images/aptos_0691.png,2,Moderate DR,1
aptos_0692,data/raw/images/aptos_0692.png,2,Moderate DR,1
aptos_0693,data/raw/images/aptos_0693.png,0,No DR,0
aptos_0694,data/raw/images/aptos_0694.png,3,Severe DR,1
aptos_0695,data/raw/images/aptos_0695.png,0,No DR,0
aptos_0696,data/raw/images/aptos_0696.png,0,No DR,0
aptos_0697,data/raw/images/aptos_0697.png,2,Moderate DR,1
aptos_0698,data/raw/images/aptos_0698.png,1,Mild DR,1
aptos_0699,data/raw/images/aptos_0699.png,4,Proliferative DR,1
aptos_0700,data/raw/images/aptos_0700.png,3,Severe DR,1
aptos_0701,data/raw/images/aptos_0701.png,0,No DR,0
aptos_0702,data/raw/images/aptos_0702.png,2,Moderate DR,1
aptos_0703,data/raw/images/aptos_0703.png,0,No DR,0
aptos_0704,data/raw/images/aptos_0704.png,0,No DR,0
aptos_0705,data/raw/images/aptos_0705.png,0,No DR,0
aptos_0706,data/raw/images/aptos_0706.png,2,Moderate DR,1
aptos_0707,data/raw/images/aptos_0707.png,0,No DR,0
aptos_0708,data/raw/images/aptos_0708.png,0,No DR,0
aptos_0709,data/raw/images/aptos_0709.png,1,Mild DR,1
aptos_0710,data/raw/images/aptos_0710.png,0,No DR,0
aptos_0711,data/raw/images/aptos_0711.png,2,Moderate DR,1
aptos_0712,data/raw/images/aptos_0712.png,0,No DR,0
aptos_0713,data/raw/images/aptos_0713.png,0,No DR,0
aptos_0714,data/raw/images/aptos_0714.png,0,No DR,0
aptos_0715,data/raw/images/aptos_0715.png,3,Severe DR,1
aptos_0716,data/raw/images/aptos_0716.png,0,No DR,0
aptos_0717,data/raw/images/aptos_0717.png,1,Mild DR,1
aptos_0718,data/raw/images/aptos_0718.png,0,No DR,0
aptos_0719,data/raw/images/aptos_0719.png,0,No DR,0
aptos_0720,data/raw/images/aptos_0720.png,0,No DR,0
aptos_0721,data/raw/images/aptos_0721.png,0,No DR,0
aptos_0722,data/raw/images/aptos_0722.png,2,Moderate DR,1
aptos_0723,data/raw/images/aptos_0723.png,1,Mild DR,1
aptos_0724,data/raw/images/aptos_0724.png,2,Moderate DR,1
aptos_0725,data/raw/images/aptos_0725.png,2,Moderate DR,1
aptos_0726,data/raw/images/aptos_0726.png,0,No DR,0
aptos_0727,data/raw/images/aptos_0727.png,3,Severe DR,1
aptos_0728,data/raw/images/aptos_0728.png,0,No DR,0
aptos_0729,data/raw/images/aptos_0729.png,1,Mild DR,1
aptos_0730,data/raw/images/aptos_0730.png,2,Moderate DR,1
aptos_0731,data/raw/images/aptos_0731.png,0,No DR,0
aptos_0732,data/raw/images/aptos_0732.png,0,No DR,0
aptos_0733,data/raw/images/aptos_0733.png,2,Moderate DR,1
aptos_0734,data/raw/images/aptos_0734.png,0,No DR,0
aptos_0735,data/raw/images/aptos_0735.png,0,No DR,0
aptos_0736,data/raw/images/aptos_0736.png,0,No DR,0
aptos_0737,data/raw/images/aptos_0737.png,3,Severe DR,1
aptos_0738,data/raw/images/aptos_0738.png,0,No DR,0
aptos_0739,data/raw/images/aptos_0739.png,2,Moderate DR,1
aptos_0740,data/raw/images/aptos_0740.png,0,No DR,0
aptos_0741,data/raw/images/aptos_0741.png,0,No DR,0
aptos_0742,data/raw/images/aptos_0742.png,0,No DR,0
aptos_0743,data/raw/images/aptos_0743.png,0,No DR,0
aptos_0744,data/raw/images/aptos_0744.png,1,Mild DR,1
aptos_0745,data/raw/images/aptos_0745.png,0,No DR,0
aptos_0746,data/raw/images/aptos_0746.png,0,No DR,0
aptos_0747,data/raw/images/aptos_0747.png,1,Mild DR,1
aptos_0748,data/raw/images/aptos_0748.png,0,No DR,0
aptos_0749,data/raw/images/aptos_0749.png,0,No DR,0
aptos_0750,data/raw/images/aptos_0750.png,0,No DR,0
aptos_0751,data/raw/images/aptos_0751.png,1,Mild DR,1
aptos_0752,data/raw/images/aptos_0752.png,0,No DR,0
aptos_0753,data/raw/images/aptos_0753.png,0,No DR,0
aptos_0754,data/raw/images/aptos_0754.png,1,Mild DR,1
aptos_0755,data/raw/images/aptos_0755.png,0,No DR,0
aptos_0756,data/raw/images/aptos_0756.png,2,Moderate DR,1
aptos_0757,data/raw/images/aptos_0757.png,1,Mild DR,1
aptos_0758,data/raw/images/aptos_0758.png,1,Mild DR,1
aptos_0759,data/raw/images/aptos_0759.png,2,Moderate DR,1
aptos_0760,data/raw/images/aptos_0760.png,3,Severe DR,1
aptos_0761,data/raw/images/aptos_0761.png,0,No DR,0
aptos_0762,data/raw/images/aptos_0762.png,0,No DR,0
aptos_0763,data/raw/images/aptos_0763.png,2,Moderate DR,1
aptos_0764,data/raw/images/aptos_0764.png,3,Severe DR,1
aptos_0765,data/raw/images/aptos_0765.png,0,No DR,0
aptos_0766,data/raw/images/aptos_0766.png,2,Moderate DR,1
aptos_0767,data/raw/images/aptos_0767.png,0,No DR,0
aptos_0768,data/raw/images/aptos_0768.png,0,No DR,0
aptos_0769,data/raw/images/aptos_0769.png,0,No DR,0
aptos_0770,data/raw/images/aptos_0770.png,0,No DR,0
aptos_0771,data/raw/images/aptos_0771.png,4,Proliferative DR,1
aptos_0772,data/raw/images/aptos_0772.png,2,Moderate DR,1
aptos_0773,data/raw/images/aptos_0773.png,4,Proliferative DR,1
aptos_0774,data/raw/images/aptos_0774.png,4,Proliferative DR,1
aptos_0775,data/raw/images/aptos_0775.png,4,Proliferative DR,1
aptos_0776,data/raw/images/aptos_0776.png,0,No DR,0
aptos_0777,data/raw/images/aptos_0777.png,2,Moderate DR,1
aptos_0778,data/raw/images/aptos_0778.png,3,Severe DR,1
aptos_0779,data/raw/images/aptos_0779.png,4,Proliferative DR,1
aptos_0780,data/raw/images/aptos_0780.png,0,No DR,0
aptos_0781,data/raw/images/aptos_0781.png,1,Mild DR,1
aptos_0782,data/raw/images/aptos_0782.png,0,No DR,0
aptos_0783,data/raw/images/aptos_0783.png,3,Severe DR,1
aptos_0784,data/raw/images/aptos_0784.png,1,Mild DR,1
aptos_0785,data/raw/images/aptos_0785.png,2,Moderate DR,1
aptos_0786,data/raw/images/aptos_0786.png,0,No DR,0
aptos_0787,data/raw/images/aptos_0787.png,0,No DR,0
aptos_0788,data/raw/images/aptos_0788.png,0,No DR,0
aptos_0789,data/raw/images/aptos_0789.png,0,No DR,0
aptos_0790,data/raw/images/aptos_0790.png,2,Moderate DR,1
aptos_0791,data/raw/images/aptos_0791.png,0,No DR,0
aptos_0792,data/raw/images/aptos_0792.png,1,Mild DR,1
aptos_0793,data/raw/images/aptos_0793.png,0,No DR,0
aptos_0794,data/raw/images/aptos_0794.png,1,Mild DR,1
aptos_0795,data/raw/images/aptos_0795.png,2,Moderate DR,1
aptos_0796,data/raw/images/aptos_0796.png,0,No DR,0
aptos_0797,data/raw/images/aptos_0797.png,2,Moderate DR,1
aptos_0798,data/raw/images/aptos_0798.png,0,No DR,0
aptos_0799,data/raw/images/aptos_0799.png,2,Moderate DR,1
aptos_0800,data/raw/images/aptos_0800.png,0,No DR,0
aptos_0801,data/raw/images/aptos_0801.png,2,Moderate DR,1
aptos_0802,data/raw/images/aptos_0802.png,3,Severe DR,1
aptos_0803,data/raw/images/aptos_0803.png,2,Moderate DR,1
aptos_0804,data/raw/images/aptos_0804.png,0,No DR,0
aptos_0805,data/raw/images/aptos_0805.png,0,No DR,0
aptos_0806,data/raw/images/aptos_0806.png,2,Moderate DR,1
aptos_0807,data/raw/images/aptos_0807.png,2,Moderate DR,1
aptos_0808,data/raw/images/aptos_0808.png,4,Proliferative DR,1
aptos_0809,data/raw/images/aptos_0809.png,0,No DR,0
aptos_0810,data/raw/images/aptos_0810.png,2,Moderate DR,1
aptos_0811,data/raw/images/aptos_0811.png,0,No DR,0
aptos_0812,data/raw/images/aptos_0812.png,4,Proliferative DR,1
aptos_0813,data/raw/images/aptos_0813.png,2,Moderate DR,1
aptos_0814,data/raw/images/aptos_0814.png,0,No DR,0
aptos_0815,data/raw/images/aptos_0815.png,4,Proliferative DR,1
aptos_0816,data/raw/images/aptos_0816.png,0,No DR,0
aptos_0817,data/raw/images/aptos_0817.png,0,No DR,0
aptos_0818,data/raw/images/aptos_0818.png,3,Severe DR,1
aptos_0819,data/raw/images/aptos_0819.png,0,No DR,0
aptos_0820,data/raw/images/aptos_0820.png,0,No DR,0
aptos_0821,data/raw/images/aptos_0821.png,4,Proliferative DR,1
aptos_0822,data/raw/images/aptos_0822.png,4,Proliferative DR,1
aptos_0823,data/raw/images/aptos_0823.png,0,No DR,0
aptos_0824,data/raw/images/aptos_0824.png,4,Proliferative DR,1
aptos_0825,data/raw/images/aptos_0825.png,2,Moderate DR,1
aptos_0826,data/raw/images/aptos_0826.png,0,No DR,0
aptos_0827,data/raw/images/aptos_0827.png,1,Mild DR,1
aptos_0828,data/raw/images/aptos_0828.png,0,No DR,0
aptos_0829,data/raw/images/aptos_0829.png,2,Moderate DR,1
aptos_0830,data/raw/images/aptos_0830.png,0,No DR,0
aptos_0831,data/raw/images/aptos_0831.png,0,No DR,0
aptos_0832,data/raw/images/aptos_0832.png,2,Moderate DR,1
aptos_0833,data/raw/images/aptos_0833.png,0,No DR,0
aptos_0834,data/raw/images/aptos_0834.png,2,Moderate DR,1
aptos_0835,data/raw/images/aptos_0835.png,0,No DR,0
aptos_0836,data/raw/images/aptos_0836.png,0,No DR,0
aptos_0837,data/raw/images/aptos_0837.png,2,Moderate DR,1
aptos_0838,data/raw/images/aptos_0838.png,1,Mild DR,1
aptos_0839,data/raw/images/aptos_0839.png,1,Mild DR,1
aptos_0840,data/raw/images/aptos_0840.png,4,Proliferative DR,1
aptos_0841,data/raw/images/aptos_0841.png,0,No DR,0
aptos_0842,data/raw/images/aptos_0842.png,0,No DR,0
aptos_0843,data/raw/images/aptos_0843.png,4,Proliferative DR,1
aptos_0844,data/raw/images/aptos_0844.png,0,No DR,0
aptos_0845,data/raw/images/aptos_0845.png,0,No DR,0
aptos_0846,data/raw/images/aptos_0846.png,4,Proliferative DR,1
aptos_0847,data/raw/images/aptos_0847.png,2,Moderate DR,1
aptos_0848,data/raw/images/aptos_0848.png,0,No DR,0
aptos_0849,data/raw/images/aptos_0849.png,2,Moderate DR,1
aptos_0850,data/raw/images/aptos_0850.png,0,No DR,0
aptos_0851,data/raw/images/aptos_0851.png,0,No DR,0
aptos_0852,data/raw/images/aptos_0852.png,0,No DR,0
aptos_0853,data/raw/images/aptos_0853.png,2,Moderate DR,1
aptos_0854,data/raw/images/aptos_0854.png,2,Moderate DR,1
aptos_0855,data/raw/images/aptos_0855.png,1,Mild DR,1
aptos_0856,data/raw/images/aptos_0856.png,2,Moderate DR,1
aptos_0857,data/raw/images/aptos_0857.png,2,Moderate DR,1
aptos_0858,data/raw/images/aptos_0858.png,1,Mild DR,1
aptos_0859,data/raw/images/aptos_0859.png,0,No DR,0
aptos_0860,data/raw/images/aptos_0860.png,2,Moderate DR,1
aptos_0861,data/raw/images/aptos_0861.png,2,Moderate DR,1
aptos_0862,data/raw/images/aptos_0862.png,3,Severe DR,1
aptos_0863,data/raw/images/aptos_0863.png,0,No DR,0
aptos_0864,data/raw/images/aptos_0864.png,2,Moderate DR,1
aptos_0865,data/raw/images/aptos_0865.png,2,Moderate DR,1
aptos_0866,data/raw/images/aptos_0866.png,1,Mild DR,1
aptos_0867,data/raw/images/aptos_0867.png,4,Proliferative DR,1
aptos_0868,data/raw/images/aptos_0868.png,0,No DR,0
aptos_0869,data/raw/images/aptos_0869.png,2,Moderate DR,1
aptos_0870,data/raw/images/aptos_0870.png,0,No DR,0
aptos_0871,data/raw/images/aptos_0871.png,2,Moderate DR,1
aptos_0872,data/raw/images/aptos_0872.png,3,Severe DR,1
aptos_0873,data/raw/images/aptos_0873.png,2,Moderate DR,1
aptos_0874,data/raw/images/aptos_0874.png,0,No DR,0
aptos_0875,data/raw/images/aptos_0875.png,0,No DR,0
aptos_0876,data/raw/images/aptos_0876.png,1,Mild DR,1
aptos_0877,data/raw/images/aptos_0877.png,4,Proliferative DR,1
aptos_0878,data/raw/images/aptos_0878.png,0,No DR,0
aptos_0879,data/raw/images/aptos_0879.png,2,Moderate DR,1
aptos_0880,data/raw/images/aptos_0880.png,0,No DR,0
aptos_0881,data/raw/images/aptos_0881.png,3,Severe DR,1
aptos_0882,data/raw/images/aptos_0882.png,2,Moderate DR,1
aptos_0883,data/raw/images/aptos_0883.png,0,No DR,0
aptos_0884,data/raw/images/aptos_0884.png,2,Moderate DR,1
aptos_0885,data/raw/images/aptos_0885.png,0,No DR,0
aptos_0886,data/raw/images/aptos_0886.png,2,Moderate DR,1
aptos_0887,data/raw/images/aptos_0887.png,2,Moderate DR,1
aptos_0888,data/raw/images/aptos_0888.png,0,No DR,0
aptos_0889,data/raw/images/aptos_0889.png,1,Mild DR,1
aptos_0890,data/raw/images/aptos_0890.png,0,No DR,0
aptos_0891,data/raw/images/aptos_0891.png,0,No DR,0
aptos_0892,data/raw/images/aptos_0892.png,0,No DR,0
aptos_0893,data/raw/images/aptos_0893.png,2,Moderate DR,1
aptos_0894,data/raw/images/aptos_0894.png,3,Severe DR,1
aptos_0895,data/raw/images/aptos_0895.png,4,Proliferative DR,1
aptos_0896,data/raw/images/aptos_0896.png,0,No DR,0
aptos_0897,data/raw/images/aptos_0897.png,0,No DR,0
aptos_0898,data/raw/images/aptos_0898.png,1,Mild DR,1
aptos_0899,data/raw/images/aptos_0899.png,0,No DR,0
aptos_0900,data/raw/images/aptos_0900.png,0,No DR,0
aptos_0901,data/raw/images/aptos_0901.png,0,No DR,0
aptos_0902,data/raw/images/aptos_0902.png,0,No DR,0
aptos_0903,data/raw/images/aptos_0903.png,0,No DR,0
aptos_0904,data/raw/images/aptos_0904.png,0,No DR,0
aptos_0905,data/raw/images/aptos_0905.png,2,Moderate DR,1
aptos_0906,data/raw/images/aptos_0906.png,2,Moderate DR,1
aptos_0907,data/raw/images/aptos_0907.png,2,Moderate DR,1
aptos_0908,data/raw/images/aptos_0908.png,0,No DR,0
aptos_0909,data/raw/images/aptos_0909.png,0,No DR,0
aptos_0910,data/raw/images/aptos_0910.png,0,No DR,0
aptos_0911,data/raw/images/aptos_0911.png,0,No DR,0
aptos_0912,data/raw/images/aptos_0912.png,2,Moderate DR,1
aptos_0913,data/raw/images/aptos_0913.png,2,Moderate DR,1
aptos_0914,data/raw/images/aptos_0914.png,2,Moderate DR,1
aptos_0915,data/raw/images/aptos_0915.png,0,No DR,0
aptos_0916,data/raw/images/aptos_0916.png,2,Moderate DR,1
aptos_0917,data/raw/images/aptos_0917.png,3,Severe DR,1
aptos_0918,data/raw/images/aptos_0918.png,0,No DR,0
aptos_0919,data/raw/images/aptos_0919.png,2,Moderate DR,1
aptos_0920,data/raw/images/aptos_0920.png,2,Moderate DR,1
aptos_0921,data/raw/images/aptos_0921.png,0,No DR,0
aptos_0922,data/raw/images/aptos_0922.png,2,Moderate DR,1
aptos_0923,data/raw/images/aptos_0923.png,2,Moderate DR,1
aptos_0924,data/raw/images/aptos_0924.png,0,No DR,0
aptos_0925,data/raw/images/aptos_0925.png,0,No DR,0
aptos_0926,data/raw/images/aptos_0926.png,3,Severe DR,1
aptos_0927,data/raw/images/aptos_0927.png,0,No DR,0
aptos_0928,data/raw/images/aptos_0928.png,0,No DR,0
aptos_0929,data/raw/images/aptos_0929.png,0,No DR,0
aptos_0930,data/raw/images/aptos_0930.png,2,Moderate DR,1
aptos_0931,data/raw/images/aptos_0931.png,3,Severe DR,1
aptos_0932,data/raw/images/aptos_0932.png,2,Moderate DR,1
aptos_0933,data/raw/images/aptos_0933.png,0,No DR,0
aptos_0934,data/raw/images/aptos_0934.png,0,No DR,0
aptos_0935,data/raw/images/aptos_0935.png,2,Moderate DR,1
aptos_0936,data/raw/images/aptos_0936.png,2,Moderate DR,1
aptos_0937,data/raw/images/aptos_0937.png,0,No DR,0
aptos_0938,data/raw/images/aptos_0938.png,2,Moderate DR,1
aptos_0939,data/raw/images/aptos_0939.png,1,Mild DR,1
aptos_0940,data/raw/images/aptos_0940.png,0,No DR,0
aptos_0941,data/raw/images/aptos_0941.png,2,Moderate DR,1
aptos_0942,data/raw/images/aptos_0942.png,0,No DR,0
aptos_0943,data/raw/images/aptos_0943.png,0,No DR,0
aptos_0944,data/raw/images/aptos_0944.png,2,Moderate DR,1
aptos_0945,data/raw/images/aptos_0945.png,0,No DR,0
aptos_0946,data/raw/images/aptos_0946.png,0,No DR,0
aptos_0947,data/raw/images/aptos_0947.png,2,Moderate DR,1
aptos_0948,data/raw/images/aptos_0948.png,0,No DR,0
aptos_0949,data/raw/images/aptos_0949.png,2,Moderate DR,1
aptos_0950,data/raw/images/aptos_0950.png,0,No DR,0
aptos_0951,data/raw/images/aptos_0951.png,0,No DR,0
aptos_0952,data/raw/images/aptos_0952.png,4,Proliferative DR,1
aptos_0953,data/raw/images/aptos_0953.png,0,No DR,0
aptos_0954,data/raw/images/aptos_0954.png,2,Moderate DR,1
aptos_0955,data/raw/images/aptos_0955.png,2,Moderate DR,1
aptos_0956,data/raw/images/aptos_0956.png,0,No DR,0
aptos_0957,data/raw/images/aptos_0957.png,2,Moderate DR,1
aptos_0958,data/raw/images/aptos_0958.png,0,No DR,0
aptos_0959,data/raw/images/aptos_0959.png,0,No DR,0
aptos_0960,data/raw/images/aptos_0960.png,0,No DR,0
aptos_0961,data/raw/images/aptos_0961.png,2,Moderate DR,1
aptos_0962,data/raw/images/aptos_0962.png,2,Moderate DR,1
aptos_0963,data/raw/images/aptos_0963.png,2,Moderate DR,1
aptos_0964,data/raw/images/aptos_0964.png,4,Proliferative DR,1
aptos_0965,data/raw/images/aptos_0965.png,2,Moderate DR,1
aptos_0966,data/raw/images/aptos_0966.png,0,No DR,0
aptos_0967,data/raw/images/aptos_0967.png,0,No DR,0
aptos_0968,data/raw/images/aptos_0968.png,0,No DR,0
aptos_0969,data/raw/images/aptos_0969.png,2,Moderate DR,1
aptos_0970,data/raw/images/aptos_0970.png,2,Moderate DR,1
aptos_0971,data/raw/images/aptos_0971.png,0,No DR,0
aptos_0972,data/raw/images/aptos_0972.png,0,No DR,0
aptos_0973,data/raw/images/aptos_0973.png,0,No DR,0
aptos_0974,data/raw/images/aptos_0974.png,0,No DR,0
aptos_0975,data/raw/images/aptos_0975.png,3,Severe DR,1
aptos_0976,data/raw/images/aptos_0976.png,2,Moderate DR,1
aptos_0977,data/raw/images/aptos_0977.png,2,Moderate DR,1
aptos_0978,data/raw/images/aptos_0978.png,1,Mild DR,1
aptos_0979,data/raw/images/aptos_0979.png,2,Moderate DR,1
aptos_0980,data/raw/images/aptos_0980.png,0,No DR,0
aptos_0981,data/raw/images/aptos_0981.png,0,No DR,0
aptos_0982,data/raw/images/aptos_0982.png,2,Moderate DR,1
aptos_0983,data/raw/images/aptos_0983.png,1,Mild DR,1
aptos_0984,data/raw/images/aptos_0984.png,2,Moderate DR,1
aptos_0985,data/raw/images/aptos_0985.png,4,Proliferative DR,1
aptos_0986,data/raw/images/aptos_0986.png,2,Moderate DR,1
aptos_0987,data/raw/images/aptos_0987.png,0,No DR,0
aptos_0988,data/raw/images/aptos_0988.png,2,Moderate DR,1
aptos_0989,data/raw/images/aptos_0989.png,4,Proliferative DR,1
aptos_0990,data/raw/images/aptos_0990.png,4,Proliferative DR,1
aptos_0991,data/raw/images/aptos_0991.png,2,Moderate DR,1
aptos_0992,data/raw/images/aptos_0992.png,0,No DR,0
aptos_0993,data/raw/images/aptos_0993.png,0,No DR,0
aptos_0994,data/raw/images/aptos_0994.png,0,No DR,0
aptos_0995,data/raw/images/aptos_0995.png,0,No DR,0
aptos_0996,data/raw/images/aptos_0996.png,2,Moderate DR,1
aptos_0997,data/raw/images/aptos_0997.png,0,No DR,0
aptos_0998,data/raw/images/aptos_0998.png,2,Moderate DR,1
aptos_0999,data/raw/images/aptos_0999.png,1,Mild DR,1
aptos_1000,data/raw/images/aptos_1000.png,2,Moderate DR,1
aptos_1001,data/raw/images/aptos_1001.png,2,Moderate DR,1
aptos_1002,data/raw/images/aptos_1002.png,0,No DR,0
aptos_1003,data/raw/images/aptos_1003.png,0,No DR,0
aptos_1004,data/raw/images/aptos_1004.png,0,No DR,0
aptos_1005,data/raw/images/aptos_1005.png,2,Moderate DR,1
aptos_1006,data/raw/images/aptos_1006.png,0,No DR,0
aptos_1007,data/raw/images/aptos_1007.png,0,No DR,0
aptos_1008,data/raw/images/aptos_1008.png,0,No DR,0
aptos_1009,data/raw/images/aptos_1009.png,2,Moderate DR,1
aptos_1010,data/raw/images/aptos_1010.png,2,Moderate DR,1
aptos_1011,data/raw/images/aptos_1011.png,2,Moderate DR,1
aptos_1012,data/raw/images/aptos_1012.png,2,Moderate DR,1
aptos_1013,data/raw/images/aptos_1013.png,0,No DR,0
aptos_1014,data/raw/images/aptos_1014.png,0,No DR,0
aptos_1015,data/raw/images/aptos_1015.png,1,Mild DR,1
aptos_1016,data/raw/images/aptos_1016.png,0,No DR,0
aptos_1017,data/raw/images/aptos_1017.png,2,Moderate DR,1
aptos_1018,data/raw/images/aptos_1018.png,1,Mild DR,1
aptos_1019,data/raw/images/aptos_1019.png,0,No DR,0
aptos_1020,data/raw/images/aptos_1020.png,1,Mild DR,1
aptos_1021,data/raw/images/aptos_1021.png,0,No DR,0
aptos_1022,data/raw/images/aptos_1022.png,0,No DR,0
aptos_1023,data/raw/images/aptos_1023.png,0,No DR,0
aptos_1024,data/raw/images/aptos_1024.png,3,Severe DR,1
aptos_1025,data/raw/images/aptos_1025.png,4,Proliferative DR,1
aptos_1026,data/raw/images/aptos_1026.png,2,Moderate DR,1
aptos_1027,data/raw/images/aptos_1027.png,1,Mild DR,1
aptos_1028,data/raw/images/aptos_1028.png,2,Moderate DR,1
aptos_1029,data/raw/images/aptos_1029.png,0,No DR,0
aptos_1030,data/raw/images/aptos_1030.png,0,No DR,0
aptos_1031,data/raw/images/aptos_1031.png,0,No DR,0
aptos_1032,data/raw/images/aptos_1032.png,2,Moderate DR,1
aptos_1033,data/raw/images/aptos_1033.png,2,Moderate DR,1
aptos_1034,data/raw/images/aptos_1034.png,0,No DR,0
aptos_1035,data/raw/images/aptos_1035.png,1,Mild DR,1
aptos_1036,data/raw/images/aptos_1036.png,4,Proliferative DR,1
aptos_1037,data/raw/images/aptos_1037.png,2,Moderate DR,1
aptos_1038,data/raw/images/aptos_1038.png,0,No DR,0
aptos_1039,data/raw/images/aptos_1039.png,2,Moderate DR,1
aptos_1040,data/raw/images/aptos_1040.png,0,No DR,0
aptos_1041,data/raw/images/aptos_1041.png,0,No DR,0
aptos_1042,data/raw/images/aptos_1042.png,4,Proliferative DR,1
aptos_1043,data/raw/images/aptos_1043.png,4,Proliferative DR,1
aptos_1044,data/raw/images/aptos_1044.png,0,No DR,0
aptos_1045,data/raw/images/aptos_1045.png,1,Mild DR,1
aptos_1046,data/raw/images/aptos_1046.png,0,No DR,0
aptos_1047,data/raw/images/aptos_1047.png,0,No DR,0
aptos_1048,data/raw/images/aptos_1048.png,4,Proliferative DR,1
aptos_1049,data/raw/images/aptos_1049.png,2,Moderate DR,1
aptos_1050,data/raw/images/aptos_1050.png,0,No DR,0
aptos_1051,data/raw/images/aptos_1051.png,2,Moderate DR,1
aptos_1052,data/raw/images/aptos_1052.png,0,No DR,0
aptos_1053,data/raw/images/aptos_1053.png,2,Moderate DR,1
aptos_1054,data/raw/images/aptos_1054.png,2,Moderate DR,1
aptos_1055,data/raw/images/aptos_1055.png,3,Severe DR,1
aptos_1056,data/raw/images/aptos_1056.png,0,No DR,0
aptos_1057,data/raw/images/aptos_1057.png,0,No DR,0
aptos_1058,data/raw/images/aptos_1058.png,0,No DR,0
aptos_1059,data/raw/images/aptos_1059.png,0,No DR,0
aptos_1060,data/raw/images/aptos_1060.png,4,Proliferative DR,1
aptos_1061,data/raw/images/aptos_1061.png,0,No DR,0
aptos_1062,data/raw/images/aptos_1062.png,1,Mild DR,1
aptos_1063,data/raw/images/aptos_1063.png,0,No DR,0
aptos_1064,data/raw/images/aptos_1064.png,0,No DR,0
aptos_1065,data/raw/images/aptos_1065.png,1,Mild DR,1
aptos_1066,data/raw/images/aptos_1066.png,2,Moderate DR,1
aptos_1067,data/raw/images/aptos_1067.png,0,No DR,0
aptos_1068,data/raw/images/aptos_1068.png,3,Severe DR,1
aptos_1069,data/raw/images/aptos_1069.png,0,No DR,0
aptos_1070,data/raw/images/aptos_1070.png,3,Severe DR,1
aptos_1071,data/raw/images/aptos_1071.png,0,No DR,0
aptos_1072,data/raw/images/aptos_1072.png,0,No DR,0
aptos_1073,data/raw/images/aptos_1073.png,0,No DR,0
aptos_1074,data/raw/images/aptos_1074.png,2,Moderate DR,1
aptos_1075,data/raw/images/aptos_1075.png,3,Severe DR,1
aptos_1076,data/raw/images/aptos_1076.png,1,Mild DR,1
aptos_1077,data/raw/images/aptos_1077.png,0,No DR,0
aptos_1078,data/raw/images/aptos_1078.png,4,Proliferative DR,1
aptos_1079,data/raw/images/aptos_1079.png,0,No DR,0
aptos_1080,data/raw/images/aptos_1080.png,0,No DR,0
aptos_1081,data/raw/images/aptos_1081.png,2,Moderate DR,1
aptos_1082,data/raw/images/aptos_1082.png,0,No DR,0
aptos_1083,data/raw/images/aptos_1083.png,0,No DR,0
aptos_1084,data/raw/images/aptos_1084.png,2,Moderate DR,1
aptos_1085,data/raw/images/aptos_1085.png,0,No DR,0
aptos_1086,data/raw/images/aptos_1086.png,0,No DR,0
aptos_1087,data/raw/images/aptos_1087.png,2,Moderate DR,1
aptos_1088,data/raw/images/aptos_1088.png,0,No DR,0
aptos_1089,data/raw/images/aptos_1089.png,2,Moderate DR,1
aptos_1090,data/raw/images/aptos_1090.png,0,No DR,0
aptos_1091,data/raw/images/aptos_1091.png,3,Severe DR,1
aptos_1092,data/raw/images/aptos_1092.png,1,Mild DR,1
aptos_1093,data/raw/images/aptos_1093.png,3,Severe DR,1
aptos_1094,data/raw/images/aptos_1094.png,1,Mild DR,1
aptos_1095,data/raw/images/aptos_1095.png,2,Moderate DR,1
aptos_1096,data/raw/images/aptos_1096.png,2,Moderate DR,1
aptos_1097,data/raw/images/aptos_1097.png,4,Proliferative DR,1
aptos_1098,data/raw/images/aptos_1098.png,0,No DR,0
aptos_1099,data/raw/images/aptos_1099.png,0,No DR,0
aptos_1100,data/raw/images/aptos_1100.png,1,Mild DR,1
aptos_1101,data/raw/images/aptos_1101.png,4,Proliferative DR,1
aptos_1102,data/raw/images/aptos_1102.png,0,No DR,0
aptos_1103,data/raw/images/aptos_1103.png,1,Mild DR,1
aptos_1104,data/raw/images/aptos_1104.png,3,Severe DR,1
aptos_1105,data/raw/images/aptos_1105.png,1,Mild DR,1
aptos_1106,data/raw/images/aptos_1106.png,0,No DR,0
aptos_1107,data/raw/images/aptos_1107.png,0,No DR,0
aptos_1108,data/raw/images/aptos_1108.png,2,Moderate DR,1
aptos_1109,data/raw/images/aptos_1109.png,0,No DR,0
aptos_1110,data/raw/images/aptos_1110.png,0,No DR,0
aptos_1111,data/raw/images/aptos_1111.png,1,Mild DR,1
aptos_1112,data/raw/images/aptos_1112.png,2,Moderate DR,1
aptos_1113,data/raw/images/aptos_1113.png,1,Mild DR,1
aptos_1114,data/raw/images/aptos_1114.png,0,No DR,0
aptos_1115,data/raw/images/aptos_1115.png,0,No DR,0
aptos_1116,data/raw/images/aptos_1116.png,0,No DR,0
aptos_1117,data/raw/images/aptos_1117.png,0,No DR,0
aptos_1118,data/raw/images/aptos_1118.png,0,No DR,0
aptos_1119,data/raw/images/aptos_1119.png,1,Mild DR,1
aptos_1120,data/raw/images/aptos_1120.png,2,Moderate DR,1
aptos_1121,data/raw/images/aptos_1121.png,2,Moderate DR,1
aptos_1122,data/raw/images/aptos_1122.png,2,Moderate DR,1
aptos_1123,data/raw/images/aptos_1123.png,0,No DR,0
aptos_1124,data/raw/images/aptos_1124.png,1,Mild DR,1
aptos_1125,data/raw/images/aptos_1125.png,3,Severe DR,1
aptos_1126,data/raw/images/aptos_1126.png,2,Moderate DR,1
aptos_1127,data/raw/images/aptos_1127.png,2,Moderate DR,1
aptos_1128,data/raw/images/aptos_1128.png,0,No DR,0
aptos_1129,data/raw/images/aptos_1129.png,2,Moderate DR,1
aptos_1130,data/raw/images/aptos_1130.png,0,No DR,0
aptos_1131,data/raw/images/aptos_1131.png,1,Mild DR,1
aptos_1132,data/raw/images/aptos_1132.png,1,Mild DR,1
aptos_1133,data/raw/images/aptos_1133.png,0,No DR,0
aptos_1134,data/raw/images/aptos_1134.png,0,No DR,0
aptos_1135,data/raw/images/aptos_1135.png,3,Severe DR,1
aptos_1136,data/raw/images/aptos_1136.png,3,Severe DR,1
aptos_1137,data/raw/images/aptos_1137.png,0,No DR,0
aptos_1138,data/raw/images/aptos_1138.png,0,No DR,0
aptos_1139,data/raw/images/aptos_1139.png,0,No DR,0
aptos_1140,data/raw/images/aptos_1140.png,0,No DR,0
aptos_1141,data/raw/images/aptos_1141.png,0,No DR,0
aptos_1142,data/raw/images/aptos_1142.png,0,No DR,0
aptos_1143,data/raw/images/aptos_1143.png,0,No DR,0
aptos_1144,data/raw/images/aptos_1144.png,0,No DR,0
aptos_1145,data/raw/images/aptos_1145.png,1,Mild DR,1
aptos_1146,data/raw/images/aptos_1146.png,1,Mild DR,1
aptos_1147,data/raw/images/aptos_1147.png,0,No DR,0
aptos_1148,data/raw/images/aptos_1148.png,0,No DR,0
aptos_1149,data/raw/images/aptos_1149.png,3,Severe DR,1
aptos_1150,data/raw/images/aptos_1150.png,0,No DR,0
aptos_1151,data/raw/images/aptos_1151.png,2,Moderate DR,1
aptos_1152,data/raw/images/aptos_1152.png,0,No DR,0
aptos_1153,data/raw/images/aptos_1153.png,0,No DR,0
aptos_1154,data/raw/images/aptos_1154.png,2,Moderate DR,1
aptos_1155,data/raw/images/aptos_1155.png,2,Moderate DR,1
aptos_1156,data/raw/images/aptos_1156.png,1,Mild DR,1
aptos_1157,data/raw/images/aptos_1157.png,0,No DR,0
aptos_1158,data/raw/images/aptos_1158.png,3,Severe DR,1
aptos_1159,data/raw/images/aptos_1159.png,1,Mild DR,1
aptos_1160,data/raw/images/aptos_1160.png,2,Moderate DR,1
aptos_1161,data/raw/images/aptos_1161.png,2,Moderate DR,1
aptos_1162,data/raw/images/aptos_1162.png,2,Moderate DR,1
aptos_1163,data/raw/images/aptos_1163.png,2,Moderate DR,1
aptos_1164,data/raw/images/aptos_1164.png,4,Proliferative DR,1
aptos_1165,data/raw/images/aptos_1165.png,0,No DR,0
aptos_1166,data/raw/images/aptos_1166.png,0,No DR,0
aptos_1167,data/raw/images/aptos_1167.png,4,Proliferative DR,1
aptos_1168,data/raw/images/aptos_1168.png,0,No DR,0
aptos_1169,data/raw/images/aptos_1169.png,0,No DR,0
aptos_1170,data/raw/images/aptos_1170.png,4,Proliferative DR,1
aptos_1171,data/raw/images/aptos_1171.png,0,No DR,0
aptos_1172,data/raw/images/aptos_1172.png,2,Moderate DR,1
aptos_1173,data/raw/images/aptos_1173.png,2,Moderate DR,1
aptos_1174,data/raw/images/aptos_1174.png,2,Moderate DR,1
aptos_1175,data/raw/images/aptos_1175.png,2,Moderate DR,1
aptos_1176,data/raw/images/aptos_1176.png,3,Severe DR,1
aptos_1177,data/raw/images/aptos_1177.png,0,No DR,0
aptos_1178,data/raw/images/aptos_1178.png,0,No DR,0
aptos_1179,data/raw/images/aptos_1179.png,2,Moderate DR,1
aptos_1180,data/raw/images/aptos_1180.png,2,Moderate DR,1
aptos_1181,data/raw/images/aptos_1181.png,1,Mild DR,1
aptos_1182,data/raw/images/aptos_1182.png,2,Moderate DR,1
aptos_1183,data/raw/images/aptos_1183.png,2,Moderate DR,1
aptos_1184,data/raw/images/aptos_1184.png,2,Moderate DR,1
aptos_1185,data/raw/images/aptos_1185.png,0,No DR,0
aptos_1186,data/raw/images/aptos_1186.png,2,Moderate DR,1
aptos_1187,data/raw/images/aptos_1187.png,0,No DR,0
aptos_1188,data/raw/images/aptos_1188.png,0,No DR,0
aptos_1189,data/raw/images/aptos_1189.png,2,Moderate DR,1
aptos_1190,data/raw/images/aptos_1190.png,2,Moderate DR,1
aptos_1191,data/raw/images/aptos_1191.png,2,Moderate DR,1
aptos_1192,data/raw/images/aptos_1192.png,0,No DR,0
aptos_1193,data/raw/images/aptos_1193.png,0,No DR,0
aptos_1194,data/raw/images/aptos_1194.png,0,No DR,0
aptos_1195,data/raw/images/aptos_1195.png,0,No DR,0
aptos_1196,data/raw/images/aptos_1196.png,1,Mild DR,1
aptos_1197,data/raw/images/aptos_1197.png,2,Moderate DR,1
aptos_1198,data/raw/images/aptos_1198.png,0,No DR,0
aptos_1199,data/raw/images/aptos_1199.png,0,No DR,0
aptos_1200,data/raw/images/aptos_1200.png,2,Moderate DR,1
aptos_1201,data/raw/images/aptos_1201.png,1,Mild DR,1
aptos_1202,data/raw/images/aptos_1202.png,0,No DR,0
aptos_1203,data/raw/images/aptos_1203.png,0,No DR,0
aptos_1204,data/raw/images/aptos_1204.png,2,Moderate DR,1
aptos_1205,data/raw/images/aptos_1205.png,0,No DR,0
aptos_1206,data/raw/images/aptos_1206.png,1,Mild DR,1
aptos_1207,data/raw/images/aptos_1207.png,0,No DR,0
aptos_1208,data/raw/images/aptos_1208.png,1,Mild DR,1
aptos_1209,data/raw/images/aptos_1209.png,3,Severe DR,1
aptos_1210,data/raw/images/aptos_1210.png,0,No DR,0
aptos_1211,data/raw/images/aptos_1211.png,0,No DR,0
aptos_1212,data/raw/images/aptos_1212.png,0,No DR,0
aptos_1213,data/raw/images/aptos_1213.png,1,Mild DR,1
aptos_1214,data/raw/images/aptos_1214.png,0,No DR,0
aptos_1215,data/raw/images/aptos_1215.png,0,No DR,0
aptos_1216,data/raw/images/aptos_1216.png,2,Moderate DR,1
aptos_1217,data/raw/images/aptos_1217.png,0,No DR,0
aptos_1218,data/raw/images/aptos_1218.png,0,No DR,0
aptos_1219,data/raw/images/aptos_1219.png,0,No DR,0
aptos_1220,data/raw/images/aptos_1220.png,1,Mild DR,1
aptos_1221,data/raw/images/aptos_1221.png,2,Moderate DR,1
aptos_1222,data/raw/images/aptos_1222.png,2,Moderate DR,1
aptos_1223,data/raw/images/aptos_1223.png,0,No DR,0
aptos_1224,data/raw/images/aptos_1224.png,0,No DR,0
aptos_1225,data/raw/images/aptos_1225.png,2,Moderate DR,1
aptos_1226,data/raw/images/aptos_1226.png,0,No DR,0
aptos_1227,data/raw/images/aptos_1227.png,2,Moderate DR,1
aptos_1228,data/raw/images/aptos_1228.png,2,Moderate DR,1
aptos_1229,data/raw/images/aptos_1229.png,0,No DR,0
aptos_1230,data/raw/images/aptos_1230.png,2,Moderate DR,1
aptos_1231,data/raw/images/aptos_1231.png,2,Moderate DR,1
aptos_1232,data/raw/images/aptos_1232.png,0,No DR,0
aptos_1233,data/raw/images/aptos_1233.png,1,Mild DR,1
aptos_1234,data/raw/images/aptos_1234.png,0,No DR,0
aptos_1235,data/raw/images/aptos_1235.png,0,No DR,0
aptos_1236,data/raw/images/aptos_1236.png,1,Mild DR,1
aptos_1237,data/raw/images/aptos_1237.png,4,Proliferative DR,1
aptos_1238,data/raw/images/aptos_1238.png,0,No DR,0
aptos_1239,data/raw/images/aptos_1239.png,2,Moderate DR,1
aptos_1240,data/raw/images/aptos_1240.png,1,Mild DR,1
aptos_1241,data/raw/images/aptos_1241.png,0,No DR,0
aptos_1242,data/raw/images/aptos_1242.png,1,Mild DR,1
aptos_1243,data/raw/images/aptos_1243.png,0,No DR,0
aptos_1244,data/raw/images/aptos_1244.png,2,Moderate DR,1
aptos_1245,data/raw/images/aptos_1245.png,1,Mild DR,1
aptos_1246,data/raw/images/aptos_1246.png,0,No DR,0
aptos_1247,data/raw/images/aptos_1247.png,2,Moderate DR,1
aptos_1248,data/raw/images/aptos_1248.png,0,No DR,0
aptos_1249,data/raw/images/aptos_1249.png,0,No DR,0
aptos_1250,data/raw/images/aptos_1250.png,2,Moderate DR,1
aptos_1251,data/raw/images/aptos_1251.png,4,Proliferative DR,1
aptos_1252,data/raw/images/aptos_1252.png,2,Moderate DR,1
aptos_1253,data/raw/images/aptos_1253.png,1,Mild DR,1
aptos_1254,data/raw/images/aptos_1254.png,1,Mild DR,1
aptos_1255,data/raw/images/aptos_1255.png,0,No DR,0
aptos_1256,data/raw/images/aptos_1256.png,2,Moderate DR,1
aptos_1257,data/raw/images/aptos_1257.png,0,No DR,0
aptos_1258,data/raw/images/aptos_1258.png,2,Moderate DR,1
aptos_1259,data/raw/images/aptos_1259.png,0,No DR,0
aptos_1260,data/raw/images/aptos_1260.png,0,No DR,0
aptos_1261,data/raw/images/aptos_1261.png,2,Moderate DR,1
aptos_1262,data/raw/images/aptos_1262.png,0,No DR,0
aptos_1263,data/raw/images/aptos_1263.png,0,No DR,0
aptos_1264,data/raw/images/aptos_1264.png,1,Mild DR,1
aptos_1265,data/raw/images/aptos_1265.png,1,Mild DR,1
aptos_1266,data/raw/images/aptos_1266.png,2,Moderate DR,1
aptos_1267,data/raw/images/aptos_1267.png,2,Moderate DR,1
aptos_1268,data/raw/images/aptos_1268.png,0,No DR,0
aptos_1269,data/raw/images/aptos_1269.png,1,Mild DR,1
aptos_1270,data/raw/images/aptos_1270.png,1,Mild DR,1
aptos_1271,data/raw/images/aptos_1271.png,0,No DR,0
aptos_1272,data/raw/images/aptos_1272.png,0,No DR,0
aptos_1273,data/raw/images/aptos_1273.png,0,No DR,0
aptos_1274,data/raw/images/aptos_1274.png,4,Proliferative DR,1
aptos_1275,data/raw/images/aptos_1275.png,0,No DR,0
aptos_1276,data/raw/images/aptos_1276.png,1,Mild DR,1
aptos_1277,data/raw/images/aptos_1277.png,0,No DR,0
aptos_1278,data/raw/images/aptos_1278.png,0,No DR,0
aptos_1279,data/raw/images/aptos_1279.png,2,Moderate DR,1
aptos_1280,data/raw/images/aptos_1280.png,2,Moderate DR,1
aptos_1281,data/raw/images/aptos_1281.png,1,Mild DR,1
aptos_1282,data/raw/images/aptos_1282.png,0,No DR,0
aptos_1283,data/raw/images/aptos_1283.png,0,No DR,0
aptos_1284,data/raw/images/aptos_1284.png,0,No DR,0
aptos_1285,data/raw/images/aptos_1285.png,0,No DR,0
aptos_1286,data/raw/images/aptos_1286.png,0,No DR,0
aptos_1287,data/raw/images/aptos_1287.png,2,Moderate DR,1
aptos_1288,data/raw/images/aptos_1288.png,0,No DR,0
aptos_1289,data/raw/images/aptos_1289.png,1,Mild DR,1
aptos_1290,data/raw/images/aptos_1290.png,2,Moderate DR,1
aptos_1291,data/raw/images/aptos_1291.png,2,Moderate DR,1
aptos_1292,data/raw/images/aptos_1292.png,4,Proliferative DR,1
aptos_1293,data/raw/images/aptos_1293.png,2,Moderate DR,1
aptos_1294,data/raw/images/aptos_1294.png,1,Mild DR,1
aptos_1295,data/raw/images/aptos_1295.png,0,No DR,0
aptos_1296,data/raw/images/aptos_1296.png,2,Moderate DR,1
aptos_1297,data/raw/images/aptos_1297.png,0,No DR,0
aptos_1298,data/raw/images/aptos_1298.png,0,No DR,0
aptos_1299,data/raw/images/aptos_1299.png,2,Moderate DR,1
aptos_1300,data/raw/images/aptos_1300.png,2,Moderate DR,1
aptos_1301,data/raw/images/aptos_1301.png,0,No DR,0
aptos_1302,data/raw/images/aptos_1302.png,2,Moderate DR,1
aptos_1303,data/raw/images/aptos_1303.png,0,No DR,0
aptos_1304,data/raw/images/aptos_1304.png,0,No DR,0
aptos_1305,data/raw/images/aptos_1305.png,0,No DR,0
aptos_1306,data/raw/images/aptos_1306.png,1,Mild DR,1
aptos_1307,data/raw/images/aptos_1307.png,1,Mild DR,1
aptos_1308,data/raw/images/aptos_1308.png,0,No DR,0
aptos_1309,data/raw/images/aptos_1309.png,0,No DR,0
aptos_1310,data/raw/images/aptos_1310.png,2,Moderate DR,1
aptos_1311,data/raw/images/aptos_1311.png,0,No DR,0
aptos_1312,data/raw/images/aptos_1312.png,0,No DR,0
aptos_1313,data/raw/images/aptos_1313.png,3,Severe DR,1
aptos_1314,data/raw/images/aptos_1314.png,0,No DR,0
aptos_1315,data/raw/images/aptos_1315.png,4,Proliferative DR,1
aptos_1316,data/raw/images/aptos_1316.png,2,Moderate DR,1
aptos_1317,data/raw/images/aptos_1317.png,1,Mild DR,1
aptos_1318,data/raw/images/aptos_1318.png,4,Proliferative DR,1
aptos_1319,data/raw/images/aptos_1319.png,1,Mild DR,1
aptos_1320,data/raw/images/aptos_1320.png,0,No DR,0
aptos_1321,data/raw/images/aptos_1321.png,0,No DR,0
aptos_1322,data/raw/images/aptos_1322.png,0,No DR,0
aptos_1323,data/raw/images/aptos_1323.png,4,Proliferative DR,1
aptos_1324,data/raw/images/aptos_1324.png,0,No DR,0
aptos_1325,data/raw/images/aptos_1325.png,0,No DR,0
aptos_1326,data/raw/images/aptos_1326.png,0,No DR,0
aptos_1327,data/raw/images/aptos_1327.png,2,Moderate DR,1
aptos_1328,data/raw/images/aptos_1328.png,4,Proliferative DR,1
aptos_1329,data/raw/images/aptos_1329.png,0,No DR,0
aptos_1330,data/raw/images/aptos_1330.png,2,Moderate DR,1
aptos_1331,data/raw/images/aptos_1331.png,0,No DR,0
aptos_1332,data/raw/images/aptos_1332.png,0,No DR,0
aptos_1333,data/raw/images/aptos_1333.png,0,No DR,0
aptos_1334,data/raw/images/aptos_1334.png,1,Mild DR,1
aptos_1335,data/raw/images/aptos_1335.png,0,No DR,0
aptos_1336,data/raw/images/aptos_1336.png,2,Moderate DR,1
aptos_1337,data/raw/images/aptos_1337.png,2,Moderate DR,1
aptos_1338,data/raw/images/aptos_1338.png,0,No DR,0
aptos_1339,data/raw/images/aptos_1339.png,2,Moderate DR,1
aptos_1340,data/raw/images/aptos_1340.png,2,Moderate DR,1
aptos_1341,data/raw/images/aptos_1341.png,0,No DR,0
aptos_1342,data/raw/images/aptos_1342.png,0,No DR,0
aptos_1343,data/raw/images/aptos_1343.png,0,No DR,0
aptos_1344,data/raw/images/aptos_1344.png,0,No DR,0
aptos_1345,data/raw/images/aptos_1345.png,4,Proliferative DR,1
aptos_1346,data/raw/images/aptos_1346.png,0,No DR,0
aptos_1347,data/raw/images/aptos_1347.png,0,No DR,0
aptos_1348,data/raw/images/aptos_1348.png,0,No DR,0
aptos_1349,data/raw/images/aptos_1349.png,2,Moderate DR,1
aptos_1350,data/raw/images/aptos_1350.png,4,Proliferative DR,1
aptos_1351,data/raw/images/aptos_1351.png,0,No DR,0
aptos_1352,data/raw/images/aptos_1352.png,2,Moderate DR,1
aptos_1353,data/raw/images/aptos_1353.png,0,No DR,0
aptos_1354,data/raw/images/aptos_1354.png,0,No DR,0
aptos_1355,data/raw/images/aptos_1355.png,2,Moderate DR,1
aptos_1356,data/raw/images/aptos_1356.png,2,Moderate DR,1
aptos_1357,data/raw/images/aptos_1357.png,2,Moderate DR,1
aptos_1358,data/raw/images/aptos_1358.png,4,Proliferative DR,1
aptos_1359,data/raw/images/aptos_1359.png,0,No DR,0
aptos_1360,data/raw/images/aptos_1360.png,0,No DR,0
aptos_1361,data/raw/images/aptos_1361.png,0,No DR,0
aptos_1362,data/raw/images/aptos_1362.png,2,Moderate DR,1
aptos_1363,data/raw/images/aptos_1363.png,0,No DR,0
aptos_1364,data/raw/images/aptos_1364.png,2,Moderate DR,1
aptos_1365,data/raw/images/aptos_1365.png,1,Mild DR,1
aptos_1366,data/raw/images/aptos_1366.png,3,Severe DR,1
aptos_1367,data/raw/images/aptos_1367.png,0,No DR,0
aptos_1368,data/raw/images/aptos_1368.png,0,No DR,0
aptos_1369,data/raw/images/aptos_1369.png,0,No DR,0
aptos_1370,data/raw/images/aptos_1370.png,2,Moderate DR,1
aptos_1371,data/raw/images/aptos_1371.png,0,No DR,0
aptos_1372,data/raw/images/aptos_1372.png,1,Mild DR,1
aptos_1373,data/raw/images/aptos_1373.png,3,Severe DR,1
aptos_1374,data/raw/images/aptos_1374.png,0,No DR,0
aptos_1375,data/raw/images/aptos_1375.png,3,Severe DR,1
aptos_1376,data/raw/images/aptos_1376.png,0,No DR,0
aptos_1377,data/raw/images/aptos_1377.png,0,No DR,0
aptos_1378,data/raw/images/aptos_1378.png,2,Moderate DR,1
aptos_1379,data/raw/images/aptos_1379.png,0,No DR,0
aptos_1380,data/raw/images/aptos_1380.png,2,Moderate DR,1
aptos_1381,data/raw/images/aptos_1381.png,4,Proliferative DR,1
aptos_1382,data/raw/images/aptos_1382.png,0,No DR,0
aptos_1383,data/raw/images/aptos_1383.png,0,No DR,0
aptos_1384,data/raw/images/aptos_1384.png,4,Proliferative DR,1
aptos_1385,data/raw/images/aptos_1385.png,4,Proliferative DR,1
aptos_1386,data/raw/images/aptos_1386.png,1,Mild DR,1
aptos_1387,data/raw/images/aptos_1387.png,0,No DR,0
aptos_1388,data/raw/images/aptos_1388.png,1,Mild DR,1
aptos_1389,data/raw/images/aptos_1389.png,0,No DR,0
aptos_1390,data/raw/images/aptos_1390.png,3,Severe DR,1
aptos_1391,data/raw/images/aptos_1391.png,4,Proliferative DR,1
aptos_1392,data/raw/images/aptos_1392.png,0,No DR,0
aptos_1393,data/raw/images/aptos_1393.png,2,Moderate DR,1
aptos_1394,data/raw/images/aptos_1394.png,4,Proliferative DR,1
aptos_1395,data/raw/images/aptos_1395.png,1,Mild DR,1
aptos_1396,data/raw/images/aptos_1396.png,2,Moderate DR,1
aptos_1397,data/raw/images/aptos_1397.png,0,No DR,0
aptos_1398,data/raw/images/aptos_1398.png,0,No DR,0
aptos_1399,data/raw/images/aptos_1399.png,0,No DR,0
aptos_1400,data/raw/images/aptos_1400.png,4,Proliferative DR,1
aptos_1401,data/raw/images/aptos_1401.png,4,Proliferative DR,1
aptos_1402,data/raw/images/aptos_1402.png,4,Proliferative DR,1
aptos_1403,data/raw/images/aptos_1403.png,2,Moderate DR,1
aptos_1404,data/raw/images/aptos_1404.png,3,Severe DR,1
aptos_1405,data/raw/images/aptos_1405.png,0,No DR,0
aptos_1406,data/raw/images/aptos_1406.png,0,No DR,0
aptos_1407,data/raw/images/aptos_1407.png,1,Mild DR,1
aptos_1408,data/raw/images/aptos_1408.png,2,Moderate DR,1
aptos_1409,data/raw/images/aptos_1409.png,0,No DR,0
aptos_1410,data/raw/images/aptos_1410.png,0,No DR,0
aptos_1411,data/raw/images/aptos_1411.png,2,Moderate DR,1
aptos_1412,data/raw/images/aptos_1412.png,2,Moderate DR,1
aptos_1413,data/raw/images/aptos_1413.png,2,Moderate DR,1
aptos_1414,data/raw/images/aptos_1414.png,0,No DR,0
aptos_1415,data/raw/images/aptos_1415.png,1,Mild DR,1
aptos_1416,data/raw/images/aptos_1416.png,0,No DR,0
aptos_1417,data/raw/images/aptos_1417.png,2,Moderate DR,1
aptos_1418,data/raw/images/aptos_1418.png,1,Mild DR,1
aptos_1419,data/raw/images/aptos_1419.png,0,No DR,0
aptos_1420,data/raw/images/aptos_1420.png,1,Mild DR,1
aptos_1421,data/raw/images/aptos_1421.png,4,Proliferative DR,1
aptos_1422,data/raw/images/aptos_1422.png,0,No DR,0
aptos_1423,data/raw/images/aptos_1423.png,0,No DR,0
aptos_1424,data/raw/images/aptos_1424.png,2,Moderate DR,1
aptos_1425,data/raw/images/aptos_1425.png,0,No DR,0
aptos_1426,data/raw/images/aptos_1426.png,2,Moderate DR,1
aptos_1427,data/raw/images/aptos_1427.png,0,No DR,0
aptos_1428,data/raw/images/aptos_1428.png,1,Mild DR,1
aptos_1429,data/raw/images/aptos_1429.png,2,Moderate DR,1
aptos_1430,data/raw/images/aptos_1430.png,0,No DR,0
aptos_1431,data/raw/images/aptos_1431.png,0,No DR,0
aptos_1432,data/raw/images/aptos_1432.png,4,Proliferative DR,1
aptos_1433,data/raw/images/aptos_1433.png,0,No DR,0
aptos_1434,data/raw/images/aptos_1434.png,1,Mild DR,1
aptos_1435,data/raw/images/aptos_1435.png,4,Proliferative DR,1
aptos_1436,data/raw/images/aptos_1436.png,0,No DR,0
aptos_1437,data/raw/images/aptos_1437.png,0,No DR,0
aptos_1438,data/raw/images/aptos_1438.png,2,Moderate DR,1
aptos_1439,data/raw/images/aptos_1439.png,2,Moderate DR,1
aptos_1440,data/raw/images/aptos_1440.png,2,Moderate DR,1
aptos_1441,data/raw/images/aptos_1441.png,1,Mild DR,1
aptos_1442,data/raw/images/aptos_1442.png,2,Moderate DR,1
aptos_1443,data/raw/images/aptos_1443.png,0,No DR,0
aptos_1444,data/raw/images/aptos_1444.png,0,No DR,0
aptos_1445,data/raw/images/aptos_1445.png,0,No DR,0
aptos_1446,data/raw/images/aptos_1446.png,4,Proliferative DR,1
aptos_1447,data/raw/images/aptos_1447.png,0,No DR,0
aptos_1448,data/raw/images/aptos_1448.png,0,No DR,0
aptos_1449,data/raw/images/aptos_1449.png,4,Proliferative DR,1
aptos_1450,data/raw/images/aptos_1450.png,1,Mild DR,1
aptos_1451,data/raw/images/aptos_1451.png,2,Moderate DR,1
aptos_1452,data/raw/images/aptos_1452.png,0,No DR,0
aptos_1453,data/raw/images/aptos_1453.png,0,No DR,0
aptos_1454,data/raw/images/aptos_1454.png,0,No DR,0
aptos_1455,data/raw/images/aptos_1455.png,4,Proliferative DR,1
aptos_1456,data/raw/images/aptos_1456.png,0,No DR,0
aptos_1457,data/raw/images/aptos_1457.png,4,Proliferative DR,1
aptos_1458,data/raw/images/aptos_1458.png,0,No DR,0
aptos_1459,data/raw/images/aptos_1459.png,2,Moderate DR,1
aptos_1460,data/raw/images/aptos_1460.png,0,No DR,0
aptos_1461,data/raw/images/aptos_1461.png,4,Proliferative DR,1
aptos_1462,data/raw/images/aptos_1462.png,0,No DR,0
aptos_1463,data/raw/images/aptos_1463.png,1,Mild DR,1
aptos_1464,data/raw/images/aptos_1464.png,2,Moderate DR,1
aptos_1465,data/raw/images/aptos_1465.png,0,No DR,0
aptos_1466,data/raw/images/aptos_1466.png,2,Moderate DR,1
aptos_1467,data/raw/images/aptos_1467.png,4,Proliferative DR,1
aptos_1468,data/raw/images/aptos_1468.png,0,No DR,0
aptos_1469,data/raw/images/aptos_1469.png,2,Moderate DR,1
aptos_1470,data/raw/images/aptos_1470.png,0,No DR,0
aptos_1471,data/raw/images/aptos_1471.png,1,Mild DR,1
aptos_1472,data/raw/images/aptos_1472.png,2,Moderate DR,1
aptos_1473,data/raw/images/aptos_1473.png,2,Moderate DR,1
aptos_1474,data/raw/images/aptos_1474.png,3,Severe DR,1
aptos_1475,data/raw/images/aptos_1475.png,2,Moderate DR,1
aptos_1476,data/raw/images/aptos_1476.png,0,No DR,0
aptos_1477,data/raw/images/aptos_1477.png,1,Mild DR,1
aptos_1478,data/raw/images/aptos_1478.png,1,Mild DR,1
aptos_1479,data/raw/images/aptos_1479.png,2,Moderate DR,1
aptos_1480,data/raw/images/aptos_1480.png,2,Moderate DR,1
aptos_1481,data/raw/images/aptos_1481.png,0,No DR,0
aptos_1482,data/raw/images/aptos_1482.png,0,No DR,0
aptos_1483,data/raw/images/aptos_1483.png,1,Mild DR,1
aptos_1484,data/raw/images/aptos_1484.png,2,Moderate DR,1
aptos_1485,data/raw/images/aptos_1485.png,2,Moderate DR,1
aptos_1486,data/raw/images/aptos_1486.png,0,No DR,0
aptos_1487,data/raw/images/aptos_1487.png,0,No DR,0
aptos_1488,data/raw/images/aptos_1488.png,1,Mild DR,1
aptos_1489,data/raw/images/aptos_1489.png,0,No DR,0
aptos_1490,data/raw/images/aptos_1490.png,0,No DR,0
aptos_1491,data/raw/images/aptos_1491.png,2,Moderate DR,1
aptos_1492,data/raw/images/aptos_1492.png,3,Severe DR,1
aptos_1493,data/raw/images/aptos_1493.png,2,Moderate DR,1
aptos_1494,data/raw/images/aptos_1494.png,0,No DR,0
aptos_1495,data/raw/images/aptos_1495.png,0,No DR,0
aptos_1496,data/raw/images/aptos_1496.png,0,No DR,0
aptos_1497,data/raw/images/aptos_1497.png,0,No DR,0
aptos_1498,data/raw/images/aptos_1498.png,2,Moderate DR,1
aptos_1499,data/raw/images/aptos_1499.png,0,No DR,0
aptos_1500,data/raw/images/aptos_1500.png,3,Severe DR,1
aptos_1501,data/raw/images/aptos_1501.png,2,Moderate DR,1
aptos_1502,data/raw/images/aptos_1502.png,2,Moderate DR,1
aptos_1503,data/raw/images/aptos_1503.png,0,No DR,0
aptos_1504,data/raw/images/aptos_1504.png,0,No DR,0
aptos_1505,data/raw/images/aptos_1505.png,2,Moderate DR,1
aptos_1506,data/raw/images/aptos_1506.png,0,No DR,0
aptos_1507,data/raw/images/aptos_1507.png,4,Proliferative DR,1
aptos_1508,data/raw/images/aptos_1508.png,3,Severe DR,1
aptos_1509,data/raw/images/aptos_1509.png,0,No DR,0
aptos_1510,data/raw/images/aptos_1510.png,0,No DR,0
aptos_1511,data/raw/images/aptos_1511.png,0,No DR,0
aptos_1512,data/raw/images/aptos_1512.png,0,No DR,0
aptos_1513,data/raw/images/aptos_1513.png,2,Moderate DR,1
aptos_1514,data/raw/images/aptos_1514.png,0,No DR,0
aptos_1515,data/raw/images/aptos_1515.png,1,Mild DR,1
aptos_1516,data/raw/images/aptos_1516.png,1,Mild DR,1
aptos_1517,data/raw/images/aptos_1517.png,3,Severe DR,1
aptos_1518,data/raw/images/aptos_1518.png,0,No DR,0
aptos_1519,data/raw/images/aptos_1519.png,0,No DR,0
aptos_1520,data/raw/images/aptos_1520.png,0,No DR,0
aptos_1521,data/raw/images/aptos_1521.png,0,No DR,0
aptos_1522,data/raw/images/aptos_1522.png,2,Moderate DR,1
aptos_1523,data/raw/images/aptos_1523.png,2,Moderate DR,1
aptos_1524,data/raw/images/aptos_1524.png,0,No DR,0
aptos_1525,data/raw/images/aptos_1525.png,2,Moderate DR,1
aptos_1526,data/raw/images/aptos_1526.png,3,Severe DR,1
aptos_1527,data/raw/images/aptos_1527.png,0,No DR,0
aptos_1528,data/raw/images/aptos_1528.png,0,No DR,0
aptos_1529,data/raw/images/aptos_1529.png,0,No DR,0
aptos_1530,data/raw/images/aptos_1530.png,0,No DR,0
aptos_1531,data/raw/images/aptos_1531.png,0,No DR,0
aptos_1532,data/raw/images/aptos_1532.png,4,Proliferative DR,1
aptos_1533,data/raw/images/aptos_1533.png,2,Moderate DR,1
aptos_1534,data/raw/images/aptos_1534.png,0,No DR,0
aptos_1535,data/raw/images/aptos_1535.png,2,Moderate DR,1
aptos_1536,data/raw/images/aptos_1536.png,0,No DR,0
aptos_1537,data/raw/images/aptos_1537.png,4,Proliferative DR,1
aptos_1538,data/raw/images/aptos_1538.png,0,No DR,0
aptos_1539,data/raw/images/aptos_1539.png,0,No DR,0
aptos_1540,data/raw/images/aptos_1540.png,1,Mild DR,1
aptos_1541,data/raw/images/aptos_1541.png,0,No DR,0
aptos_1542,data/raw/images/aptos_1542.png,0,No DR,0
aptos_1543,data/raw/images/aptos_1543.png,2,Moderate DR,1
aptos_1544,data/raw/images/aptos_1544.png,2,Moderate DR,1
aptos_1545,data/raw/images/aptos_1545.png,0,No DR,0
aptos_1546,data/raw/images/aptos_1546.png,4,Proliferative DR,1
aptos_1547,data/raw/images/aptos_1547.png,1,Mild DR,1
aptos_1548,data/raw/images/aptos_1548.png,0,No DR,0
aptos_1549,data/raw/images/aptos_1549.png,4,Proliferative DR,1
aptos_1550,data/raw/images/aptos_1550.png,0,No DR,0
aptos_1551,data/raw/images/aptos_1551.png,3,Severe DR,1
aptos_1552,data/raw/images/aptos_1552.png,0,No DR,0
aptos_1553,data/raw/images/aptos_1553.png,4,Proliferative DR,1
aptos_1554,data/raw/images/aptos_1554.png,1,Mild DR,1
aptos_1555,data/raw/images/aptos_1555.png,2,Moderate DR,1
aptos_1556,data/raw/images/aptos_1556.png,2,Moderate DR,1
aptos_1557,data/raw/images/aptos_1557.png,0,No DR,0
aptos_1558,data/raw/images/aptos_1558.png,0,No DR,0
aptos_1559,data/raw/images/aptos_1559.png,0,No DR,0
aptos_1560,data/raw/images/aptos_1560.png,0,No DR,0
aptos_1561,data/raw/images/aptos_1561.png,4,Proliferative DR,1
aptos_1562,data/raw/images/aptos_1562.png,0,No DR,0
aptos_1563,data/raw/images/aptos_1563.png,4,Proliferative DR,1
aptos_1564,data/raw/images/aptos_1564.png,0,No DR,0
aptos_1565,data/raw/images/aptos_1565.png,0,No DR,0
aptos_1566,data/raw/images/aptos_1566.png,2,Moderate DR,1
aptos_1567,data/raw/images/aptos_1567.png,0,No DR,0
aptos_1568,data/raw/images/aptos_1568.png,0,No DR,0
aptos_1569,data/raw/images/aptos_1569.png,2,Moderate DR,1
aptos_1570,data/raw/images/aptos_1570.png,0,No DR,0
aptos_1571,data/raw/images/aptos_1571.png,2,Moderate DR,1
aptos_1572,data/raw/images/aptos_1572.png,0,No DR,0
aptos_1573,data/raw/images/aptos_1573.png,0,No DR,0
aptos_1574,data/raw/images/aptos_1574.png,0,No DR,0
aptos_1575,data/raw/images/aptos_1575.png,0,No DR,0
aptos_1576,data/raw/images/aptos_1576.png,0,No DR,0
aptos_1577,data/raw/images/aptos_1577.png,2,Moderate DR,1
aptos_1578,data/raw/images/aptos_1578.png,4,Proliferative DR,1
aptos_1579,data/raw/images/aptos_1579.png,0,No DR,0
aptos_1580,data/raw/images/aptos_1580.png,3,Severe DR,1
aptos_1581,data/raw/images/aptos_1581.png,1,Mild DR,1
aptos_1582,data/raw/images/aptos_1582.png,3,Severe DR,1
aptos_1583,data/raw/images/aptos_1583.png,2,Moderate DR,1
aptos_1584,data/raw/images/aptos_1584.png,0,No DR,0
aptos_1585,data/raw/images/aptos_1585.png,0,No DR,0
aptos_1586,data/raw/images/aptos_1586.png,0,No DR,0
aptos_1587,data/raw/images/aptos_1587.png,4,Proliferative DR,1
aptos_1588,data/raw/images/aptos_1588.png,2,Moderate DR,1
aptos_1589,data/raw/images/aptos_1589.png,0,No DR,0
aptos_1590,data/raw/images/aptos_1590.png,4,Proliferative DR,1
aptos_1591,data/raw/images/aptos_1591.png,3,Severe DR,1
aptos_1592,data/raw/images/aptos_1592.png,0,No DR,0
aptos_1593,data/raw/images/aptos_1593.png,0,No DR,0
aptos_1594,data/raw/images/aptos_1594.png,4,Proliferative DR,1
aptos_1595,data/raw/images/aptos_1595.png,0,No DR,0
aptos_1596,data/raw/images/aptos_1596.png,1,Mild DR,1
aptos_1597,data/raw/images/aptos_1597.png,4,Proliferative DR,1
aptos_1598,data/raw/images/aptos_1598.png,0,No DR,0
aptos_1599,data/raw/images/aptos_1599.png,2,Moderate DR,1
aptos_1600,data/raw/images/aptos_1600.png,0,No DR,0
aptos_1601,data/raw/images/aptos_1601.png,4,Proliferative DR,1
aptos_1602,data/raw/images/aptos_1602.png,2,Moderate DR,1
aptos_1603,data/raw/images/aptos_1603.png,2,Moderate DR,1
aptos_1604,data/raw/images/aptos_1604.png,2,Moderate DR,1
aptos_1605,data/raw/images/aptos_1605.png,4,Proliferative DR,1
aptos_1606,data/raw/images/aptos_1606.png,1,Mild DR,1
aptos_1607,data/raw/images/aptos_1607.png,2,Moderate DR,1
aptos_1608,data/raw/images/aptos_1608.png,0,No DR,0
aptos_1609,data/raw/images/aptos_1609.png,0,No DR,0
aptos_1610,data/raw/images/aptos_1610.png,3,Severe DR,1
aptos_1611,data/raw/images/aptos_1611.png,1,Mild DR,1
aptos_1612,data/raw/images/aptos_1612.png,0,No DR,0
aptos_1613,data/raw/images/aptos_1613.png,2,Moderate DR,1
aptos_1614,data/raw/images/aptos_1614.png,0,No DR,0
aptos_1615,data/raw/images/aptos_1615.png,1,Mild DR,1
aptos_1616,data/raw/images/aptos_1616.png,0,No DR,0
aptos_1617,data/raw/images/aptos_1617.png,0,No DR,0
aptos_1618,data/raw/images/aptos_1618.png,0,No DR,0
aptos_1619,data/raw/images/aptos_1619.png,2,Moderate DR,1
aptos_1620,data/raw/images/aptos_1620.png,3,Severe DR,1
aptos_1621,data/raw/images/aptos_1621.png,0,No DR,0
aptos_1622,data/raw/images/aptos_1622.png,0,No DR,0
aptos_1623,data/raw/images/aptos_1623.png,0,No DR,0
aptos_1624,data/raw/images/aptos_1624.png,4,Proliferative DR,1
aptos_1625,data/raw/images/aptos_1625.png,0,No DR,0
aptos_1626,data/raw/images/aptos_1626.png,0,No DR,0
aptos_1627,data/raw/images/aptos_1627.png,4,Proliferative DR,1
aptos_1628,data/raw/images/aptos_1628.png,2,Moderate DR,1
aptos_1629,data/raw/images/aptos_1629.png,1,Mild DR,1
aptos_1630,data/raw/images/aptos_1630.png,0,No DR,0
aptos_1631,data/raw/images/aptos_1631.png,1,Mild DR,1
aptos_1632,data/raw/images/aptos_1632.png,2,Moderate DR,1
aptos_1633,data/raw/images/aptos_1633.png,2,Moderate DR,1
aptos_1634,data/raw/images/aptos_1634.png,0,No DR,0
aptos_1635,data/raw/images/aptos_1635.png,0,No DR,0
aptos_1636,data/raw/images/aptos_1636.png,1,Mild DR,1
aptos_1637,data/raw/images/aptos_1637.png,0,No DR,0
aptos_1638,data/raw/images/aptos_1638.png,0,No DR,0
aptos_1639,data/raw/images/aptos_1639.png,0,No DR,0
aptos_1640,data/raw/images/aptos_1640.png,2,Moderate DR,1
aptos_1641,data/raw/images/aptos_1641.png,0,No DR,0
aptos_1642,data/raw/images/aptos_1642.png,0,No DR,0
aptos_1643,data/raw/images/aptos_1643.png,1,Mild DR,1
aptos_1644,data/raw/images/aptos_1644.png,0,No DR,0
aptos_1645,data/raw/images/aptos_1645.png,2,Moderate DR,1
aptos_1646,data/raw/images/aptos_1646.png,2,Moderate DR,1
aptos_1647,data/raw/images/aptos_1647.png,0,No DR,0
aptos_1648,data/raw/images/aptos_1648.png,3,Severe DR,1
aptos_1649,data/raw/images/aptos_1649.png,0,No DR,0
aptos_1650,data/raw/images/aptos_1650.png,0,No DR,0
aptos_1651,data/raw/images/aptos_1651.png,3,Severe DR,1
aptos_1652,data/raw/images/aptos_1652.png,0,No DR,0
aptos_1653,data/raw/images/aptos_1653.png,0,No DR,0
aptos_1654,data/raw/images/aptos_1654.png,0,No DR,0
aptos_1655,data/raw/images/aptos_1655.png,4,Proliferative DR,1
aptos_1656,data/raw/images/aptos_1656.png,2,Moderate DR,1
aptos_1657,data/raw/images/aptos_1657.png,0,No DR,0
aptos_1658,data/raw/images/aptos_1658.png,1,Mild DR,1
aptos_1659,data/raw/images/aptos_1659.png,2,Moderate DR,1
aptos_1660,data/raw/images/aptos_1660.png,0,No DR,0
aptos_1661,data/raw/images/aptos_1661.png,0,No DR,0
aptos_1662,data/raw/images/aptos_1662.png,0,No DR,0
aptos_1663,data/raw/images/aptos_1663.png,2,Moderate DR,1
aptos_1664,data/raw/images/aptos_1664.png,0,No DR,0
aptos_1665,data/raw/images/aptos_1665.png,0,No DR,0
aptos_1666,data/raw/images/aptos_1666.png,0,No DR,0
aptos_1667,data/raw/images/aptos_1667.png,2,Moderate DR,1
aptos_1668,data/raw/images/aptos_1668.png,3,Severe DR,1
aptos_1669,data/raw/images/aptos_1669.png,0,No DR,0
aptos_1670,data/raw/images/aptos_1670.png,0,No DR,0
aptos_1671,data/raw/images/aptos_1671.png,0,No DR,0
aptos_1672,data/raw/images/aptos_1672.png,2,Moderate DR,1
aptos_1673,data/raw/images/aptos_1673.png,0,No DR,0
aptos_1674,data/raw/images/aptos_1674.png,0,No DR,0
aptos_1675,data/raw/images/aptos_1675.png,0,No DR,0
aptos_1676,data/raw/images/aptos_1676.png,1,Mild DR,1
aptos_1677,data/raw/images/aptos_1677.png,2,Moderate DR,1
aptos_1678,data/raw/images/aptos_1678.png,0,No DR,0
aptos_1679,data/raw/images/aptos_1679.png,0,No DR,0
aptos_1680,data/raw/images/aptos_1680.png,2,Moderate DR,1
aptos_1681,data/raw/images/aptos_1681.png,0,No DR,0
aptos_1682,data/raw/images/aptos_1682.png,1,Mild DR,1
aptos_1683,data/raw/images/aptos_1683.png,0,No DR,0
aptos_1684,data/raw/images/aptos_1684.png,2,Moderate DR,1
aptos_1685,data/raw/images/aptos_1685.png,0,No DR,0
aptos_1686,data/raw/images/aptos_1686.png,2,Moderate DR,1
aptos_1687,data/raw/images/aptos_1687.png,3,Severe DR,1
aptos_1688,data/raw/images/aptos_1688.png,2,Moderate DR,1
aptos_1689,data/raw/images/aptos_1689.png,2,Moderate DR,1
aptos_1690,data/raw/images/aptos_1690.png,0,No DR,0
aptos_1691,data/raw/images/aptos_1691.png,1,Mild DR,1
aptos_1692,data/raw/images/aptos_1692.png,0,No DR,0
aptos_1693,data/raw/images/aptos_1693.png,0,No DR,0
aptos_1694,data/raw/images/aptos_1694.png,0,No DR,0
aptos_1695,data/raw/images/aptos_1695.png,2,Moderate DR,1
aptos_1696,data/raw/images/aptos_1696.png,0,No DR,0
aptos_1697,data/raw/images/aptos_1697.png,2,Moderate DR,1
aptos_1698,data/raw/images/aptos_1698.png,2,Moderate DR,1
aptos_1699,data/raw/images/aptos_1699.png,0,No DR,0
aptos_1700,data/raw/images/aptos_1700.png,0,No DR,0
aptos_1701,data/raw/images/aptos_1701.png,0,No DR,0
aptos_1702,data/raw/images/aptos_1702.png,0,No DR,0
aptos_1703,data/raw/images/aptos_1703.png,0,No DR,0
aptos_1704,data/raw/images/aptos_1704.png,0,No DR,0
aptos_1705,data/raw/images/aptos_1705.png,4,Proliferative DR,1
aptos_1706,data/raw/images/aptos_1706.png,2,Moderate DR,1
aptos_1707,data/raw/images/aptos_1707.png,3,Severe DR,1
aptos_1708,data/raw/images/aptos_1708.png,0,No DR,0
aptos_1709,data/raw/images/aptos_1709.png,4,Proliferative DR,1
aptos_1710,data/raw/images/aptos_1710.png,0,No DR,0
aptos_1711,data/raw/images/aptos_1711.png,0,No DR,0
aptos_1712,data/raw/images/aptos_1712.png,2,Moderate DR,1
aptos_1713,data/raw/images/aptos_1713.png,4,Proliferative DR,1
aptos_1714,data/raw/images/aptos_1714.png,1,Mild DR,1
aptos_1715,data/raw/images/aptos_1715.png,2,Moderate DR,1
aptos_1716,data/raw/images/aptos_1716.png,2,Moderate DR,1
aptos_1717,data/raw/images/aptos_1717.png,2,Moderate DR,1
aptos_1718,data/raw/images/aptos_1718.png,0,No DR,0
aptos_1719,data/raw/images/aptos_1719.png,2,Moderate DR,1
aptos_1720,data/raw/images/aptos_1720.png,0,No DR,0
aptos_1721,data/raw/images/aptos_1721.png,2,Moderate DR,1
aptos_1722,data/raw/images/aptos_1722.png,0,No DR,0
aptos_1723,data/raw/images/aptos_1723.png,1,Mild DR,1
aptos_1724,data/raw/images/aptos_1724.png,4,Proliferative DR,1
aptos_1725,data/raw/images/aptos_1725.png,0,No DR,0
aptos_1726,data/raw/images/aptos_1726.png,2,Moderate DR,1
aptos_1727,data/raw/images/aptos_1727.png,0,No DR,0
aptos_1728,data/raw/images/aptos_1728.png,4,Proliferative DR,1
aptos_1729,data/raw/images/aptos_1729.png,0,No DR,0
aptos_1730,data/raw/images/aptos_1730.png,1,Mild DR,1
aptos_1731,data/raw/images/aptos_1731.png,0,No DR,0
aptos_1732,data/raw/images/aptos_1732.png,0,No DR,0
aptos_1733,data/raw/images/aptos_1733.png,0,No DR,0
aptos_1734,data/raw/images/aptos_1734.png,3,Severe DR,1
aptos_1735,data/raw/images/aptos_1735.png,0,No DR,0
aptos_1736,data/raw/images/aptos_1736.png,0,No DR,0
aptos_1737,data/raw/images/aptos_1737.png,0,No DR,0
aptos_1738,data/raw/images/aptos_1738.png,0,No DR,0
aptos_1739,data/raw/images/aptos_1739.png,0,No DR,0
aptos_1740,data/raw/images/aptos_1740.png,1,Mild DR,1
aptos_1741,data/raw/images/aptos_1741.png,0,No DR,0
aptos_1742,data/raw/images/aptos_1742.png,1,Mild DR,1
aptos_1743,data/raw/images/aptos_1743.png,4,Proliferative DR,1
aptos_1744,data/raw/images/aptos_1744.png,3,Severe DR,1
aptos_1745,data/raw/images/aptos_1745.png,3,Severe DR,1
aptos_1746,data/raw/images/aptos_1746.png,0,No DR,0
aptos_1747,data/raw/images/aptos_1747.png,0,No DR,0
aptos_1748,data/raw/images/aptos_1748.png,2,Moderate DR,1
aptos_1749,data/raw/images/aptos_1749.png,0,No DR,0
aptos_1750,data/raw/images/aptos_1750.png,0,No DR,0
aptos_1751,data/raw/images/aptos_1751.png,0,No DR,0
aptos_1752,data/raw/images/aptos_1752.png,2,Moderate DR,1
aptos_1753,data/raw/images/aptos_1753.png,4,Proliferative DR,1
aptos_1754,data/raw/images/aptos_1754.png,2,Moderate DR,1
aptos_1755,data/raw/images/aptos_1755.png,0,No DR,0
aptos_1756,data/raw/images/aptos_1756.png,1,Mild DR,1
aptos_1757,data/raw/images/aptos_1757.png,0,No DR,0
aptos_1758,data/raw/images/aptos_1758.png,2,Moderate DR,1
aptos_1759,data/raw/images/aptos_1759.png,0,No DR,0
aptos_1760,data/raw/images/aptos_1760.png,2,Moderate DR,1
aptos_1761,data/raw/images/aptos_1761.png,4,Proliferative DR,1
aptos_1762,data/raw/images/aptos_1762.png,0,No DR,0
aptos_1763,data/raw/images/aptos_1763.png,4,Proliferative DR,1
aptos_1764,data/raw/images/aptos_1764.png,4,Proliferative DR,1
aptos_1765,data/raw/images/aptos_1765.png,1,Mild DR,1
aptos_1766,data/raw/images/aptos_1766.png,0,No DR,0
aptos_1767,data/raw/images/aptos_1767.png,0,No DR,0
aptos_1768,data/raw/images/aptos_1768.png,0,No DR,0
aptos_1769,data/raw/images/aptos_1769.png,0,No DR,0
aptos_1770,data/raw/images/aptos_1770.png,2,Moderate DR,1
aptos_1771,data/raw/images/aptos_1771.png,2,Moderate DR,1
aptos_1772,data/raw/images/aptos_1772.png,2,Moderate DR,1
aptos_1773,data/raw/images/aptos_1773.png,2,Moderate DR,1
aptos_1774,data/raw/images/aptos_1774.png,3,Severe DR,1
aptos_1775,data/raw/images/aptos_1775.png,0,No DR,0
aptos_1776,data/raw/images/aptos_1776.png,4,Proliferative DR,1
aptos_1777,data/raw/images/aptos_1777.png,2,Moderate DR,1
aptos_1778,data/raw/images/aptos_1778.png,0,No DR,0
aptos_1779,data/raw/images/aptos_1779.png,0,No DR,0
aptos_1780,data/raw/images/aptos_1780.png,0,No DR,0
aptos_1781,data/raw/images/aptos_1781.png,2,Moderate DR,1
aptos_1782,data/raw/images/aptos_1782.png,4,Proliferative DR,1
aptos_1783,data/raw/images/aptos_1783.png,3,Severe DR,1
aptos_1784,data/raw/images/aptos_1784.png,4,Proliferative DR,1
aptos_1785,data/raw/images/aptos_1785.png,0,No DR,0
aptos_1786,data/raw/images/aptos_1786.png,2,Moderate DR,1
aptos_1787,data/raw/images/aptos_1787.png,0,No DR,0
aptos_1788,data/raw/images/aptos_1788.png,0,No DR,0
aptos_1789,data/raw/images/aptos_1789.png,0,No DR,0
aptos_1790,data/raw/images/aptos_1790.png,2,Moderate DR,1
aptos_1791,data/raw/images/aptos_1791.png,0,No DR,0
aptos_1792,data/raw/images/aptos_1792.png,1,Mild DR,1
aptos_1793,data/raw/images/aptos_1793.png,0,No DR,0
aptos_1794,data/raw/images/aptos_1794.png,2,Moderate DR,1
aptos_1795,data/raw/images/aptos_1795.png,0,No DR,0
aptos_1796,data/raw/images/aptos_1796.png,0,No DR,0
aptos_1797,data/raw/images/aptos_1797.png,0,No DR,0
aptos_1798,data/raw/images/aptos_1798.png,0,No DR,0
aptos_1799,data/raw/images/aptos_1799.png,1,Mild DR,1
aptos_1800,data/raw/images/aptos_1800.png,4,Proliferative DR,1
aptos_1801,data/raw/images/aptos_1801.png,0,No DR,0
aptos_1802,data/raw/images/aptos_1802.png,0,No DR,0
aptos_1803,data/raw/images/aptos_1803.png,0,No DR,0
aptos_1804,data/raw/images/aptos_1804.png,0,No DR,0
aptos_1805,data/raw/images/aptos_1805.png,0,No DR,0
aptos_1806,data/raw/images/aptos_1806.png,0,No DR,0
aptos_1807,data/raw/images/aptos_1807.png,1,Mild DR,1
aptos_1808,data/raw/images/aptos_1808.png,0,No DR,0
aptos_1809,data/raw/images/aptos_1809.png,2,Moderate DR,1
aptos_1810,data/raw/images/aptos_1810.png,2,Moderate DR,1
aptos_1811,data/raw/images/aptos_1811.png,0,No DR,0
aptos_1812,data/raw/images/aptos_1812.png,0,No DR,0
aptos_1813,data/raw/images/aptos_1813.png,0,No DR,0
aptos_1814,data/raw/images/aptos_1814.png,2,Moderate DR,1
aptos_1815,data/raw/images/aptos_1815.png,0,No DR,0
aptos_1816,data/raw/images/aptos_1816.png,2,Moderate DR,1
aptos_1817,data/raw/images/aptos_1817.png,2,Moderate DR,1
aptos_1818,data/raw/images/aptos_1818.png,4,Proliferative DR,1
aptos_1819,data/raw/images/aptos_1819.png,1,Mild DR,1
aptos_1820,data/raw/images/aptos_1820.png,0,No DR,0
aptos_1821,data/raw/images/aptos_1821.png,2,Moderate DR,1
aptos_1822,data/raw/images/aptos_1822.png,0,No DR,0
aptos_1823,data/raw/images/aptos_1823.png,3,Severe DR,1
aptos_1824,data/raw/images/aptos_1824.png,1,Mild DR,1
aptos_1825,data/raw/images/aptos_1825.png,0,No DR,0
aptos_1826,data/raw/images/aptos_1826.png,0,No DR,0
aptos_1827,data/raw/images/aptos_1827.png,3,Severe DR,1
aptos_1828,data/raw/images/aptos_1828.png,0,No DR,0
aptos_1829,data/raw/images/aptos_1829.png,0,No DR,0
aptos_1830,data/raw/images/aptos_1830.png,2,Moderate DR,1
aptos_1831,data/raw/images/aptos_1831.png,3,Severe DR,1
aptos_1832,data/raw/images/aptos_1832.png,0,No DR,0
aptos_1833,data/raw/images/aptos_1833.png,1,Mild DR,1
aptos_1834,data/raw/images/aptos_1834.png,2,Moderate DR,1
aptos_1835,data/raw/images/aptos_1835.png,0,No DR,0
aptos_1836,data/raw/images/aptos_1836.png,0,No DR,0
aptos_1837,data/raw/images/aptos_1837.png,0,No DR,0
aptos_1838,data/raw/images/aptos_1838.png,0,No DR,0
aptos_1839,data/raw/images/aptos_1839.png,0,No DR,0
aptos_1840,data/raw/images/aptos_1840.png,2,Moderate DR,1
aptos_1841,data/raw/images/aptos_1841.png,2,Moderate DR,1
aptos_1842,data/raw/images/aptos_1842.png,0,No DR,0
aptos_1843,data/raw/images/aptos_1843.png,3,Severe DR,1
aptos_1844,data/raw/images/aptos_1844.png,0,No DR,0
aptos_1845,data/raw/images/aptos_1845.png,1,Mild DR,1
aptos_1846,data/raw/images/aptos_1846.png,0,No DR,0
aptos_1847,data/raw/images/aptos_1847.png,1,Mild DR,1
aptos_1848,data/raw/images/aptos_1848.png,2,Moderate DR,1
aptos_1849,data/raw/images/aptos_1849.png,1,Mild DR,1
aptos_1850,data/raw/images/aptos_1850.png,4,Proliferative DR,1
aptos_1851,data/raw/images/aptos_1851.png,0,No DR,0
aptos_1852,data/raw/images/aptos_1852.png,2,Moderate DR,1
aptos_1853,data/raw/images/aptos_1853.png,0,No DR,0
aptos_1854,data/raw/images/aptos_1854.png,2,Moderate DR,1
aptos_1855,data/raw/images/aptos_1855.png,0,No DR,0
aptos_1856,data/raw/images/aptos_1856.png,0,No DR,0
aptos_1857,data/raw/images/aptos_1857.png,0,No DR,0
aptos_1858,data/raw/images/aptos_1858.png,0,No DR,0
aptos_1859,data/raw/images/aptos_1859.png,0,No DR,0
aptos_1860,data/raw/images/aptos_1860.png,0,No DR,0
aptos_1861,data/raw/images/aptos_1861.png,0,No DR,0
aptos_1862,data/raw/images/aptos_1862.png,0,No DR,0
aptos_1863,data/raw/images/aptos_1863.png,4,Proliferative DR,1
aptos_1864,data/raw/images/aptos_1864.png,0,No DR,0
aptos_1865,data/raw/images/aptos_1865.png,2,Moderate DR,1
aptos_1866,data/raw/images/aptos_1866.png,2,Moderate DR,1
aptos_1867,data/raw/images/aptos_1867.png,0,No DR,0
aptos_1868,data/raw/images/aptos_1868.png,0,No DR,0
aptos_1869,data/raw/images/aptos_1869.png,1,Mild DR,1
aptos_1870,data/raw/images/aptos_1870.png,0,No DR,0
aptos_1871,data/raw/images/aptos_1871.png,2,Moderate DR,1
aptos_1872,data/raw/images/aptos_1872.png,0,No DR,0
aptos_1873,data/raw/images/aptos_1873.png,2,Moderate DR,1
aptos_1874,data/raw/images/aptos_1874.png,2,Moderate DR,1
aptos_1875,data/raw/images/aptos_1875.png,0,No DR,0
aptos_1876,data/raw/images/aptos_1876.png,2,Moderate DR,1
aptos_1877,data/raw/images/aptos_1877.png,0,No DR,0
aptos_1878,data/raw/images/aptos_1878.png,0,No DR,0
aptos_1879,data/raw/images/aptos_1879.png,0,No DR,0
aptos_1880,data/raw/images/aptos_1880.png,1,Mild DR,1
aptos_1881,data/raw/images/aptos_1881.png,1,Mild DR,1
aptos_1882,data/raw/images/aptos_1882.png,0,No DR,0
aptos_1883,data/raw/images/aptos_1883.png,0,No DR,0
aptos_1884,data/raw/images/aptos_1884.png,0,No DR,0
aptos_1885,data/raw/images/aptos_1885.png,0,No DR,0
aptos_1886,data/raw/images/aptos_1886.png,4,Proliferative DR,1
aptos_1887,data/raw/images/aptos_1887.png,2,Moderate DR,1
aptos_1888,data/raw/images/aptos_1888.png,0,No DR,0
aptos_1889,data/raw/images/aptos_1889.png,2,Moderate DR,1
aptos_1890,data/raw/images/aptos_1890.png,2,Moderate DR,1
aptos_1891,data/raw/images/aptos_1891.png,0,No DR,0
aptos_1892,data/raw/images/aptos_1892.png,2,Moderate DR,1
aptos_1893,data/raw/images/aptos_1893.png,4,Proliferative DR,1
aptos_1894,data/raw/images/aptos_1894.png,4,Proliferative DR,1
aptos_1895,data/raw/images/aptos_1895.png,4,Proliferative DR,1
aptos_1896,data/raw/images/aptos_1896.png,2,Moderate DR,1
aptos_1897,data/raw/images/aptos_1897.png,0,No DR,0
aptos_1898,data/raw/images/aptos_1898.png,2,Moderate DR,1
aptos_1899,data/raw/images/aptos_1899.png,0,No DR,0
aptos_1900,data/raw/images/aptos_1900.png,0,No DR,0
aptos_1901,data/raw/images/aptos_1901.png,0,No DR,0
aptos_1902,data/raw/images/aptos_1902.png,2,Moderate DR,1
aptos_1903,data/raw/images/aptos_1903.png,1,Mild DR,1
aptos_1904,data/raw/images/aptos_1904.png,3,Severe DR,1
aptos_1905,data/raw/images/aptos_1905.png,0,No DR,0
aptos_1906,data/raw/images/aptos_1906.png,2,Moderate DR,1
aptos_1907,data/raw/images/aptos_1907.png,2,Moderate DR,1
aptos_1908,data/raw/images/aptos_1908.png,2,Moderate DR,1
aptos_1909,data/raw/images/aptos_1909.png,0,No DR,0
aptos_1910,data/raw/images/aptos_1910.png,3,Severe DR,1
aptos_1911,data/raw/images/aptos_1911.png,2,Moderate DR,1
aptos_1912,data/raw/images/aptos_1912.png,2,Moderate DR,1
aptos_1913,data/raw/images/aptos_1913.png,0,No DR,0
aptos_1914,data/raw/images/aptos_1914.png,0,No DR,0
aptos_1915,data/raw/images/aptos_1915.png,1,Mild DR,1
aptos_1916,data/raw/images/aptos_1916.png,0,No DR,0
aptos_1917,data/raw/images/aptos_1917.png,4,Proliferative DR,1
aptos_1918,data/raw/images/aptos_1918.png,2,Moderate DR,1
aptos_1919,data/raw/images/aptos_1919.png,0,No DR,0
aptos_1920,data/raw/images/aptos_1920.png,4,Proliferative DR,1
aptos_1921,data/raw/images/aptos_1921.png,0,No DR,0
aptos_1922,data/raw/images/aptos_1922.png,0,No DR,0
aptos_1923,data/raw/images/aptos_1923.png,2,Moderate DR,1
aptos_1924,data/raw/images/aptos_1924.png,4,Proliferative DR,1
aptos_1925,data/raw/images/aptos_1925.png,4,Proliferative DR,1
aptos_1926,data/raw/images/aptos_1926.png,2,Moderate DR,1
aptos_1927,data/raw/images/aptos_1927.png,0,No DR,0
aptos_1928,data/raw/images/aptos_1928.png,2,Moderate DR,1
aptos_1929,data/raw/images/aptos_1929.png,0,No DR,0
aptos_1930,data/raw/images/aptos_1930.png,2,Moderate DR,1
aptos_1931,data/raw/images/aptos_1931.png,0,No DR,0
aptos_1932,data/raw/images/aptos_1932.png,0,No DR,0
aptos_1933,data/raw/images/aptos_1933.png,0,No DR,0
aptos_1934,data/raw/images/aptos_1934.png,0,No DR,0
aptos_1935,data/raw/images/aptos_1935.png,2,Moderate DR,1
aptos_1936,data/raw/images/aptos_1936.png,0,No DR,0
aptos_1937,data/raw/images/aptos_1937.png,0,No DR,0
aptos_1938,data/raw/images/aptos_1938.png,0,No DR,0
aptos_1939,data/raw/images/aptos_1939.png,0,No DR,0
aptos_1940,data/raw/images/aptos_1940.png,2,Moderate DR,1
aptos_1941,data/raw/images/aptos_1941.png,2,Moderate DR,1
aptos_1942,data/raw/images/aptos_1942.png,4,Proliferative DR,1
aptos_1943,data/raw/images/aptos_1943.png,0,No DR,0
aptos_1944,data/raw/images/aptos_1944.png,0,No DR,0
aptos_1945,data/raw/images/aptos_1945.png,0,No DR,0
aptos_1946,data/raw/images/aptos_1946.png,0,No DR,0
aptos_1947,data/raw/images/aptos_1947.png,2,Moderate DR,1
aptos_1948,data/raw/images/aptos_1948.png,0,No DR,0
aptos_1949,data/raw/images/aptos_1949.png,3,Severe DR,1
aptos_1950,data/raw/images/aptos_1950.png,0,No DR,0
aptos_1951,data/raw/images/aptos_1951.png,0,No DR,0
aptos_1952,data/raw/images/aptos_1952.png,0,No DR,0
aptos_1953,data/raw/images/aptos_1953.png,2,Moderate DR,1
aptos_1954,data/raw/images/aptos_1954.png,2,Moderate DR,1
aptos_1955,data/raw/images/aptos_1955.png,2,Moderate DR,1
aptos_1956,data/raw/images/aptos_1956.png,1,Mild DR,1
aptos_1957,data/raw/images/aptos_1957.png,1,Mild DR,1
aptos_1958,data/raw/images/aptos_1958.png,2,Moderate DR,1
aptos_1959,data/raw/images/aptos_1959.png,2,Moderate DR,1
aptos_1960,data/raw/images/aptos_1960.png,1,Mild DR,1
aptos_1961,data/raw/images/aptos_1961.png,3,Severe DR,1
aptos_1962,data/raw/images/aptos_1962.png,1,Mild DR,1
aptos_1963,data/raw/images/aptos_1963.png,0,No DR,0
aptos_1964,data/raw/images/aptos_1964.png,0,No DR,0
aptos_1965,data/raw/images/aptos_1965.png,2,Moderate DR,1
aptos_1966,data/raw/images/aptos_1966.png,2,Moderate DR,1
aptos_1967,data/raw/images/aptos_1967.png,0,No DR,0
aptos_1968,data/raw/images/aptos_1968.png,0,No DR,0
aptos_1969,data/raw/images/aptos_1969.png,0,No DR,0
aptos_1970,data/raw/images/aptos_1970.png,0,No DR,0
aptos_1971,data/raw/images/aptos_1971.png,3,Severe DR,1
aptos_1972,data/raw/images/aptos_1972.png,0,No DR,0
aptos_1973,data/raw/images/aptos_1973.png,2,Moderate DR,1
aptos_1974,data/raw/images/aptos_1974.png,0,No DR,0
aptos_1975,data/raw/images/aptos_1975.png,2,Moderate DR,1
aptos_1976,data/raw/images/aptos_1976.png,4,Proliferative DR,1
aptos_1977,data/raw/images/aptos_1977.png,0,No DR,0
aptos_1978,data/raw/images/aptos_1978.png,2,Moderate DR,1
aptos_1979,data/raw/images/aptos_1979.png,4,Proliferative DR,1
aptos_1980,data/raw/images/aptos_1980.png,0,No DR,0
aptos_1981,data/raw/images/aptos_1981.png,4,Proliferative DR,1
aptos_1982,data/raw/images/aptos_1982.png,0,No DR,0
aptos_1983,data/raw/images/aptos_1983.png,2,Moderate DR,1
aptos_1984,data/raw/images/aptos_1984.png,0,No DR,0
aptos_1985,data/raw/images/aptos_1985.png,0,No DR,0
aptos_1986,data/raw/images/aptos_1986.png,3,Severe DR,1
aptos_1987,data/raw/images/aptos_1987.png,0,No DR,0
aptos_1988,data/raw/images/aptos_1988.png,4,Proliferative DR,1
aptos_1989,data/raw/images/aptos_1989.png,1,Mild DR,1
aptos_1990,data/raw/images/aptos_1990.png,1,Mild DR,1
aptos_1991,data/raw/images/aptos_1991.png,2,Moderate DR,1
aptos_1992,data/raw/images/aptos_1992.png,0,No DR,0
aptos_1993,data/raw/images/aptos_1993.png,4,Proliferative DR,1
aptos_1994,data/raw/images/aptos_1994.png,0,No DR,0
aptos_1995,data/raw/images/aptos_1995.png,0,No DR,0
aptos_1996,data/raw/images/aptos_1996.png,3,Severe DR,1
aptos_1997,data/raw/images/aptos_1997.png,0,No DR,0
aptos_1998,data/raw/images/aptos_1998.png,1,Mild DR,1
aptos_1999,data/raw/images/aptos_1999.png,0,No DR,0
aptos_2000,data/raw/images/aptos_2000.png,4,Proliferative DR,1
aptos_2001,data/raw/images/aptos_2001.png,0,No DR,0
aptos_2002,data/raw/images/aptos_2002.png,2,Moderate DR,1
aptos_2003,data/raw/images/aptos_2003.png,2,Moderate DR,1
aptos_2004,data/raw/images/aptos_2004.png,2,Moderate DR,1
aptos_2005,data/raw/images/aptos_2005.png,0,No DR,0
aptos_2006,data/raw/images/aptos_2006.png,0,No DR,0
aptos_2007,data/raw/images/aptos_2007.png,2,Moderate DR,1
aptos_2008,data/raw/images/aptos_2008.png,0,No DR,0
aptos_2009,data/raw/images/aptos_2009.png,0,No DR,0
aptos_2010,data/raw/images/aptos_2010.png,2,Moderate DR,1
aptos_2011,data/raw/images/aptos_2011.png,2,Moderate DR,1
aptos_2012,data/raw/images/aptos_2012.png,4,Proliferative DR,1
aptos_2013,data/raw/images/aptos_2013.png,0,No DR,0
aptos_2014,data/raw/images/aptos_2014.png,0,No DR,0
aptos_2015,data/raw/images/aptos_2015.png,4,Proliferative DR,1
aptos_2016,data/raw/images/aptos_2016.png,2,Moderate DR,1
aptos_2017,data/raw/images/aptos_2017.png,1,Mild DR,1
aptos_2018,data/raw/images/aptos_2018.png,2,Moderate DR,1
aptos_2019,data/raw/images/aptos_2019.png,2,Moderate DR,1
aptos_2020,data/raw/images/aptos_2020.png,2,Moderate DR,1
aptos_2021,data/raw/images/aptos_2021.png,0,No DR,0
aptos_2022,data/raw/images/aptos_2022.png,2,Moderate DR,1
aptos_2023,data/raw/images/aptos_2023.png,0,No DR,0
aptos_2024,data/raw/images/aptos_2024.png,2,Moderate DR,1
aptos_2025,data/raw/images/aptos_2025.png,0,No DR,0
aptos_2026,data/raw/images/aptos_2026.png,0,No DR,0
aptos_2027,data/raw/images/aptos_2027.png,0,No DR,0
aptos_2028,data/raw/images/aptos_2028.png,0,No DR,0
aptos_2029,data/raw/images/aptos_2029.png,0,No DR,0
aptos_2030,data/raw/images/aptos_2030.png,0,No DR,0
aptos_2031,data/raw/images/aptos_2031.png,2,Moderate DR,1
aptos_2032,data/raw/images/aptos_2032.png,0,No DR,0
aptos_2033,data/raw/images/aptos_2033.png,0,No DR,0
aptos_2034,data/raw/images/aptos_2034.png,4,Proliferative DR,1
aptos_2035,data/raw/images/aptos_2035.png,1,Mild DR,1
aptos_2036,data/raw/images/aptos_2036.png,0,No DR,0
aptos_2037,data/raw/images/aptos_2037.png,0,No DR,0
aptos_2038,data/raw/images/aptos_2038.png,0,No DR,0
aptos_2039,data/raw/images/aptos_2039.png,2,Moderate DR,1
aptos_2040,data/raw/images/aptos_2040.png,1,Mild DR,1
aptos_2041,data/raw/images/aptos_2041.png,4,Proliferative DR,1
aptos_2042,data/raw/images/aptos_2042.png,0,No DR,0
aptos_2043,data/raw/images/aptos_2043.png,0,No DR,0
aptos_2044,data/raw/images/aptos_2044.png,1,Mild DR,1
aptos_2045,data/raw/images/aptos_2045.png,4,Proliferative DR,1
aptos_2046,data/raw/images/aptos_2046.png,2,Moderate DR,1
aptos_2047,data/raw/images/aptos_2047.png,1,Mild DR,1
aptos_2048,data/raw/images/aptos_2048.png,0,No DR,0
aptos_2049,data/raw/images/aptos_2049.png,0,No DR,0
aptos_2050,data/raw/images/aptos_2050.png,0,No DR,0
aptos_2051,data/raw/images/aptos_2051.png,2,Moderate DR,1
aptos_2052,data/raw/images/aptos_2052.png,0,No DR,0
aptos_2053,data/raw/images/aptos_2053.png,2,Moderate DR,1
aptos_2054,data/raw/images/aptos_2054.png,0,No DR,0
aptos_2055,data/raw/images/aptos_2055.png,4,Proliferative DR,1
aptos_2056,data/raw/images/aptos_2056.png,0,No DR,0
aptos_2057,data/raw/images/aptos_2057.png,2,Moderate DR,1
aptos_2058,data/raw/images/aptos_2058.png,0,No DR,0
aptos_2059,data/raw/images/aptos_2059.png,0,No DR,0
aptos_2060,data/raw/images/aptos_2060.png,0,No DR,0
aptos_2061,data/raw/images/aptos_2061.png,0,No DR,0
aptos_2062,data/raw/images/aptos_2062.png,3,Severe DR,1
aptos_2063,data/raw/images/aptos_2063.png,0,No DR,0
aptos_2064,data/raw/images/aptos_2064.png,1,Mild DR,1
aptos_2065,data/raw/images/aptos_2065.png,3,Severe DR,1
aptos_2066,data/raw/images/aptos_2066.png,0,No DR,0
aptos_2067,data/raw/images/aptos_2067.png,0,No DR,0
aptos_2068,data/raw/images/aptos_2068.png,3,Severe DR,1
aptos_2069,data/raw/images/aptos_2069.png,2,Moderate DR,1
aptos_2070,data/raw/images/aptos_2070.png,0,No DR,0
aptos_2071,data/raw/images/aptos_2071.png,3,Severe DR,1
aptos_2072,data/raw/images/aptos_2072.png,2,Moderate DR,1
aptos_2073,data/raw/images/aptos_2073.png,2,Moderate DR,1
aptos_2074,data/raw/images/aptos_2074.png,3,Severe DR,1
aptos_2075,data/raw/images/aptos_2075.png,0,No DR,0
aptos_2076,data/raw/images/aptos_2076.png,2,Moderate DR,1
aptos_2077,data/raw/images/aptos_2077.png,3,Severe DR,1
aptos_2078,data/raw/images/aptos_2078.png,2,Moderate DR,1
aptos_2079,data/raw/images/aptos_2079.png,0,No DR,0
aptos_2080,data/raw/images/aptos_2080.png,2,Moderate DR,1
aptos_2081,data/raw/images/aptos_2081.png,0,No DR,0
aptos_2082,data/raw/images/aptos_2082.png,2,Moderate DR,1
aptos_2083,data/raw/images/aptos_2083.png,0,No DR,0
aptos_2084,data/raw/images/aptos_2084.png,0,No DR,0
aptos_2085,data/raw/images/aptos_2085.png,0,No DR,0
aptos_2086,data/raw/images/aptos_2086.png,0,No DR,0
aptos_2087,data/raw/images/aptos_2087.png,0,No DR,0
aptos_2088,data/raw/images/aptos_2088.png,0,No DR,0
aptos_2089,data/raw/images/aptos_2089.png,2,Moderate DR,1
aptos_2090,data/raw/images/aptos_2090.png,2,Moderate DR,1
aptos_2091,data/raw/images/aptos_2091.png,2,Moderate DR,1
aptos_2092,data/raw/images/aptos_2092.png,1,Mild DR,1
aptos_2093,data/raw/images/aptos_2093.png,0,No DR,0
aptos_2094,data/raw/images/aptos_2094.png,2,Moderate DR,1
aptos_2095,data/raw/images/aptos_2095.png,0,No DR,0
aptos_2096,data/raw/images/aptos_2096.png,0,No DR,0
aptos_2097,data/raw/images/aptos_2097.png,2,Moderate DR,1
aptos_2098,data/raw/images/aptos_2098.png,0,No DR,0
aptos_2099,data/raw/images/aptos_2099.png,0,No DR,0
aptos_2100,data/raw/images/aptos_2100.png,0,No DR,0
aptos_2101,data/raw/images/aptos_2101.png,0,No DR,0
aptos_2102,data/raw/images/aptos_2102.png,0,No DR,0
aptos_2103,data/raw/images/aptos_2103.png,0,No DR,0
aptos_2104,data/raw/images/aptos_2104.png,1,Mild DR,1
aptos_2105,data/raw/images/aptos_2105.png,0,No DR,0
aptos_2106,data/raw/images/aptos_2106.png,0,No DR,0
aptos_2107,data/raw/images/aptos_2107.png,1,Mild DR,1
aptos_2108,data/raw/images/aptos_2108.png,0,No DR,0
aptos_2109,data/raw/images/aptos_2109.png,0,No DR,0
aptos_2110,data/raw/images/aptos_2110.png,0,No DR,0
aptos_2111,data/raw/images/aptos_2111.png,1,Mild DR,1
aptos_2112,data/raw/images/aptos_2112.png,1,Mild DR,1
aptos_2113,data/raw/images/aptos_2113.png,0,No DR,0
aptos_2114,data/raw/images/aptos_2114.png,0,No DR,0
aptos_2115,data/raw/images/aptos_2115.png,2,Moderate DR,1
aptos_2116,data/raw/images/aptos_2116.png,1,Mild DR,1
aptos_2117,data/raw/images/aptos_2117.png,0,No DR,0
aptos_2118,data/raw/images/aptos_2118.png,2,Moderate DR,1
aptos_2119,data/raw/images/aptos_2119.png,4,Proliferative DR,1
aptos_2120,data/raw/images/aptos_2120.png,0,No DR,0
aptos_2121,data/raw/images/aptos_2121.png,0,No DR,0
aptos_2122,data/raw/images/aptos_2122.png,0,No DR,0
aptos_2123,data/raw/images/aptos_2123.png,2,Moderate DR,1
aptos_2124,data/raw/images/aptos_2124.png,0,No DR,0
aptos_2125,data/raw/images/aptos_2125.png,0,No DR,0
aptos_2126,data/raw/images/aptos_2126.png,2,Moderate DR,1
aptos_2127,data/raw/images/aptos_2127.png,1,Mild DR,1
aptos_2128,data/raw/images/aptos_2128.png,4,Proliferative DR,1
aptos_2129,data/raw/images/aptos_2129.png,0,No DR,0
aptos_2130,data/raw/images/aptos_2130.png,2,Moderate DR,1
aptos_2131,data/raw/images/aptos_2131.png,0,No DR,0
aptos_2132,data/raw/images/aptos_2132.png,0,No DR,0
aptos_2133,data/raw/images/aptos_2133.png,0,No DR,0
aptos_2134,data/raw/images/aptos_2134.png,0,No DR,0
aptos_2135,data/raw/images/aptos_2135.png,1,Mild DR,1
aptos_2136,data/raw/images/aptos_2136.png,0,No DR,0
aptos_2137,data/raw/images/aptos_2137.png,2,Moderate DR,1
aptos_2138,data/raw/images/aptos_2138.png,0,No DR,0
aptos_2139,data/raw/images/aptos_2139.png,0,No DR,0
aptos_2140,data/raw/images/aptos_2140.png,2,Moderate DR,1
aptos_2141,data/raw/images/aptos_2141.png,0,No DR,0
aptos_2142,data/raw/images/aptos_2142.png,0,No DR,0
aptos_2143,data/raw/images/aptos_2143.png,0,No DR,0
aptos_2144,data/raw/images/aptos_2144.png,0,No DR,0
aptos_2145,data/raw/images/aptos_2145.png,2,Moderate DR,1
aptos_2146,data/raw/images/aptos_2146.png,0,No DR,0
aptos_2147,data/raw/images/aptos_2147.png,1,Mild DR,1
aptos_2148,data/raw/images/aptos_2148.png,1,Mild DR,1
aptos_2149,data/raw/images/aptos_2149.png,2,Moderate DR,1
aptos_2150,data/raw/images/aptos_2150.png,0,No DR,0
aptos_2151,data/raw/images/aptos_2151.png,2,Moderate DR,1
aptos_2152,data/raw/images/aptos_2152.png,2,Moderate DR,1
aptos_2153,data/raw/images/aptos_2153.png,0,No DR,0
aptos_2154,data/raw/images/aptos_2154.png,0,No DR,0
aptos_2155,data/raw/images/aptos_2155.png,4,Proliferative DR,1
aptos_2156,data/raw/images/aptos_2156.png,0,No DR,0
aptos_2157,data/raw/images/aptos_2157.png,0,No DR,0
aptos_2158,data/raw/images/aptos_2158.png,2,Moderate DR,1
aptos_2159,data/raw/images/aptos_2159.png,0,No DR,0
aptos_2160,data/raw/images/aptos_2160.png,2,Moderate DR,1
aptos_2161,data/raw/images/aptos_2161.png,0,No DR,0
aptos_2162,data/raw/images/aptos_2162.png,0,No DR,0
aptos_2163,data/raw/images/aptos_2163.png,0,No DR,0
aptos_2164,data/raw/images/aptos_2164.png,4,Proliferative DR,1
aptos_2165,data/raw/images/aptos_2165.png,0,No DR,0
aptos_2166,data/raw/images/aptos_2166.png,3,Severe DR,1
aptos_2167,data/raw/images/aptos_2167.png,0,No DR,0
aptos_2168,data/raw/images/aptos_2168.png,0,No DR,0
aptos_2169,data/raw/images/aptos_2169.png,2,Moderate DR,1
aptos_2170,data/raw/images/aptos_2170.png,2,Moderate DR,1
aptos_2171,data/raw/images/aptos_2171.png,2,Moderate DR,1
aptos_2172,data/raw/images/aptos_2172.png,1,Mild DR,1
aptos_2173,data/raw/images/aptos_2173.png,2,Moderate DR,1
aptos_2174,data/raw/images/aptos_2174.png,0,No DR,0
aptos_2175,data/raw/images/aptos_2175.png,1,Mild DR,1
aptos_2176,data/raw/images/aptos_2176.png,0,No DR,0
aptos_2177,data/raw/images/aptos_2177.png,0,No DR,0
aptos_2178,data/raw/images/aptos_2178.png,0,No DR,0
aptos_2179,data/raw/images/aptos_2179.png,0,No DR,0
aptos_2180,data/raw/images/aptos_2180.png,3,Severe DR,1
aptos_2181,data/raw/images/aptos_2181.png,0,No DR,0
aptos_2182,data/raw/images/aptos_2182.png,0,No DR,0
aptos_2183,data/raw/images/aptos_2183.png,2,Moderate DR,1
aptos_2184,data/raw/images/aptos_2184.png,0,No DR,0
aptos_2185,data/raw/images/aptos_2185.png,0,No DR,0
aptos_2186,data/raw/images/aptos_2186.png,0,No DR,0
aptos_2187,data/raw/images/aptos_2187.png,2,Moderate DR,1
aptos_2188,data/raw/images/aptos_2188.png,1,Mild DR,1
aptos_2189,data/raw/images/aptos_2189.png,0,No DR,0
aptos_2190,data/raw/images/aptos_2190.png,0,No DR,0
aptos_2191,data/raw/images/aptos_2191.png,2,Moderate DR,1
aptos_2192,data/raw/images/aptos_2192.png,1,Mild DR,1
aptos_2193,data/raw/images/aptos_2193.png,0,No DR,0
aptos_2194,data/raw/images/aptos_2194.png,2,Moderate DR,1
aptos_2195,data/raw/images/aptos_2195.png,4,Proliferative DR,1
aptos_2196,data/raw/images/aptos_2196.png,2,Moderate DR,1
aptos_2197,data/raw/images/aptos_2197.png,0,No DR,0
aptos_2198,data/raw/images/aptos_2198.png,2,Moderate DR,1
aptos_2199,data/raw/images/aptos_2199.png,2,Moderate DR,1
aptos_2200,data/raw/images/aptos_2200.png,3,Severe DR,1
aptos_2201,data/raw/images/aptos_2201.png,2,Moderate DR,1
aptos_2202,data/raw/images/aptos_2202.png,0,No DR,0
aptos_2203,data/raw/images/aptos_2203.png,0,No DR,0
aptos_2204,data/raw/images/aptos_2204.png,0,No DR,0
aptos_2205,data/raw/images/aptos_2205.png,2,Moderate DR,1
aptos_2206,data/raw/images/aptos_2206.png,0,No DR,0
aptos_2207,data/raw/images/aptos_2207.png,3,Severe DR,1
aptos_2208,data/raw/images/aptos_2208.png,2,Moderate DR,1
aptos_2209,data/raw/images/aptos_2209.png,2,Moderate DR,1
aptos_2210,data/raw/images/aptos_2210.png,2,Moderate DR,1
aptos_2211,data/raw/images/aptos_2211.png,0,No DR,0
aptos_2212,data/raw/images/aptos_2212.png,0,No DR,0
aptos_2213,data/raw/images/aptos_2213.png,0,No DR,0
aptos_2214,data/raw/images/aptos_2214.png,2,Moderate DR,1
aptos_2215,data/raw/images/aptos_2215.png,2,Moderate DR,1
aptos_2216,data/raw/images/aptos_2216.png,0,No DR,0
aptos_2217,data/raw/images/aptos_2217.png,3,Severe DR,1
aptos_2218,data/raw/images/aptos_2218.png,0,No DR,0
aptos_2219,data/raw/images/aptos_2219.png,0,No DR,0
aptos_2220,data/raw/images/aptos_2220.png,0,No DR,0
aptos_2221,data/raw/images/aptos_2221.png,0,No DR,0
aptos_2222,data/raw/images/aptos_2222.png,3,Severe DR,1
aptos_2223,data/raw/images/aptos_2223.png,2,Moderate DR,1
aptos_2224,data/raw/images/aptos_2224.png,0,No DR,0
aptos_2225,data/raw/images/aptos_2225.png,0,No DR,0
aptos_2226,data/raw/images/aptos_2226.png,3,Severe DR,1
aptos_2227,data/raw/images/aptos_2227.png,2,Moderate DR,1
aptos_2228,data/raw/images/aptos_2228.png,0,No DR,0
aptos_2229,data/raw/images/aptos_2229.png,4,Proliferative DR,1
aptos_2230,data/raw/images/aptos_2230.png,0,No DR,0
aptos_2231,data/raw/images/aptos_2231.png,4,Proliferative DR,1
aptos_2232,data/raw/images/aptos_2232.png,0,No DR,0
aptos_2233,data/raw/images/aptos_2233.png,2,Moderate DR,1
aptos_2234,data/raw/images/aptos_2234.png,0,No DR,0
aptos_2235,data/raw/images/aptos_2235.png,0,No DR,0
aptos_2236,data/raw/images/aptos_2236.png,0,No DR,0
aptos_2237,data/raw/images/aptos_2237.png,2,Moderate DR,1
aptos_2238,data/raw/images/aptos_2238.png,0,No DR,0
aptos_2239,data/raw/images/aptos_2239.png,2,Moderate DR,1
aptos_2240,data/raw/images/aptos_2240.png,2,Moderate DR,1
aptos_2241,data/raw/images/aptos_2241.png,2,Moderate DR,1
aptos_2242,data/raw/images/aptos_2242.png,2,Moderate DR,1
aptos_2243,data/raw/images/aptos_2243.png,0,No DR,0
aptos_2244,data/raw/images/aptos_2244.png,2,Moderate DR,1
aptos_2245,data/raw/images/aptos_2245.png,0,No DR,0
aptos_2246,data/raw/images/aptos_2246.png,0,No DR,0
aptos_2247,data/raw/images/aptos_2247.png,0,No DR,0
aptos_2248,data/raw/images/aptos_2248.png,4,Proliferative DR,1
aptos_2249,data/raw/images/aptos_2249.png,0,No DR,0
aptos_2250,data/raw/images/aptos_2250.png,2,Moderate DR,1
aptos_2251,data/raw/images/aptos_2251.png,0,No DR,0
aptos_2252,data/raw/images/aptos_2252.png,0,No DR,0
aptos_2253,data/raw/images/aptos_2253.png,2,Moderate DR,1
aptos_2254,data/raw/images/aptos_2254.png,1,Mild DR,1
aptos_2255,data/raw/images/aptos_2255.png,1,Mild DR,1
aptos_2256,data/raw/images/aptos_2256.png,0,No DR,0
aptos_2257,data/raw/images/aptos_2257.png,0,No DR,0
aptos_2258,data/raw/images/aptos_2258.png,2,Moderate DR,1
aptos_2259,data/raw/images/aptos_2259.png,0,No DR,0
aptos_2260,data/raw/images/aptos_2260.png,3,Severe DR,1
aptos_2261,data/raw/images/aptos_2261.png,2,Moderate DR,1
aptos_2262,data/raw/images/aptos_2262.png,2,Moderate DR,1
aptos_2263,data/raw/images/aptos_2263.png,2,Moderate DR,1
aptos_2264,data/raw/images/aptos_2264.png,0,No DR,0
aptos_2265,data/raw/images/aptos_2265.png,0,No DR,0
aptos_2266,data/raw/images/aptos_2266.png,0,No DR,0
aptos_2267,data/raw/images/aptos_2267.png,2,Moderate DR,1
aptos_2268,data/raw/images/aptos_2268.png,4,Proliferative DR,1
aptos_2269,data/raw/images/aptos_2269.png,3,Severe DR,1
aptos_2270,data/raw/images/aptos_2270.png,1,Mild DR,1
aptos_2271,data/raw/images/aptos_2271.png,1,Mild DR,1
aptos_2272,data/raw/images/aptos_2272.png,2,Moderate DR,1
aptos_2273,data/raw/images/aptos_2273.png,2,Moderate DR,1
aptos_2274,data/raw/images/aptos_2274.png,2,Moderate DR,1
aptos_2275,data/raw/images/aptos_2275.png,0,No DR,0
aptos_2276,data/raw/images/aptos_2276.png,0,No DR,0
aptos_2277,data/raw/images/aptos_2277.png,2,Moderate DR,1
aptos_2278,data/raw/images/aptos_2278.png,0,No DR,0
aptos_2279,data/raw/images/aptos_2279.png,0,No DR,0
aptos_2280,data/raw/images/aptos_2280.png,2,Moderate DR,1
aptos_2281,data/raw/images/aptos_2281.png,0,No DR,0
aptos_2282,data/raw/images/aptos_2282.png,0,No DR,0
aptos_2283,data/raw/images/aptos_2283.png,0,No DR,0
aptos_2284,data/raw/images/aptos_2284.png,0,No DR,0
aptos_2285,data/raw/images/aptos_2285.png,0,No DR,0
aptos_2286,data/raw/images/aptos_2286.png,2,Moderate DR,1
aptos_2287,data/raw/images/aptos_2287.png,0,No DR,0
aptos_2288,data/raw/images/aptos_2288.png,0,No DR,0
aptos_2289,data/raw/images/aptos_2289.png,4,Proliferative DR,1
aptos_2290,data/raw/images/aptos_2290.png,2,Moderate DR,1
aptos_2291,data/raw/images/aptos_2291.png,0,No DR,0
aptos_2292,data/raw/images/aptos_2292.png,0,No DR,0
aptos_2293,data/raw/images/aptos_2293.png,4,Proliferative DR,1
aptos_2294,data/raw/images/aptos_2294.png,0,No DR,0
aptos_2295,data/raw/images/aptos_2295.png,2,Moderate DR,1
aptos_2296,data/raw/images/aptos_2296.png,0,No DR,0
aptos_2297,data/raw/images/aptos_2297.png,3,Severe DR,1
aptos_2298,data/raw/images/aptos_2298.png,3,Severe DR,1
aptos_2299,data/raw/images/aptos_2299.png,2,Moderate DR,1
aptos_2300,data/raw/images/aptos_2300.png,2,Moderate DR,1
aptos_2301,data/raw/images/aptos_2301.png,2,Moderate DR,1
aptos_2302,data/raw/images/aptos_2302.png,2,Moderate DR,1
aptos_2303,data/raw/images/aptos_2303.png,0,No DR,0
aptos_2304,data/raw/images/aptos_2304.png,4,Proliferative DR,1
aptos_2305,data/raw/images/aptos_2305.png,0,No DR,0
aptos_2306,data/raw/images/aptos_2306.png,0,No DR,0
aptos_2307,data/raw/images/aptos_2307.png,2,Moderate DR,1
aptos_2308,data/raw/images/aptos_2308.png,1,Mild DR,1
aptos_2309,data/raw/images/aptos_2309.png,2,Moderate DR,1
aptos_2310,data/raw/images/aptos_2310.png,0,No DR,0
aptos_2311,data/raw/images/aptos_2311.png,0,No DR,0
aptos_2312,data/raw/images/aptos_2312.png,0,No DR,0
aptos_2313,data/raw/images/aptos_2313.png,0,No DR,0
aptos_2314,data/raw/images/aptos_2314.png,0,No DR,0
aptos_2315,data/raw/images/aptos_2315.png,0,No DR,0
aptos_2316,data/raw/images/aptos_2316.png,2,Moderate DR,1
aptos_2317,data/raw/images/aptos_2317.png,0,No DR,0
aptos_2318,data/raw/images/aptos_2318.png,1,Mild DR,1
aptos_2319,data/raw/images/aptos_2319.png,0,No DR,0
aptos_2320,data/raw/images/aptos_2320.png,0,No DR,0
aptos_2321,data/raw/images/aptos_2321.png,1,Mild DR,1
aptos_2322,data/raw/images/aptos_2322.png,2,Moderate DR,1
aptos_2323,data/raw/images/aptos_2323.png,0,No DR,0
aptos_2324,data/raw/images/aptos_2324.png,0,No DR,0
aptos_2325,data/raw/images/aptos_2325.png,2,Moderate DR,1
aptos_2326,data/raw/images/aptos_2326.png,4,Proliferative DR,1
aptos_2327,data/raw/images/aptos_2327.png,0,No DR,0
aptos_2328,data/raw/images/aptos_2328.png,0,No DR,0
aptos_2329,data/raw/images/aptos_2329.png,0,No DR,0
aptos_2330,data/raw/images/aptos_2330.png,1,Mild DR,1
aptos_2331,data/raw/images/aptos_2331.png,4,Proliferative DR,1
aptos_2332,data/raw/images/aptos_2332.png,2,Moderate DR,1
aptos_2333,data/raw/images/aptos_2333.png,0,No DR,0
aptos_2334,data/raw/images/aptos_2334.png,2,Moderate DR,1
aptos_2335,data/raw/images/aptos_2335.png,2,Moderate DR,1
aptos_2336,data/raw/images/aptos_2336.png,0,No DR,0
aptos_2337,data/raw/images/aptos_2337.png,2,Moderate DR,1
aptos_2338,data/raw/images/aptos_2338.png,2,Moderate DR,1
aptos_2339,data/raw/images/aptos_2339.png,1,Mild DR,1
aptos_2340,data/raw/images/aptos_2340.png,2,Moderate DR,1
aptos_2341,data/raw/images/aptos_2341.png,0,No DR,0
aptos_2342,data/raw/images/aptos_2342.png,1,Mild DR,1
aptos_2343,data/raw/images/aptos_2343.png,4,Proliferative DR,1
aptos_2344,data/raw/images/aptos_2344.png,0,No DR,0
aptos_2345,data/raw/images/aptos_2345.png,0,No DR,0
aptos_2346,data/raw/images/aptos_2346.png,2,Moderate DR,1
aptos_2347,data/raw/images/aptos_2347.png,0,No DR,0
aptos_2348,data/raw/images/aptos_2348.png,1,Mild DR,1
aptos_2349,data/raw/images/aptos_2349.png,0,No DR,0
aptos_2350,data/raw/images/aptos_2350.png,2,Moderate DR,1
aptos_2351,data/raw/images/aptos_2351.png,1,Mild DR,1
aptos_2352,data/raw/images/aptos_2352.png,2,Moderate DR,1
aptos_2353,data/raw/images/aptos_2353.png,2,Moderate DR,1
aptos_2354,data/raw/images/aptos_2354.png,0,No DR,0
aptos_2355,data/raw/images/aptos_2355.png,2,Moderate DR,1
aptos_2356,data/raw/images/aptos_2356.png,3,Severe DR,1
aptos_2357,data/raw/images/aptos_2357.png,2,Moderate DR,1
aptos_2358,data/raw/images/aptos_2358.png,3,Severe DR,1
aptos_2359,data/raw/images/aptos_2359.png,0,No DR,0
aptos_2360,data/raw/images/aptos_2360.png,2,Moderate DR,1
aptos_2361,data/raw/images/aptos_2361.png,0,No DR,0
aptos_2362,data/raw/images/aptos_2362.png,0,No DR,0
aptos_2363,data/raw/images/aptos_2363.png,2,Moderate DR,1
aptos_2364,data/raw/images/aptos_2364.png,2,Moderate DR,1
aptos_2365,data/raw/images/aptos_2365.png,1,Mild DR,1
aptos_2366,data/raw/images/aptos_2366.png,0,No DR,0
aptos_2367,data/raw/images/aptos_2367.png,4,Proliferative DR,1
aptos_2368,data/raw/images/aptos_2368.png,0,No DR,0
aptos_2369,data/raw/images/aptos_2369.png,0,No DR,0
aptos_2370,data/raw/images/aptos_2370.png,0,No DR,0
aptos_2371,data/raw/images/aptos_2371.png,2,Moderate DR,1
aptos_2372,data/raw/images/aptos_2372.png,0,No DR,0
aptos_2373,data/raw/images/aptos_2373.png,2,Moderate DR,1
aptos_2374,data/raw/images/aptos_2374.png,0,No DR,0
aptos_2375,data/raw/images/aptos_2375.png,0,No DR,0
aptos_2376,data/raw/images/aptos_2376.png,2,Moderate DR,1
aptos_2377,data/raw/images/aptos_2377.png,2,Moderate DR,1
aptos_2378,data/raw/images/aptos_2378.png,0,No DR,0
aptos_2379,data/raw/images/aptos_2379.png,0,No DR,0
aptos_2380,data/raw/images/aptos_2380.png,2,Moderate DR,1
aptos_2381,data/raw/images/aptos_2381.png,0,No DR,0
aptos_2382,data/raw/images/aptos_2382.png,2,Moderate DR,1
aptos_2383,data/raw/images/aptos_2383.png,4,Proliferative DR,1
aptos_2384,data/raw/images/aptos_2384.png,0,No DR,0
aptos_2385,data/raw/images/aptos_2385.png,2,Moderate DR,1
aptos_2386,data/raw/images/aptos_2386.png,0,No DR,0
aptos_2387,data/raw/images/aptos_2387.png,0,No DR,0
aptos_2388,data/raw/images/aptos_2388.png,1,Mild DR,1
aptos_2389,data/raw/images/aptos_2389.png,0,No DR,0
aptos_2390,data/raw/images/aptos_2390.png,3,Severe DR,1
aptos_2391,data/raw/images/aptos_2391.png,0,No DR,0
aptos_2392,data/raw/images/aptos_2392.png,4,Proliferative DR,1
aptos_2393,data/raw/images/aptos_2393.png,1,Mild DR,1
aptos_2394,data/raw/images/aptos_2394.png,0,No DR,0
aptos_2395,data/raw/images/aptos_2395.png,2,Moderate DR,1
aptos_2396,data/raw/images/aptos_2396.png,0,No DR,0
aptos_2397,data/raw/images/aptos_2397.png,2,Moderate DR,1
aptos_2398,data/raw/images/aptos_2398.png,2,Moderate DR,1
aptos_2399,data/raw/images/aptos_2399.png,0,No DR,0
aptos_2400,data/raw/images/aptos_2400.png,1,Mild DR,1
aptos_2401,data/raw/images/aptos_2401.png,2,Moderate DR,1
aptos_2402,data/raw/images/aptos_2402.png,3,Severe DR,1
aptos_2403,data/raw/images/aptos_2403.png,4,Proliferative DR,1
aptos_2404,data/raw/images/aptos_2404.png,0,No DR,0
aptos_2405,data/raw/images/aptos_2405.png,0,No DR,0
aptos_2406,data/raw/images/aptos_2406.png,0,No DR,0
aptos_2407,data/raw/images/aptos_2407.png,1,Mild DR,1
aptos_2408,data/raw/images/aptos_2408.png,0,No DR,0
aptos_2409,data/raw/images/aptos_2409.png,0,No DR,0
aptos_2410,data/raw/images/aptos_2410.png,2,Moderate DR,1
aptos_2411,data/raw/images/aptos_2411.png,2,Moderate DR,1
aptos_2412,data/raw/images/aptos_2412.png,2,Moderate DR,1
aptos_2413,data/raw/images/aptos_2413.png,2,Moderate DR,1
aptos_2414,data/raw/images/aptos_2414.png,0,No DR,0
aptos_2415,data/raw/images/aptos_2415.png,0,No DR,0
aptos_2416,data/raw/images/aptos_2416.png,2,Moderate DR,1
aptos_2417,data/raw/images/aptos_2417.png,0,No DR,0
aptos_2418,data/raw/images/aptos_2418.png,0,No DR,0
aptos_2419,data/raw/images/aptos_2419.png,0,No DR,0
aptos_2420,data/raw/images/aptos_2420.png,0,No DR,0
aptos_2421,data/raw/images/aptos_2421.png,1,Mild DR,1
aptos_2422,data/raw/images/aptos_2422.png,1,Mild DR,1
aptos_2423,data/raw/images/aptos_2423.png,0,No DR,0
aptos_2424,data/raw/images/aptos_2424.png,0,No DR,0
aptos_2425,data/raw/images/aptos_2425.png,2,Moderate DR,1
aptos_2426,data/raw/images/aptos_2426.png,3,Severe DR,1
aptos_2427,data/raw/images/aptos_2427.png,2,Moderate DR,1
aptos_2428,data/raw/images/aptos_2428.png,2,Moderate DR,1
aptos_2429,data/raw/images/aptos_2429.png,0,No DR,0
aptos_2430,data/raw/images/aptos_2430.png,1,Mild DR,1
aptos_2431,data/raw/images/aptos_2431.png,0,No DR,0
aptos_2432,data/raw/images/aptos_2432.png,0,No DR,0
aptos_2433,data/raw/images/aptos_2433.png,0,No DR,0
aptos_2434,data/raw/images/aptos_2434.png,0,No DR,0
aptos_2435,data/raw/images/aptos_2435.png,2,Moderate DR,1
aptos_2436,data/raw/images/aptos_2436.png,0,No DR,0
aptos_2437,data/raw/images/aptos_2437.png,0,No DR,0
aptos_2438,data/raw/images/aptos_2438.png,0,No DR,0
aptos_2439,data/raw/images/aptos_2439.png,2,Moderate DR,1
aptos_2440,data/raw/images/aptos_2440.png,2,Moderate DR,1
aptos_2441,data/raw/images/aptos_2441.png,0,No DR,0
aptos_2442,data/raw/images/aptos_2442.png,0,No DR,0
aptos_2443,data/raw/images/aptos_2443.png,3,Severe DR,1
aptos_2444,data/raw/images/aptos_2444.png,2,Moderate DR,1
aptos_2445,data/raw/images/aptos_2445.png,0,No DR,0
aptos_2446,data/raw/images/aptos_2446.png,2,Moderate DR,1
aptos_2447,data/raw/images/aptos_2447.png,0,No DR,0
aptos_2448,data/raw/images/aptos_2448.png,2,Moderate DR,1
aptos_2449,data/raw/images/aptos_2449.png,0,No DR,0
aptos_2450,data/raw/images/aptos_2450.png,0,No DR,0
aptos_2451,data/raw/images/aptos_2451.png,4,Proliferative DR,1
aptos_2452,data/raw/images/aptos_2452.png,2,Moderate DR,1
aptos_2453,data/raw/images/aptos_2453.png,0,No DR,0
aptos_2454,data/raw/images/aptos_2454.png,0,No DR,0
aptos_2455,data/raw/images/aptos_2455.png,2,Moderate DR,1
aptos_2456,data/raw/images/aptos_2456.png,2,Moderate DR,1
aptos_2457,data/raw/images/aptos_2457.png,0,No DR,0
aptos_2458,data/raw/images/aptos_2458.png,0,No DR,0
aptos_2459,data/raw/images/aptos_2459.png,2,Moderate DR,1
aptos_2460,data/raw/images/aptos_2460.png,3,Severe DR,1
aptos_2461,data/raw/images/aptos_2461.png,0,No DR,0
aptos_2462,data/raw/images/aptos_2462.png,0,No DR,0
aptos_2463,data/raw/images/aptos_2463.png,0,No DR,0
aptos_2464,data/raw/images/aptos_2464.png,4,Proliferative DR,1
aptos_2465,data/raw/images/aptos_2465.png,0,No DR,0
aptos_2466,data/raw/images/aptos_2466.png,0,No DR,0
aptos_2467,data/raw/images/aptos_2467.png,2,Moderate DR,1
aptos_2468,data/raw/images/aptos_2468.png,0,No DR,0
aptos_2469,data/raw/images/aptos_2469.png,0,No DR,0
aptos_2470,data/raw/images/aptos_2470.png,0,No DR,0
aptos_2471,data/raw/images/aptos_2471.png,0,No DR,0
aptos_2472,data/raw/images/aptos_2472.png,0,No DR,0
aptos_2473,data/raw/images/aptos_2473.png,0,No DR,0
aptos_2474,data/raw/images/aptos_2474.png,3,Severe DR,1
aptos_2475,data/raw/images/aptos_2475.png,1,Mild DR,1
aptos_2476,data/raw/images/aptos_2476.png,0,No DR,0
aptos_2477,data/raw/images/aptos_2477.png,1,Mild DR,1
aptos_2478,data/raw/images/aptos_2478.png,0,No DR,0
aptos_2479,data/raw/images/aptos_2479.png,2,Moderate DR,1
aptos_2480,data/raw/images/aptos_2480.png,2,Moderate DR,1
aptos_2481,data/raw/images/aptos_2481.png,0,No DR,0
aptos_2482,data/raw/images/aptos_2482.png,0,No DR,0
aptos_2483,data/raw/images/aptos_2483.png,0,No DR,0
aptos_2484,data/raw/images/aptos_2484.png,2,Moderate DR,1
aptos_2485,data/raw/images/aptos_2485.png,2,Moderate DR,1
aptos_2486,data/raw/images/aptos_2486.png,2,Moderate DR,1
aptos_2487,data/raw/images/aptos_2487.png,0,No DR,0
aptos_2488,data/raw/images/aptos_2488.png,2,Moderate DR,1
aptos_2489,data/raw/images/aptos_2489.png,2,Moderate DR,1
aptos_2490,data/raw/images/aptos_2490.png,0,No DR,0
aptos_2491,data/raw/images/aptos_2491.png,0,No DR,0
aptos_2492,data/raw/images/aptos_2492.png,0,No DR,0
aptos_2493,data/raw/images/aptos_2493.png,0,No DR,0
aptos_2494,data/raw/images/aptos_2494.png,0,No DR,0
aptos_2495,data/raw/images/aptos_2495.png,0,No DR,0
aptos_2496,data/raw/images/aptos_2496.png,1,Mild DR,1
aptos_2497,data/raw/images/aptos_2497.png,0,No DR,0
aptos_2498,data/raw/images/aptos_2498.png,3,Severe DR,1
aptos_2499,data/raw/images/aptos_2499.png,0,No DR,0
aptos_2500,data/raw/images/aptos_2500.png,1,Mild DR,1
aptos_2501,data/raw/images/aptos_2501.png,2,Moderate DR,1
aptos_2502,data/raw/images/aptos_2502.png,0,No DR,0
aptos_2503,data/raw/images/aptos_2503.png,0,No DR,0
aptos_2504,data/raw/images/aptos_2504.png,0,No DR,0
aptos_2505,data/raw/images/aptos_2505.png,3,Severe DR,1
aptos_2506,data/raw/images/aptos_2506.png,2,Moderate DR,1
aptos_2507,data/raw/images/aptos_2507.png,0,No DR,0
aptos_2508,data/raw/images/aptos_2508.png,2,Moderate DR,1
aptos_2509,data/raw/images/aptos_2509.png,0,No DR,0
aptos_2510,data/raw/images/aptos_2510.png,0,No DR,0
aptos_2511,data/raw/images/aptos_2511.png,0,No DR,0
aptos_2512,data/raw/images/aptos_2512.png,0,No DR,0
aptos_2513,data/raw/images/aptos_2513.png,0,No DR,0
aptos_2514,data/raw/images/aptos_2514.png,0,No DR,0
aptos_2515,data/raw/images/aptos_2515.png,0,No DR,0
aptos_2516,data/raw/images/aptos_2516.png,0,No DR,0
aptos_2517,data/raw/images/aptos_2517.png,2,Moderate DR,1
aptos_2518,data/raw/images/aptos_2518.png,1,Mild DR,1
aptos_2519,data/raw/images/aptos_2519.png,0,No DR,0
aptos_2520,data/raw/images/aptos_2520.png,0,No DR,0
aptos_2521,data/raw/images/aptos_2521.png,3,Severe DR,1
aptos_2522,data/raw/images/aptos_2522.png,0,No DR,0
aptos_2523,data/raw/images/aptos_2523.png,0,No DR,0
aptos_2524,data/raw/images/aptos_2524.png,0,No DR,0
aptos_2525,data/raw/images/aptos_2525.png,0,No DR,0
aptos_2526,data/raw/images/aptos_2526.png,0,No DR,0
aptos_2527,data/raw/images/aptos_2527.png,2,Moderate DR,1
aptos_2528,data/raw/images/aptos_2528.png,4,Proliferative DR,1
aptos_2529,data/raw/images/aptos_2529.png,2,Moderate DR,1
aptos_2530,data/raw/images/aptos_2530.png,1,Mild DR,1
aptos_2531,data/raw/images/aptos_2531.png,0,No DR,0
aptos_2532,data/raw/images/aptos_2532.png,3,Severe DR,1
aptos_2533,data/raw/images/aptos_2533.png,0,No DR,0
aptos_2534,data/raw/images/aptos_2534.png,0,No DR,0
aptos_2535,data/raw/images/aptos_2535.png,0,No DR,0
aptos_2536,data/raw/images/aptos_2536.png,0,No DR,0
aptos_2537,data/raw/images/aptos_2537.png,2,Moderate DR,1
aptos_2538,data/raw/images/aptos_2538.png,2,Moderate DR,1
aptos_2539,data/raw/images/aptos_2539.png,0,No DR,0
aptos_2540,data/raw/images/aptos_2540.png,2,Moderate DR,1
aptos_2541,data/raw/images/aptos_2541.png,0,No DR,0
aptos_2542,data/raw/images/aptos_2542.png,0,No DR,0
aptos_2543,data/raw/images/aptos_2543.png,3,Severe DR,1
aptos_2544,data/raw/images/aptos_2544.png,2,Moderate DR,1
aptos_2545,data/raw/images/aptos_2545.png,0,No DR,0
aptos_2546,data/raw/images/aptos_2546.png,0,No DR,0
aptos_2547,data/raw/images/aptos_2547.png,2,Moderate DR,1
aptos_2548,data/raw/images/aptos_2548.png,1,Mild DR,1
aptos_2549,data/raw/images/aptos_2549.png,0,No DR,0
aptos_2550,data/raw/images/aptos_2550.png,0,No DR,0
aptos_2551,data/raw/images/aptos_2551.png,0,No DR,0
aptos_2552,data/raw/images/aptos_2552.png,0,No DR,0
aptos_2553,data/raw/images/aptos_2553.png,0,No DR,0
aptos_2554,data/raw/images/aptos_2554.png,0,No DR,0
aptos_2555,data/raw/images/aptos_2555.png,2,Moderate DR,1
aptos_2556,data/raw/images/aptos_2556.png,2,Moderate DR,1
aptos_2557,data/raw/images/aptos_2557.png,2,Moderate DR,1
aptos_2558,data/raw/images/aptos_2558.png,2,Moderate DR,1
aptos_2559,data/raw/images/aptos_2559.png,0,No DR,0
aptos_2560,data/raw/images/aptos_2560.png,0,No DR,0
aptos_2561,data/raw/images/aptos_2561.png,0,No DR,0
aptos_2562,data/raw/images/aptos_2562.png,1,Mild DR,1
aptos_2563,data/raw/images/aptos_2563.png,0,No DR,0
aptos_2564,data/raw/images/aptos_2564.png,2,Moderate DR,1
aptos_2565,data/raw/images/aptos_2565.png,0,No DR,0
aptos_2566,data/raw/images/aptos_2566.png,1,Mild DR,1
aptos_2567,data/raw/images/aptos_2567.png,2,Moderate DR,1
aptos_2568,data/raw/images/aptos_2568.png,3,Severe DR,1
aptos_2569,data/raw/images/aptos_2569.png,4,Proliferative DR,1
aptos_2570,data/raw/images/aptos_2570.png,0,No DR,0
aptos_2571,data/raw/images/aptos_2571.png,2,Moderate DR,1
aptos_2572,data/raw/images/aptos_2572.png,0,No DR,0
aptos_2573,data/raw/images/aptos_2573.png,0,No DR,0
aptos_2574,data/raw/images/aptos_2574.png,1,Mild DR,1
aptos_2575,data/raw/images/aptos_2575.png,0,No DR,0
aptos_2576,data/raw/images/aptos_2576.png,2,Moderate DR,1
aptos_2577,data/raw/images/aptos_2577.png,0,No DR,0
aptos_2578,data/raw/images/aptos_2578.png,2,Moderate DR,1
aptos_2579,data/raw/images/aptos_2579.png,0,No DR,0
aptos_2580,data/raw/images/aptos_2580.png,0,No DR,0
aptos_2581,data/raw/images/aptos_2581.png,3,Severe DR,1
aptos_2582,data/raw/images/aptos_2582.png,3,Severe DR,1
aptos_2583,data/raw/images/aptos_2583.png,0,No DR,0
aptos_2584,data/raw/images/aptos_2584.png,0,No DR,0
aptos_2585,data/raw/images/aptos_2585.png,2,Moderate DR,1
aptos_2586,data/raw/images/aptos_2586.png,4,Proliferative DR,1
aptos_2587,data/raw/images/aptos_2587.png,4,Proliferative DR,1
aptos_2588,data/raw/images/aptos_2588.png,0,No DR,0
aptos_2589,data/raw/images/aptos_2589.png,2,Moderate DR,1
aptos_2590,data/raw/images/aptos_2590.png,2,Moderate DR,1
aptos_2591,data/raw/images/aptos_2591.png,3,Severe DR,1
aptos_2592,data/raw/images/aptos_2592.png,0,No DR,0
aptos_2593,data/raw/images/aptos_2593.png,2,Moderate DR,1
aptos_2594,data/raw/images/aptos_2594.png,2,Moderate DR,1
aptos_2595,data/raw/images/aptos_2595.png,0,No DR,0
aptos_2596,data/raw/images/aptos_2596.png,0,No DR,0
aptos_2597,data/raw/images/aptos_2597.png,2,Moderate DR,1
aptos_2598,data/raw/images/aptos_2598.png,0,No DR,0
aptos_2599,data/raw/images/aptos_2599.png,2,Moderate DR,1
aptos_2600,data/raw/images/aptos_2600.png,4,Proliferative DR,1
aptos_2601,data/raw/images/aptos_2601.png,0,No DR,0
aptos_2602,data/raw/images/aptos_2602.png,0,No DR,0
aptos_2603,data/raw/images/aptos_2603.png,1,Mild DR,1
aptos_2604,data/raw/images/aptos_2604.png,1,Mild DR,1
aptos_2605,data/raw/images/aptos_2605.png,0,No DR,0
aptos_2606,data/raw/images/aptos_2606.png,0,No DR,0
aptos_2607,data/raw/images/aptos_2607.png,0,No DR,0
aptos_2608,data/raw/images/aptos_2608.png,0,No DR,0
aptos_2609,data/raw/images/aptos_2609.png,4,Proliferative DR,1
aptos_2610,data/raw/images/aptos_2610.png,1,Mild DR,1
aptos_2611,data/raw/images/aptos_2611.png,2,Moderate DR,1
aptos_2612,data/raw/images/aptos_2612.png,1,Mild DR,1
aptos_2613,data/raw/images/aptos_2613.png,3,Severe DR,1
aptos_2614,data/raw/images/aptos_2614.png,0,No DR,0
aptos_2615,data/raw/images/aptos_2615.png,0,No DR,0
aptos_2616,data/raw/images/aptos_2616.png,0,No DR,0
aptos_2617,data/raw/images/aptos_2617.png,0,No DR,0
aptos_2618,data/raw/images/aptos_2618.png,2,Moderate DR,1
aptos_2619,data/raw/images/aptos_2619.png,0,No DR,0
aptos_2620,data/raw/images/aptos_2620.png,2,Moderate DR,1
aptos_2621,data/raw/images/aptos_2621.png,2,Moderate DR,1
aptos_2622,data/raw/images/aptos_2622.png,1,Mild DR,1
aptos_2623,data/raw/images/aptos_2623.png,0,No DR,0
aptos_2624,data/raw/images/aptos_2624.png,2,Moderate DR,1
aptos_2625,data/raw/images/aptos_2625.png,2,Moderate DR,1
aptos_2626,data/raw/images/aptos_2626.png,0,No DR,0
aptos_2627,data/raw/images/aptos_2627.png,0,No DR,0
aptos_2628,data/raw/images/aptos_2628.png,0,No DR,0
aptos_2629,data/raw/images/aptos_2629.png,1,Mild DR,1
aptos_2630,data/raw/images/aptos_2630.png,0,No DR,0
aptos_2631,data/raw/images/aptos_2631.png,3,Severe DR,1
aptos_2632,data/raw/images/aptos_2632.png,0,No DR,0
aptos_2633,data/raw/images/aptos_2633.png,0,No DR,0
aptos_2634,data/raw/images/aptos_2634.png,4,Proliferative DR,1
aptos_2635,data/raw/images/aptos_2635.png,0,No DR,0
aptos_2636,data/raw/images/aptos_2636.png,1,Mild DR,1
aptos_2637,data/raw/images/aptos_2637.png,1,Mild DR,1
aptos_2638,data/raw/images/aptos_2638.png,0,No DR,0
aptos_2639,data/raw/images/aptos_2639.png,0,No DR,0
aptos_2640,data/raw/images/aptos_2640.png,0,No DR,0
aptos_2641,data/raw/images/aptos_2641.png,2,Moderate DR,1
aptos_2642,data/raw/images/aptos_2642.png,0,No DR,0
aptos_2643,data/raw/images/aptos_2643.png,0,No DR,0
aptos_2644,data/raw/images/aptos_2644.png,2,Moderate DR,1
aptos_2645,data/raw/images/aptos_2645.png,0,No DR,0
aptos_2646,data/raw/images/aptos_2646.png,4,Proliferative DR,1
aptos_2647,data/raw/images/aptos_2647.png,0,No DR,0
aptos_2648,data/raw/images/aptos_2648.png,0,No DR,0
aptos_2649,data/raw/images/aptos_2649.png,0,No DR,0
aptos_2650,data/raw/images/aptos_2650.png,0,No DR,0
aptos_2651,data/raw/images/aptos_2651.png,0,No DR,0
aptos_2652,data/raw/images/aptos_2652.png,3,Severe DR,1
aptos_2653,data/raw/images/aptos_2653.png,0,No DR,0
aptos_2654,data/raw/images/aptos_2654.png,0,No DR,0
aptos_2655,data/raw/images/aptos_2655.png,2,Moderate DR,1
aptos_2656,data/raw/images/aptos_2656.png,0,No DR,0
aptos_2657,data/raw/images/aptos_2657.png,0,No DR,0
aptos_2658,data/raw/images/aptos_2658.png,2,Moderate DR,1
aptos_2659,data/raw/images/aptos_2659.png,0,No DR,0
aptos_2660,data/raw/images/aptos_2660.png,0,No DR,0
aptos_2661,data/raw/images/aptos_2661.png,4,Proliferative DR,1
aptos_2662,data/raw/images/aptos_2662.png,2,Moderate DR,1
aptos_2663,data/raw/images/aptos_2663.png,2,Moderate DR,1
aptos_2664,data/raw/images/aptos_2664.png,0,No DR,0
aptos_2665,data/raw/images/aptos_2665.png,0,No DR,0
aptos_2666,data/raw/images/aptos_2666.png,0,No DR,0
aptos_2667,data/raw/images/aptos_2667.png,1,Mild DR,1
aptos_2668,data/raw/images/aptos_2668.png,2,Moderate DR,1
aptos_2669,data/raw/images/aptos_2669.png,2,Moderate DR,1
aptos_2670,data/raw/images/aptos_2670.png,4,Proliferative DR,1
aptos_2671,data/raw/images/aptos_2671.png,2,Moderate DR,1
aptos_2672,data/raw/images/aptos_2672.png,2,Moderate DR,1
aptos_2673,data/raw/images/aptos_2673.png,2,Moderate DR,1
aptos_2674,data/raw/images/aptos_2674.png,0,No DR,0
aptos_2675,data/raw/images/aptos_2675.png,1,Mild DR,1
aptos_2676,data/raw/images/aptos_2676.png,0,No DR,0
aptos_2677,data/raw/images/aptos_2677.png,2,Moderate DR,1
aptos_2678,data/raw/images/aptos_2678.png,3,Severe DR,1
aptos_2679,data/raw/images/aptos_2679.png,0,No DR,0
aptos_2680,data/raw/images/aptos_2680.png,4,Proliferative DR,1
aptos_2681,data/raw/images/aptos_2681.png,2,Moderate DR,1
aptos_2682,data/raw/images/aptos_2682.png,2,Moderate DR,1
aptos_2683,data/raw/images/aptos_2683.png,4,Proliferative DR,1
aptos_2684,data/raw/images/aptos_2684.png,2,Moderate DR,1
aptos_2685,data/raw/images/aptos_2685.png,2,Moderate DR,1
aptos_2686,data/raw/images/aptos_2686.png,1,Mild DR,1
aptos_2687,data/raw/images/aptos_2687.png,0,No DR,0
aptos_2688,data/raw/images/aptos_2688.png,0,No DR,0
aptos_2689,data/raw/images/aptos_2689.png,0,No DR,0
aptos_2690,data/raw/images/aptos_2690.png,0,No DR,0
aptos_2691,data/raw/images/aptos_2691.png,0,No DR,0
aptos_2692,data/raw/images/aptos_2692.png,4,Proliferative DR,1
aptos_2693,data/raw/images/aptos_2693.png,2,Moderate DR,1
aptos_2694,data/raw/images/aptos_2694.png,2,Moderate DR,1
aptos_2695,data/raw/images/aptos_2695.png,0,No DR,0
aptos_2696,data/raw/images/aptos_2696.png,4,Proliferative DR,1
aptos_2697,data/raw/images/aptos_2697.png,0,No DR,0
aptos_2698,data/raw/images/aptos_2698.png,4,Proliferative DR,1
aptos_2699,data/raw/images/aptos_2699.png,0,No DR,0
aptos_2700,data/raw/images/aptos_2700.png,0,No DR,0
aptos_2701,data/raw/images/aptos_2701.png,0,No DR,0
aptos_2702,data/raw/images/aptos_2702.png,0,No DR,0
aptos_2703,data/raw/images/aptos_2703.png,1,Mild DR,1
aptos_2704,data/raw/images/aptos_2704.png,0,No DR,0
aptos_2705,data/raw/images/aptos_2705.png,0,No DR,0
aptos_2706,data/raw/images/aptos_2706.png,1,Mild DR,1
aptos_2707,data/raw/images/aptos_2707.png,0,No DR,0
aptos_2708,data/raw/images/aptos_2708.png,1,Mild DR,1
aptos_2709,data/raw/images/aptos_2709.png,3,Severe DR,1
aptos_2710,data/raw/images/aptos_2710.png,2,Moderate DR,1
aptos_2711,data/raw/images/aptos_2711.png,0,No DR,0
aptos_2712,data/raw/images/aptos_2712.png,1,Mild DR,1
aptos_2713,data/raw/images/aptos_2713.png,3,Severe DR,1
aptos_2714,data/raw/images/aptos_2714.png,0,No DR,0
aptos_2715,data/raw/images/aptos_2715.png,1,Mild DR,1
aptos_2716,data/raw/images/aptos_2716.png,4,Proliferative DR,1
aptos_2717,data/raw/images/aptos_2717.png,2,Moderate DR,1
aptos_2718,data/raw/images/aptos_2718.png,4,Proliferative DR,1
aptos_2719,data/raw/images/aptos_2719.png,0,No DR,0
aptos_2720,data/raw/images/aptos_2720.png,1,Mild DR,1
aptos_2721,data/raw/images/aptos_2721.png,0,No DR,0
aptos_2722,data/raw/images/aptos_2722.png,0,No DR,0
aptos_2723,data/raw/images/aptos_2723.png,0,No DR,0
aptos_2724,data/raw/images/aptos_2724.png,2,Moderate DR,1
aptos_2725,data/raw/images/aptos_2725.png,0,No DR,0
aptos_2726,data/raw/images/aptos_2726.png,2,Moderate DR,1
aptos_2727,data/raw/images/aptos_2727.png,4,Proliferative DR,1
aptos_2728,data/raw/images/aptos_2728.png,2,Moderate DR,1
aptos_2729,data/raw/images/aptos_2729.png,0,No DR,0
aptos_2730,data/raw/images/aptos_2730.png,1,Mild DR,1
aptos_2731,data/raw/images/aptos_2731.png,0,No DR,0
aptos_2732,data/raw/images/aptos_2732.png,0,No DR,0
aptos_2733,data/raw/images/aptos_2733.png,0,No DR,0
aptos_2734,data/raw/images/aptos_2734.png,4,Proliferative DR,1
aptos_2735,data/raw/images/aptos_2735.png,4,Proliferative DR,1
aptos_2736,data/raw/images/aptos_2736.png,2,Moderate DR,1
aptos_2737,data/raw/images/aptos_2737.png,2,Moderate DR,1
aptos_2738,data/raw/images/aptos_2738.png,0,No DR,0
aptos_2739,data/raw/images/aptos_2739.png,2,Moderate DR,1
aptos_2740,data/raw/images/aptos_2740.png,0,No DR,0
aptos_2741,data/raw/images/aptos_2741.png,0,No DR,0
aptos_2742,data/raw/images/aptos_2742.png,0,No DR,0
aptos_2743,data/raw/images/aptos_2743.png,4,Proliferative DR,1
aptos_2744,data/raw/images/aptos_2744.png,2,Moderate DR,1
aptos_2745,data/raw/images/aptos_2745.png,0,No DR,0
aptos_2746,data/raw/images/aptos_2746.png,2,Moderate DR,1
aptos_2747,data/raw/images/aptos_2747.png,0,No DR,0
aptos_2748,data/raw/images/aptos_2748.png,0,No DR,0
aptos_2749,data/raw/images/aptos_2749.png,2,Moderate DR,1
aptos_2750,data/raw/images/aptos_2750.png,0,No DR,0
aptos_2751,data/raw/images/aptos_2751.png,2,Moderate DR,1
aptos_2752,data/raw/images/aptos_2752.png,0,No DR,0
aptos_2753,data/raw/images/aptos_2753.png,0,No DR,0
aptos_2754,data/raw/images/aptos_2754.png,0,No DR,0
aptos_2755,data/raw/images/aptos_2755.png,0,No DR,0
aptos_2756,data/raw/images/aptos_2756.png,1,Mild DR,1
aptos_2757,data/raw/images/aptos_2757.png,0,No DR,0
aptos_2758,data/raw/images/aptos_2758.png,3,Severe DR,1
aptos_2759,data/raw/images/aptos_2759.png,0,No DR,0
aptos_2760,data/raw/images/aptos_2760.png,0,No DR,0
aptos_2761,data/raw/images/aptos_2761.png,1,Mild DR,1
aptos_2762,data/raw/images/aptos_2762.png,2,Moderate DR,1
aptos_2763,data/raw/images/aptos_2763.png,0,No DR,0
aptos_2764,data/raw/images/aptos_2764.png,2,Moderate DR,1
aptos_2765,data/raw/images/aptos_2765.png,0,No DR,0
aptos_2766,data/raw/images/aptos_2766.png,0,No DR,0
aptos_2767,data/raw/images/aptos_2767.png,3,Severe DR,1
aptos_2768,data/raw/images/aptos_2768.png,0,No DR,0
aptos_2769,data/raw/images/aptos_2769.png,0,No DR,0
aptos_2770,data/raw/images/aptos_2770.png,2,Moderate DR,1
aptos_2771,data/raw/images/aptos_2771.png,0,No DR,0
aptos_2772,data/raw/images/aptos_2772.png,2,Moderate DR,1
aptos_2773,data/raw/images/aptos_2773.png,0,No DR,0
aptos_2774,data/raw/images/aptos_2774.png,2,Moderate DR,1
aptos_2775,data/raw/images/aptos_2775.png,2,Moderate DR,1
aptos_2776,data/raw/images/aptos_2776.png,4,Proliferative DR,1
aptos_2777,data/raw/images/aptos_2777.png,2,Moderate DR,1
aptos_2778,data/raw/images/aptos_2778.png,4,Proliferative DR,1
aptos_2779,data/raw/images/aptos_2779.png,0,No DR,0
aptos_2780,data/raw/images/aptos_2780.png,0,No DR,0
aptos_2781,data/raw/images/aptos_2781.png,0,No DR,0
aptos_2782,data/raw/images/aptos_2782.png,4,Proliferative DR,1
aptos_2783,data/raw/images/aptos_2783.png,2,Moderate DR,1
aptos_2784,data/raw/images/aptos_2784.png,1,Mild DR,1
aptos_2785,data/raw/images/aptos_2785.png,2,Moderate DR,1
aptos_2786,data/raw/images/aptos_2786.png,0,No DR,0
aptos_2787,data/raw/images/aptos_2787.png,0,No DR,0
aptos_2788,data/raw/images/aptos_2788.png,1,Mild DR,1
aptos_2789,data/raw/images/aptos_2789.png,3,Severe DR,1
aptos_2790,data/raw/images/aptos_2790.png,0,No DR,0
aptos_2791,data/raw/images/aptos_2791.png,1,Mild DR,1
aptos_2792,data/raw/images/aptos_2792.png,4,Proliferative DR,1
aptos_2793,data/raw/images/aptos_2793.png,1,Mild DR,1
aptos_2794,data/raw/images/aptos_2794.png,1,Mild DR,1
aptos_2795,data/raw/images/aptos_2795.png,0,No DR,0
aptos_2796,data/raw/images/aptos_2796.png,0,No DR,0
aptos_2797,data/raw/images/aptos_2797.png,4,Proliferative DR,1
aptos_2798,data/raw/images/aptos_2798.png,0,No DR,0
aptos_2799,data/raw/images/aptos_2799.png,4,Proliferative DR,1
aptos_2800,data/raw/images/aptos_2800.png,0,No DR,0
aptos_2801,data/raw/images/aptos_2801.png,2,Moderate DR,1
aptos_2802,data/raw/images/aptos_2802.png,1,Mild DR,1
aptos_2803,data/raw/images/aptos_2803.png,1,Mild DR,1
aptos_2804,data/raw/images/aptos_2804.png,0,No DR,0
aptos_2805,data/raw/images/aptos_2805.png,0,No DR,0
aptos_2806,data/raw/images/aptos_2806.png,0,No DR,0
aptos_2807,data/raw/images/aptos_2807.png,2,Moderate DR,1
aptos_2808,data/raw/images/aptos_2808.png,0,No DR,0
aptos_2809,data/raw/images/aptos_2809.png,2,Moderate DR,1
aptos_2810,data/raw/images/aptos_2810.png,0,No DR,0
aptos_2811,data/raw/images/aptos_2811.png,2,Moderate DR,1
aptos_2812,data/raw/images/aptos_2812.png,0,No DR,0
aptos_2813,data/raw/images/aptos_2813.png,2,Moderate DR,1
aptos_2814,data/raw/images/aptos_2814.png,0,No DR,0
aptos_2815,data/raw/images/aptos_2815.png,3,Severe DR,1
aptos_2816,data/raw/images/aptos_2816.png,0,No DR,0
aptos_2817,data/raw/images/aptos_2817.png,0,No DR,0
aptos_2818,data/raw/images/aptos_2818.png,0,No DR,0
aptos_2819,data/raw/images/aptos_2819.png,0,No DR,0
aptos_2820,data/raw/images/aptos_2820.png,0,No DR,0
aptos_2821,data/raw/images/aptos_2821.png,3,Severe DR,1
aptos_2822,data/raw/images/aptos_2822.png,0,No DR,0
aptos_2823,data/raw/images/aptos_2823.png,2,Moderate DR,1
aptos_2824,data/raw/images/aptos_2824.png,0,No DR,0
aptos_2825,data/raw/images/aptos_2825.png,0,No DR,0
aptos_2826,data/raw/images/aptos_2826.png,3,Severe DR,1
aptos_2827,data/raw/images/aptos_2827.png,4,Proliferative DR,1
aptos_2828,data/raw/images/aptos_2828.png,2,Moderate DR,1
aptos_2829,data/raw/images/aptos_2829.png,2,Moderate DR,1
aptos_2830,data/raw/images/aptos_2830.png,1,Mild DR,1
aptos_2831,data/raw/images/aptos_2831.png,0,No DR,0
aptos_2832,data/raw/images/aptos_2832.png,2,Moderate DR,1
aptos_2833,data/raw/images/aptos_2833.png,1,Mild DR,1
aptos_2834,data/raw/images/aptos_2834.png,0,No DR,0
aptos_2835,data/raw/images/aptos_2835.png,2,Moderate DR,1
aptos_2836,data/raw/images/aptos_2836.png,2,Moderate DR,1
aptos_2837,data/raw/images/aptos_2837.png,2,Moderate DR,1
aptos_2838,data/raw/images/aptos_2838.png,0,No DR,0
aptos_2839,data/raw/images/aptos_2839.png,2,Moderate DR,1
aptos_2840,data/raw/images/aptos_2840.png,0,No DR,0
aptos_2841,data/raw/images/aptos_2841.png,2,Moderate DR,1
aptos_2842,data/raw/images/aptos_2842.png,1,Mild DR,1
aptos_2843,data/raw/images/aptos_2843.png,0,No DR,0
aptos_2844,data/raw/images/aptos_2844.png,0,No DR,0
aptos_2845,data/raw/images/aptos_2845.png,0,No DR,0
aptos_2846,data/raw/images/aptos_2846.png,0,No DR,0
aptos_2847,data/raw/images/aptos_2847.png,0,No DR,0
aptos_2848,data/raw/images/aptos_2848.png,0,No DR,0
aptos_2849,data/raw/images/aptos_2849.png,3,Severe DR,1
aptos_2850,data/raw/images/aptos_2850.png,2,Moderate DR,1
aptos_2851,data/raw/images/aptos_2851.png,0,No DR,0
aptos_2852,data/raw/images/aptos_2852.png,3,Severe DR,1
aptos_2853,data/raw/images/aptos_2853.png,0,No DR,0
aptos_2854,data/raw/images/aptos_2854.png,4,Proliferative DR,1
aptos_2855,data/raw/images/aptos_2855.png,2,Moderate DR,1
aptos_2856,data/raw/images/aptos_2856.png,0,No DR,0
aptos_2857,data/raw/images/aptos_2857.png,4,Proliferative DR,1
aptos_2858,data/raw/images/aptos_2858.png,0,No DR,0
aptos_2859,data/raw/images/aptos_2859.png,0,No DR,0
aptos_2860,data/raw/images/aptos_2860.png,0,No DR,0
aptos_2861,data/raw/images/aptos_2861.png,3,Severe DR,1
aptos_2862,data/raw/images/aptos_2862.png,2,Moderate DR,1
aptos_2863,data/raw/images/aptos_2863.png,0,No DR,0
aptos_2864,data/raw/images/aptos_2864.png,4,Proliferative DR,1
aptos_2865,data/raw/images/aptos_2865.png,2,Moderate DR,1
aptos_2866,data/raw/images/aptos_2866.png,0,No DR,0
aptos_2867,data/raw/images/aptos_2867.png,2,Moderate DR,1
aptos_2868,data/raw/images/aptos_2868.png,0,No DR,0
aptos_2869,data/raw/images/aptos_2869.png,2,Moderate DR,1
aptos_2870,data/raw/images/aptos_2870.png,0,No DR,0
aptos_2871,data/raw/images/aptos_2871.png,0,No DR,0
aptos_2872,data/raw/images/aptos_2872.png,2,Moderate DR,1
aptos_2873,data/raw/images/aptos_2873.png,1,Mild DR,1
aptos_2874,data/raw/images/aptos_2874.png,2,Moderate DR,1
aptos_2875,data/raw/images/aptos_2875.png,0,No DR,0
aptos_2876,data/raw/images/aptos_2876.png,3,Severe DR,1
aptos_2877,data/raw/images/aptos_2877.png,1,Mild DR,1
aptos_2878,data/raw/images/aptos_2878.png,2,Moderate DR,1
aptos_2879,data/raw/images/aptos_2879.png,0,No DR,0
aptos_2880,data/raw/images/aptos_2880.png,0,No DR,0
aptos_2881,data/raw/images/aptos_2881.png,2,Moderate DR,1
aptos_2882,data/raw/images/aptos_2882.png,0,No DR,0
aptos_2883,data/raw/images/aptos_2883.png,2,Moderate DR,1
aptos_2884,data/raw/images/aptos_2884.png,0,No DR,0
aptos_2885,data/raw/images/aptos_2885.png,0,No DR,0
aptos_2886,data/raw/images/aptos_2886.png,2,Moderate DR,1
aptos_2887,data/raw/images/aptos_2887.png,2,Moderate DR,1
aptos_2888,data/raw/images/aptos_2888.png,2,Moderate DR,1
aptos_2889,data/raw/images/aptos_2889.png,2,Moderate DR,1
aptos_2890,data/raw/images/aptos_2890.png,4,Proliferative DR,1
aptos_2891,data/raw/images/aptos_2891.png,1,Mild DR,1
aptos_2892,data/raw/images/aptos_2892.png,0,No DR,0
aptos_2893,data/raw/images/aptos_2893.png,0,No DR,0
aptos_2894,data/raw/images/aptos_2894.png,1,Mild DR,1
aptos_2895,data/raw/images/aptos_2895.png,0,No DR,0
aptos_2896,data/raw/images/aptos_2896.png,1,Mild DR,1
aptos_2897,data/raw/images/aptos_2897.png,0,No DR,0
aptos_2898,data/raw/images/aptos_2898.png,0,No DR,0
aptos_2899,data/raw/images/aptos_2899.png,0,No DR,0
aptos_2900,data/raw/images/aptos_2900.png,2,Moderate DR,1
aptos_2901,data/raw/images/aptos_2901.png,0,No DR,0
aptos_2902,data/raw/images/aptos_2902.png,3,Severe DR,1
aptos_2903,data/raw/images/aptos_2903.png,2,Moderate DR,1
aptos_2904,data/raw/images/aptos_2904.png,0,No DR,0
aptos_2905,data/raw/images/aptos_2905.png,2,Moderate DR,1
aptos_2906,data/raw/images/aptos_2906.png,1,Mild DR,1
aptos_2907,data/raw/images/aptos_2907.png,1,Mild DR,1
aptos_2908,data/raw/images/aptos_2908.png,0,No DR,0
aptos_2909,data/raw/images/aptos_2909.png,1,Mild DR,1
aptos_2910,data/raw/images/aptos_2910.png,2,Moderate DR,1
aptos_2911,data/raw/images/aptos_2911.png,1,Mild DR,1
aptos_2912,data/raw/images/aptos_2912.png,1,Mild DR,1
aptos_2913,data/raw/images/aptos_2913.png,1,Mild DR,1
aptos_2914,data/raw/images/aptos_2914.png,2,Moderate DR,1
aptos_2915,data/raw/images/aptos_2915.png,2,Moderate DR,1
aptos_2916,data/raw/images/aptos_2916.png,2,Moderate DR,1
aptos_2917,data/raw/images/aptos_2917.png,2,Moderate DR,1
aptos_2918,data/raw/images/aptos_2918.png,1,Mild DR,1
aptos_2919,data/raw/images/aptos_2919.png,2,Moderate DR,1
aptos_2920,data/raw/images/aptos_2920.png,2,Moderate DR,1
aptos_2921,data/raw/images/aptos_2921.png,0,No DR,0
aptos_2922,data/raw/images/aptos_2922.png,0,No DR,0
aptos_2923,data/raw/images/aptos_2923.png,0,No DR,0
aptos_2924,data/raw/images/aptos_2924.png,1,Mild DR,1
aptos_2925,data/raw/images/aptos_2925.png,2,Moderate DR,1
aptos_2926,data/raw/images/aptos_2926.png,0,No DR,0
aptos_2927,data/raw/images/aptos_2927.png,0,No DR,0
aptos_2928,data/raw/images/aptos_2928.png,0,No DR,0
aptos_2929,data/raw/images/aptos_2929.png,0,No DR,0
aptos_2930,data/raw/images/aptos_2930.png,1,Mild DR,1
aptos_2931,data/raw/images/aptos_2931.png,0,No DR,0
aptos_2932,data/raw/images/aptos_2932.png,4,Proliferative DR,1
aptos_2933,data/raw/images/aptos_2933.png,2,Moderate DR,1
aptos_2934,data/raw/images/aptos_2934.png,0,No DR,0
aptos_2935,data/raw/images/aptos_2935.png,2,Moderate DR,1
aptos_2936,data/raw/images/aptos_2936.png,0,No DR,0
aptos_2937,data/raw/images/aptos_2937.png,2,Moderate DR,1
aptos_2938,data/raw/images/aptos_2938.png,4,Proliferative DR,1
aptos_2939,data/raw/images/aptos_2939.png,0,No DR,0
aptos_2940,data/raw/images/aptos_2940.png,2,Moderate DR,1
aptos_2941,data/raw/images/aptos_2941.png,1,Mild DR,1
aptos_2942,data/raw/images/aptos_2942.png,2,Moderate DR,1
aptos_2943,data/raw/images/aptos_2943.png,4,Proliferative DR,1
aptos_2944,data/raw/images/aptos_2944.png,0,No DR,0
aptos_2945,data/raw/images/aptos_2945.png,2,Moderate DR,1
aptos_2946,data/raw/images/aptos_2946.png,1,Mild DR,1
aptos_2947,data/raw/images/aptos_2947.png,0,No DR,0
aptos_2948,data/raw/images/aptos_2948.png,2,Moderate DR,1
aptos_2949,data/raw/images/aptos_2949.png,2,Moderate DR,1
aptos_2950,data/raw/images/aptos_2950.png,0,No DR,0
aptos_2951,data/raw/images/aptos_2951.png,0,No DR,0
aptos_2952,data/raw/images/aptos_2952.png,0,No DR,0
aptos_2953,data/raw/images/aptos_2953.png,0,No DR,0
aptos_2954,data/raw/images/aptos_2954.png,0,No DR,0
aptos_2955,data/raw/images/aptos_2955.png,2,Moderate DR,1
aptos_2956,data/raw/images/aptos_2956.png,0,No DR,0
aptos_2957,data/raw/images/aptos_2957.png,2,Moderate DR,1
aptos_2958,data/raw/images/aptos_2958.png,1,Mild DR,1
aptos_2959,data/raw/images/aptos_2959.png,0,No DR,0
aptos_2960,data/raw/images/aptos_2960.png,2,Moderate DR,1
aptos_2961,data/raw/images/aptos_2961.png,4,Proliferative DR,1
aptos_2962,data/raw/images/aptos_2962.png,0,No DR,0
aptos_2963,data/raw/images/aptos_2963.png,1,Mild DR,1
aptos_2964,data/raw/images/aptos_2964.png,0,No DR,0
aptos_2965,data/raw/images/aptos_2965.png,0,No DR,0
aptos_2966,data/raw/images/aptos_2966.png,4,Proliferative DR,1
aptos_2967,data/raw/images/aptos_2967.png,0,No DR,0
aptos_2968,data/raw/images/aptos_2968.png,4,Proliferative DR,1
aptos_2969,data/raw/images/aptos_2969.png,2,Moderate DR,1
aptos_2970,data/raw/images/aptos_2970.png,3,Severe DR,1
aptos_2971,data/raw/images/aptos_2971.png,0,No DR,0
aptos_2972,data/raw/images/aptos_2972.png,0,No DR,0
aptos_2973,data/raw/images/aptos_2973.png,2,Moderate DR,1
aptos_2974,data/raw/images/aptos_2974.png,0,No DR,0
aptos_2975,data/raw/images/aptos_2975.png,2,Moderate DR,1
aptos_2976,data/raw/images/aptos_2976.png,0,No DR,0
aptos_2977,data/raw/images/aptos_2977.png,2,Moderate DR,1
aptos_2978,data/raw/images/aptos_2978.png,0,No DR,0
aptos_2979,data/raw/images/aptos_2979.png,1,Mild DR,1
aptos_2980,data/raw/images/aptos_2980.png,2,Moderate DR,1
aptos_2981,data/raw/images/aptos_2981.png,4,Proliferative DR,1
aptos_2982,data/raw/images/aptos_2982.png,1,Mild DR,1
aptos_2983,data/raw/images/aptos_2983.png,0,No DR,0
aptos_2984,data/raw/images/aptos_2984.png,0,No DR,0
aptos_2985,data/raw/images/aptos_2985.png,0,No DR,0
aptos_2986,data/raw/images/aptos_2986.png,0,No DR,0
aptos_2987,data/raw/images/aptos_2987.png,1,Mild DR,1
aptos_2988,data/raw/images/aptos_2988.png,0,No DR,0
aptos_2989,data/raw/images/aptos_2989.png,0,No DR,0
aptos_2990,data/raw/images/aptos_2990.png,0,No DR,0
aptos_2991,data/raw/images/aptos_2991.png,0,No DR,0
aptos_2992,data/raw/images/aptos_2992.png,3,Severe DR,1
aptos_2993,data/raw/images/aptos_2993.png,0,No DR,0
aptos_2994,data/raw/images/aptos_2994.png,3,Severe DR,1
aptos_2995,data/raw/images/aptos_2995.png,1,Mild DR,1
aptos_2996,data/raw/images/aptos_2996.png,0,No DR,0
aptos_2997,data/raw/images/aptos_2997.png,4,Proliferative DR,1
aptos_2998,data/raw/images/aptos_2998.png,1,Mild DR,1
aptos_2999,data/raw/images/aptos_2999.png,3,Severe DR,1
aptos_3000,data/raw/images/aptos_3000.png,2,Moderate DR,1
aptos_3001,data/raw/images/aptos_3001.png,4,Proliferative DR,1
aptos_3002,data/raw/images/aptos_3002.png,2,Moderate DR,1
aptos_3003,data/raw/images/aptos_3003.png,2,Moderate DR,1
aptos_3004,data/raw/images/aptos_3004.png,2,Moderate DR,1
aptos_3005,data/raw/images/aptos_3005.png,0,No DR,0
aptos_3006,data/raw/images/aptos_3006.png,3,Severe DR,1
aptos_3007,data/raw/images/aptos_3007.png,0,No DR,0
aptos_3008,data/raw/images/aptos_3008.png,0,No DR,0
aptos_3009,data/raw/images/aptos_3009.png,2,Moderate DR,1
aptos_3010,data/raw/images/aptos_3010.png,2,Moderate DR,1
aptos_3011,data/raw/images/aptos_3011.png,2,Moderate DR,1
aptos_3012,data/raw/images/aptos_3012.png,0,No DR,0
aptos_3013,data/raw/images/aptos_3013.png,4,Proliferative DR,1
aptos_3014,data/raw/images/aptos_3014.png,0,No DR,0
aptos_3015,data/raw/images/aptos_3015.png,0,No DR,0
aptos_3016,data/raw/images/aptos_3016.png,0,No DR,0
aptos_3017,data/raw/images/aptos_3017.png,0,No DR,0
aptos_3018,data/raw/images/aptos_3018.png,1,Mild DR,1
aptos_3019,data/raw/images/aptos_3019.png,0,No DR,0
aptos_3020,data/raw/images/aptos_3020.png,2,Moderate DR,1
aptos_3021,data/raw/images/aptos_3021.png,0,No DR,0
aptos_3022,data/raw/images/aptos_3022.png,0,No DR,0
aptos_3023,data/raw/images/aptos_3023.png,2,Moderate DR,1
aptos_3024,data/raw/images/aptos_3024.png,2,Moderate DR,1
aptos_3025,data/raw/images/aptos_3025.png,2,Moderate DR,1
aptos_3026,data/raw/images/aptos_3026.png,0,No DR,0
aptos_3027,data/raw/images/aptos_3027.png,0,No DR,0
aptos_3028,data/raw/images/aptos_3028.png,4,Proliferative DR,1
aptos_3029,data/raw/images/aptos_3029.png,0,No DR,0
aptos_3030,data/raw/images/aptos_3030.png,2,Moderate DR,1
aptos_3031,data/raw/images/aptos_3031.png,4,Proliferative DR,1
aptos_3032,data/raw/images/aptos_3032.png,2,Moderate DR,1
aptos_3033,data/raw/images/aptos_3033.png,0,No DR,0
aptos_3034,data/raw/images/aptos_3034.png,0,No DR,0
aptos_3035,data/raw/images/aptos_3035.png,4,Proliferative DR,1
aptos_3036,data/raw/images/aptos_3036.png,0,No DR,0
aptos_3037,data/raw/images/aptos_3037.png,2,Moderate DR,1
aptos_3038,data/raw/images/aptos_3038.png,0,No DR,0
aptos_3039,data/raw/images/aptos_3039.png,0,No DR,0
aptos_3040,data/raw/images/aptos_3040.png,0,No DR,0
aptos_3041,data/raw/images/aptos_3041.png,0,No DR,0
aptos_3042,data/raw/images/aptos_3042.png,3,Severe DR,1
aptos_3043,data/raw/images/aptos_3043.png,0,No DR,0
aptos_3044,data/raw/images/aptos_3044.png,0,No DR,0
aptos_3045,data/raw/images/aptos_3045.png,2,Moderate DR,1
aptos_3046,data/raw/images/aptos_3046.png,0,No DR,0
aptos_3047,data/raw/images/aptos_3047.png,0,No DR,0
aptos_3048,data/raw/images/aptos_3048.png,2,Moderate DR,1
aptos_3049,data/raw/images/aptos_3049.png,2,Moderate DR,1
aptos_3050,data/raw/images/aptos_3050.png,1,Mild DR,1
aptos_3051,data/raw/images/aptos_3051.png,0,No DR,0
aptos_3052,data/raw/images/aptos_3052.png,0,No DR,0
aptos_3053,data/raw/images/aptos_3053.png,3,Severe DR,1
aptos_3054,data/raw/images/aptos_3054.png,2,Moderate DR,1
aptos_3055,data/raw/images/aptos_3055.png,0,No DR,0
aptos_3056,data/raw/images/aptos_3056.png,0,No DR,0
aptos_3057,data/raw/images/aptos_3057.png,2,Moderate DR,1
aptos_3058,data/raw/images/aptos_3058.png,4,Proliferative DR,1
aptos_3059,data/raw/images/aptos_3059.png,0,No DR,0
aptos_3060,data/raw/images/aptos_3060.png,2,Moderate DR,1
aptos_3061,data/raw/images/aptos_3061.png,1,Mild DR,1
aptos_3062,data/raw/images/aptos_3062.png,0,No DR,0
aptos_3063,data/raw/images/aptos_3063.png,4,Proliferative DR,1
aptos_3064,data/raw/images/aptos_3064.png,0,No DR,0
aptos_3065,data/raw/images/aptos_3065.png,0,No DR,0
aptos_3066,data/raw/images/aptos_3066.png,1,Mild DR,1
aptos_3067,data/raw/images/aptos_3067.png,0,No DR,0
aptos_3068,data/raw/images/aptos_3068.png,0,No DR,0
aptos_3069,data/raw/images/aptos_3069.png,2,Moderate DR,1
aptos_3070,data/raw/images/aptos_3070.png,0,No DR,0
aptos_3071,data/raw/images/aptos_3071.png,1,Mild DR,1
aptos_3072,data/raw/images/aptos_3072.png,0,No DR,0
aptos_3073,data/raw/images/aptos_3073.png,0,No DR,0
aptos_3074,data/raw/images/aptos_3074.png,2,Moderate DR,1
aptos_3075,data/raw/images/aptos_3075.png,2,Moderate DR,1
aptos_3076,data/raw/images/aptos_3076.png,4,Proliferative DR,1
aptos_3077,data/raw/images/aptos_3077.png,0,No DR,0
aptos_3078,data/raw/images/aptos_3078.png,1,Mild DR,1
aptos_3079,data/raw/images/aptos_3079.png,1,Mild DR,1
aptos_3080,data/raw/images/aptos_3080.png,2,Moderate DR,1
aptos_3081,data/raw/images/aptos_3081.png,0,No DR,0
aptos_3082,data/raw/images/aptos_3082.png,0,No DR,0
aptos_3083,data/raw/images/aptos_3083.png,0,No DR,0
aptos_3084,data/raw/images/aptos_3084.png,0,No DR,0
aptos_3085,data/raw/images/aptos_3085.png,0,No DR,0
aptos_3086,data/raw/images/aptos_3086.png,1,Mild DR,1
aptos_3087,data/raw/images/aptos_3087.png,0,No DR,0
aptos_3088,data/raw/images/aptos_3088.png,0,No DR,0
aptos_3089,data/raw/images/aptos_3089.png,0,No DR,0
aptos_3090,data/raw/images/aptos_3090.png,0,No DR,0
aptos_3091,data/raw/images/aptos_3091.png,0,No DR,0
aptos_3092,data/raw/images/aptos_3092.png,0,No DR,0
aptos_3093,data/raw/images/aptos_3093.png,0,No DR,0
aptos_3094,data/raw/images/aptos_3094.png,0,No DR,0
aptos_3095,data/raw/images/aptos_3095.png,0,No DR,0
aptos_3096,data/raw/images/aptos_3096.png,0,No DR,0
aptos_3097,data/raw/images/aptos_3097.png,0,No DR,0
aptos_3098,data/raw/images/aptos_3098.png,0,No DR,0
aptos_3099,data/raw/images/aptos_3099.png,1,Mild DR,1
aptos_3100,data/raw/images/aptos_3100.png,4,Proliferative DR,1
aptos_3101,data/raw/images/aptos_3101.png,0,No DR,0
aptos_3102,data/raw/images/aptos_3102.png,2,Moderate DR,1
aptos_3103,data/raw/images/aptos_3103.png,2,Moderate DR,1
aptos_3104,data/raw/images/aptos_3104.png,0,No DR,0
aptos_3105,data/raw/images/aptos_3105.png,2,Moderate DR,1
aptos_3106,data/raw/images/aptos_3106.png,2,Moderate DR,1
aptos_3107,data/raw/images/aptos_3107.png,2,Moderate DR,1
aptos_3108,data/raw/images/aptos_3108.png,0,No DR,0
aptos_3109,data/raw/images/aptos_3109.png,1,Mild DR,1
aptos_3110,data/raw/images/aptos_3110.png,2,Moderate DR,1
aptos_3111,data/raw/images/aptos_3111.png,1,Mild DR,1
aptos_3112,data/raw/images/aptos_3112.png,4,Proliferative DR,1
aptos_3113,data/raw/images/aptos_3113.png,0,No DR,0
aptos_3114,data/raw/images/aptos_3114.png,0,No DR,0
aptos_3115,data/raw/images/aptos_3115.png,3,Severe DR,1
aptos_3116,data/raw/images/aptos_3116.png,0,No DR,0
aptos_3117,data/raw/images/aptos_3117.png,0,No DR,0
aptos_3118,data/raw/images/aptos_3118.png,2,Moderate DR,1
aptos_3119,data/raw/images/aptos_3119.png,0,No DR,0
aptos_3120,data/raw/images/aptos_3120.png,2,Moderate DR,1
aptos_3121,data/raw/images/aptos_3121.png,0,No DR,0
aptos_3122,data/raw/images/aptos_3122.png,0,No DR,0
aptos_3123,data/raw/images/aptos_3123.png,2,Moderate DR,1
aptos_3124,data/raw/images/aptos_3124.png,0,No DR,0
aptos_3125,data/raw/images/aptos_3125.png,2,Moderate DR,1
aptos_3126,data/raw/images/aptos_3126.png,0,No DR,0
aptos_3127,data/raw/images/aptos_3127.png,2,Moderate DR,1
aptos_3128,data/raw/images/aptos_3128.png,2,Moderate DR,1
aptos_3129,data/raw/images/aptos_3129.png,2,Moderate DR,1
aptos_3130,data/raw/images/aptos_3130.png,2,Moderate DR,1
aptos_3131,data/raw/images/aptos_3131.png,0,No DR,0
aptos_3132,data/raw/images/aptos_3132.png,2,Moderate DR,1
aptos_3133,data/raw/images/aptos_3133.png,2,Moderate DR,1
aptos_3134,data/raw/images/aptos_3134.png,0,No DR,0
aptos_3135,data/raw/images/aptos_3135.png,0,No DR,0
aptos_3136,data/raw/images/aptos_3136.png,2,Moderate DR,1
aptos_3137,data/raw/images/aptos_3137.png,0,No DR,0
aptos_3138,data/raw/images/aptos_3138.png,4,Proliferative DR,1
aptos_3139,data/raw/images/aptos_3139.png,2,Moderate DR,1
aptos_3140,data/raw/images/aptos_3140.png,0,No DR,0
aptos_3141,data/raw/images/aptos_3141.png,0,No DR,0
aptos_3142,data/raw/images/aptos_3142.png,0,No DR,0
aptos_3143,data/raw/images/aptos_3143.png,2,Moderate DR,1
aptos_3144,data/raw/images/aptos_3144.png,0,No DR,0
aptos_3145,data/raw/images/aptos_3145.png,1,Mild DR,1
aptos_3146,data/raw/images/aptos_3146.png,0,No DR,0
aptos_3147,data/raw/images/aptos_3147.png,0,No DR,0
aptos_3148,data/raw/images/aptos_3148.png,2,Moderate DR,1
aptos_3149,data/raw/images/aptos_3149.png,0,No DR,0
aptos_3150,data/raw/images/aptos_3150.png,0,No DR,0
aptos_3151,data/raw/images/aptos_3151.png,2,Moderate DR,1
aptos_3152,data/raw/images/aptos_3152.png,0,No DR,0
aptos_3153,data/raw/images/aptos_3153.png,0,No DR,0
aptos_3154,data/raw/images/aptos_3154.png,0,No DR,0
aptos_3155,data/raw/images/aptos_3155.png,0,No DR,0
aptos_3156,data/raw/images/aptos_3156.png,0,No DR,0
aptos_3157,data/raw/images/aptos_3157.png,4,Proliferative DR,1
aptos_3158,data/raw/images/aptos_3158.png,2,Moderate DR,1
aptos_3159,data/raw/images/aptos_3159.png,0,No DR,0
aptos_3160,data/raw/images/aptos_3160.png,0,No DR,0
aptos_3161,data/raw/images/aptos_3161.png,2,Moderate DR,1
aptos_3162,data/raw/images/aptos_3162.png,1,Mild DR,1
aptos_3163,data/raw/images/aptos_3163.png,0,No DR,0
aptos_3164,data/raw/images/aptos_3164.png,0,No DR,0
aptos_3165,data/raw/images/aptos_3165.png,1,Mild DR,1
aptos_3166,data/raw/images/aptos_3166.png,3,Severe DR,1
aptos_3167,data/raw/images/aptos_3167.png,1,Mild DR,1
aptos_3168,data/raw/images/aptos_3168.png,2,Moderate DR,1
aptos_3169,data/raw/images/aptos_3169.png,3,Severe DR,1
aptos_3170,data/raw/images/aptos_3170.png,0,No DR,0
aptos_3171,data/raw/images/aptos_3171.png,0,No DR,0
aptos_3172,data/raw/images/aptos_3172.png,2,Moderate DR,1
aptos_3173,data/raw/images/aptos_3173.png,2,Moderate DR,1
aptos_3174,data/raw/images/aptos_3174.png,0,No DR,0
aptos_3175,data/raw/images/aptos_3175.png,0,No DR,0
aptos_3176,data/raw/images/aptos_3176.png,0,No DR,0
aptos_3177,data/raw/images/aptos_3177.png,0,No DR,0
aptos_3178,data/raw/images/aptos_3178.png,0,No DR,0
aptos_3179,data/raw/images/aptos_3179.png,2,Moderate DR,1
aptos_3180,data/raw/images/aptos_3180.png,1,Mild DR,1
aptos_3181,data/raw/images/aptos_3181.png,0,No DR,0
aptos_3182,data/raw/images/aptos_3182.png,0,No DR,0
aptos_3183,data/raw/images/aptos_3183.png,3,Severe DR,1
aptos_3184,data/raw/images/aptos_3184.png,0,No DR,0
aptos_3185,data/raw/images/aptos_3185.png,0,No DR,0
aptos_3186,data/raw/images/aptos_3186.png,2,Moderate DR,1
aptos_3187,data/raw/images/aptos_3187.png,4,Proliferative DR,1
aptos_3188,data/raw/images/aptos_3188.png,0,No DR,0
aptos_3189,data/raw/images/aptos_3189.png,0,No DR,0
aptos_3190,data/raw/images/aptos_3190.png,0,No DR,0
aptos_3191,data/raw/images/aptos_3191.png,0,No DR,0
aptos_3192,data/raw/images/aptos_3192.png,2,Moderate DR,1
aptos_3193,data/raw/images/aptos_3193.png,0,No DR,0
aptos_3194,data/raw/images/aptos_3194.png,0,No DR,0
aptos_3195,data/raw/images/aptos_3195.png,0,No DR,0
aptos_3196,data/raw/images/aptos_3196.png,0,No DR,0
aptos_3197,data/raw/images/aptos_3197.png,2,Moderate DR,1
aptos_3198,data/raw/images/aptos_3198.png,0,No DR,0
aptos_3199,data/raw/images/aptos_3199.png,0,No DR,0
aptos_3200,data/raw/images/aptos_3200.png,0,No DR,0
aptos_3201,data/raw/images/aptos_3201.png,0,No DR,0
aptos_3202,data/raw/images/aptos_3202.png,2,Moderate DR,1
aptos_3203,data/raw/images/aptos_3203.png,0,No DR,0
aptos_3204,data/raw/images/aptos_3204.png,2,Moderate DR,1
aptos_3205,data/raw/images/aptos_3205.png,4,Proliferative DR,1
aptos_3206,data/raw/images/aptos_3206.png,4,Proliferative DR,1
aptos_3207,data/raw/images/aptos_3207.png,2,Moderate DR,1
aptos_3208,data/raw/images/aptos_3208.png,0,No DR,0
aptos_3209,data/raw/images/aptos_3209.png,2,Moderate DR,1
aptos_3210,data/raw/images/aptos_3210.png,2,Moderate DR,1
aptos_3211,data/raw/images/aptos_3211.png,4,Proliferative DR,1
aptos_3212,data/raw/images/aptos_3212.png,0,No DR,0
aptos_3213,data/raw/images/aptos_3213.png,0,No DR,0
aptos_3214,data/raw/images/aptos_3214.png,0,No DR,0
aptos_3215,data/raw/images/aptos_3215.png,4,Proliferative DR,1
aptos_3216,data/raw/images/aptos_3216.png,0,No DR,0
aptos_3217,data/raw/images/aptos_3217.png,0,No DR,0
aptos_3218,data/raw/images/aptos_3218.png,4,Proliferative DR,1
aptos_3219,data/raw/images/aptos_3219.png,0,No DR,0
aptos_3220,data/raw/images/aptos_3220.png,2,Moderate DR,1
aptos_3221,data/raw/images/aptos_3221.png,0,No DR,0
aptos_3222,data/raw/images/aptos_3222.png,0,No DR,0
aptos_3223,data/raw/images/aptos_3223.png,0,No DR,0
aptos_3224,data/raw/images/aptos_3224.png,2,Moderate DR,1
aptos_3225,data/raw/images/aptos_3225.png,1,Mild DR,1
aptos_3226,data/raw/images/aptos_3226.png,2,Moderate DR,1
aptos_3227,data/raw/images/aptos_3227.png,0,No DR,0
aptos_3228,data/raw/images/aptos_3228.png,3,Severe DR,1
aptos_3229,data/raw/images/aptos_3229.png,0,No DR,0
aptos_3230,data/raw/images/aptos_3230.png,2,Moderate DR,1
aptos_3231,data/raw/images/aptos_3231.png,2,Moderate DR,1
aptos_3232,data/raw/images/aptos_3232.png,2,Moderate DR,1
aptos_3233,data/raw/images/aptos_3233.png,0,No DR,0
aptos_3234,data/raw/images/aptos_3234.png,0,No DR,0
aptos_3235,data/raw/images/aptos_3235.png,3,Severe DR,1
aptos_3236,data/raw/images/aptos_3236.png,0,No DR,0
aptos_3237,data/raw/images/aptos_3237.png,2,Moderate DR,1
aptos_3238,data/raw/images/aptos_3238.png,2,Moderate DR,1
aptos_3239,data/raw/images/aptos_3239.png,0,No DR,0
aptos_3240,data/raw/images/aptos_3240.png,0,No DR,0
aptos_3241,data/raw/images/aptos_3241.png,2,Moderate DR,1
aptos_3242,data/raw/images/aptos_3242.png,2,Moderate DR,1
aptos_3243,data/raw/images/aptos_3243.png,3,Severe DR,1
aptos_3244,data/raw/images/aptos_3244.png,3,Severe DR,1
aptos_3245,data/raw/images/aptos_3245.png,0,No DR,0
aptos_3246,data/raw/images/aptos_3246.png,0,No DR,0
aptos_3247,data/raw/images/aptos_3247.png,0,No DR,0
aptos_3248,data/raw/images/aptos_3248.png,0,No DR,0
aptos_3249,data/raw/images/aptos_3249.png,2,Moderate DR,1
aptos_3250,data/raw/images/aptos_3250.png,3,Severe DR,1
aptos_3251,data/raw/images/aptos_3251.png,2,Moderate DR,1
aptos_3252,data/raw/images/aptos_3252.png,0,No DR,0
aptos_3253,data/raw/images/aptos_3253.png,2,Moderate DR,1
aptos_3254,data/raw/images/aptos_3254.png,4,Proliferative DR,1
aptos_3255,data/raw/images/aptos_3255.png,0,No DR,0
aptos_3256,data/raw/images/aptos_3256.png,0,No DR,0
aptos_3257,data/raw/images/aptos_3257.png,1,Mild DR,1
aptos_3258,data/raw/images/aptos_3258.png,2,Moderate DR,1
aptos_3259,data/raw/images/aptos_3259.png,0,No DR,0
aptos_3260,data/raw/images/aptos_3260.png,1,Mild DR,1
aptos_3261,data/raw/images/aptos_3261.png,2,Moderate DR,1
aptos_3262,data/raw/images/aptos_3262.png,0,No DR,0
aptos_3263,data/raw/images/aptos_3263.png,1,Mild DR,1
aptos_3264,data/raw/images/aptos_3264.png,2,Moderate DR,1
aptos_3265,data/raw/images/aptos_3265.png,0,No DR,0
aptos_3266,data/raw/images/aptos_3266.png,0,No DR,0
aptos_3267,data/raw/images/aptos_3267.png,0,No DR,0
aptos_3268,data/raw/images/aptos_3268.png,0,No DR,0
aptos_3269,data/raw/images/aptos_3269.png,2,Moderate DR,1
aptos_3270,data/raw/images/aptos_3270.png,0,No DR,0
aptos_3271,data/raw/images/aptos_3271.png,3,Severe DR,1
aptos_3272,data/raw/images/aptos_3272.png,4,Proliferative DR,1
aptos_3273,data/raw/images/aptos_3273.png,0,No DR,0
aptos_3274,data/raw/images/aptos_3274.png,2,Moderate DR,1
aptos_3275,data/raw/images/aptos_3275.png,2,Moderate DR,1
aptos_3276,data/raw/images/aptos_3276.png,1,Mild DR,1
aptos_3277,data/raw/images/aptos_3277.png,4,Proliferative DR,1
aptos_3278,data/raw/images/aptos_3278.png,2,Moderate DR,1
aptos_3279,data/raw/images/aptos_3279.png,4,Proliferative DR,1
aptos_3280,data/raw/images/aptos_3280.png,0,No DR,0
aptos_3281,data/raw/images/aptos_3281.png,0,No DR,0
aptos_3282,data/raw/images/aptos_3282.png,2,Moderate DR,1
aptos_3283,data/raw/images/aptos_3283.png,4,Proliferative DR,1
aptos_3284,data/raw/images/aptos_3284.png,2,Moderate DR,1
aptos_3285,data/raw/images/aptos_3285.png,3,Severe DR,1
aptos_3286,data/raw/images/aptos_3286.png,0,No DR,0
aptos_3287,data/raw/images/aptos_3287.png,4,Proliferative DR,1
aptos_3288,data/raw/images/aptos_3288.png,0,No DR,0
aptos_3289,data/raw/images/aptos_3289.png,0,No DR,0
aptos_3290,data/raw/images/aptos_3290.png,2,Moderate DR,1
aptos_3291,data/raw/images/aptos_3291.png,0,No DR,0
aptos_3292,data/raw/images/aptos_3292.png,0,No DR,0
aptos_3293,data/raw/images/aptos_3293.png,0,No DR,0
aptos_3294,data/raw/images/aptos_3294.png,0,No DR,0
aptos_3295,data/raw/images/aptos_3295.png,0,No DR,0
aptos_3296,data/raw/images/aptos_3296.png,0,No DR,0
aptos_3297,data/raw/images/aptos_3297.png,2,Moderate DR,1
aptos_3298,data/raw/images/aptos_3298.png,4,Proliferative DR,1
aptos_3299,data/raw/images/aptos_3299.png,0,No DR,0
aptos_3300,data/raw/images/aptos_3300.png,0,No DR,0
aptos_3301,data/raw/images/aptos_3301.png,0,No DR,0
aptos_3302,data/raw/images/aptos_3302.png,3,Severe DR,1
aptos_3303,data/raw/images/aptos_3303.png,2,Moderate DR,1
aptos_3304,data/raw/images/aptos_3304.png,1,Mild DR,1
aptos_3305,data/raw/images/aptos_3305.png,1,Mild DR,1
aptos_3306,data/raw/images/aptos_3306.png,0,No DR,0
aptos_3307,data/raw/images/aptos_3307.png,0,No DR,0
aptos_3308,data/raw/images/aptos_3308.png,2,Moderate DR,1
aptos_3309,data/raw/images/aptos_3309.png,0,No DR,0
aptos_3310,data/raw/images/aptos_3310.png,2,Moderate DR,1
aptos_3311,data/raw/images/aptos_3311.png,0,No DR,0
aptos_3312,data/raw/images/aptos_3312.png,0,No DR,0
aptos_3313,data/raw/images/aptos_3313.png,0,No DR,0
aptos_3314,data/raw/images/aptos_3314.png,0,No DR,0
aptos_3315,data/raw/images/aptos_3315.png,4,Proliferative DR,1
aptos_3316,data/raw/images/aptos_3316.png,0,No DR,0
aptos_3317,data/raw/images/aptos_3317.png,0,No DR,0
aptos_3318,data/raw/images/aptos_3318.png,2,Moderate DR,1
aptos_3319,data/raw/images/aptos_3319.png,2,Moderate DR,1
aptos_3320,data/raw/images/aptos_3320.png,2,Moderate DR,1
aptos_3321,data/raw/images/aptos_3321.png,0,No DR,0
aptos_3322,data/raw/images/aptos_3322.png,0,No DR,0
aptos_3323,data/raw/images/aptos_3323.png,0,No DR,0
aptos_3324,data/raw/images/aptos_3324.png,0,No DR,0
aptos_3325,data/raw/images/aptos_3325.png,0,No DR,0
aptos_3326,data/raw/images/aptos_3326.png,2,Moderate DR,1
aptos_3327,data/raw/images/aptos_3327.png,0,No DR,0
aptos_3328,data/raw/images/aptos_3328.png,2,Moderate DR,1
aptos_3329,data/raw/images/aptos_3329.png,2,Moderate DR,1
aptos_3330,data/raw/images/aptos_3330.png,2,Moderate DR,1
aptos_3331,data/raw/images/aptos_3331.png,0,No DR,0
aptos_3332,data/raw/images/aptos_3332.png,4,Proliferative DR,1
aptos_3333,data/raw/images/aptos_3333.png,2,Moderate DR,1
aptos_3334,data/raw/images/aptos_3334.png,0,No DR,0
aptos_3335,data/raw/images/aptos_3335.png,3,Severe DR,1
aptos_3336,data/raw/images/aptos_3336.png,0,No DR,0
aptos_3337,data/raw/images/aptos_3337.png,0,No DR,0
aptos_3338,data/raw/images/aptos_3338.png,2,Moderate DR,1
aptos_3339,data/raw/images/aptos_3339.png,2,Moderate DR,1
aptos_3340,data/raw/images/aptos_3340.png,0,No DR,0
aptos_3341,data/raw/images/aptos_3341.png,4,Proliferative DR,1
aptos_3342,data/raw/images/aptos_3342.png,2,Moderate DR,1
aptos_3343,data/raw/images/aptos_3343.png,2,Moderate DR,1
aptos_3344,data/raw/images/aptos_3344.png,2,Moderate DR,1
aptos_3345,data/raw/images/aptos_3345.png,0,No DR,0
aptos_3346,data/raw/images/aptos_3346.png,4,Proliferative DR,1
aptos_3347,data/raw/images/aptos_3347.png,0,No DR,0
aptos_3348,data/raw/images/aptos_3348.png,2,Moderate DR,1
aptos_3349,data/raw/images/aptos_3349.png,2,Moderate DR,1
aptos_3350,data/raw/images/aptos_3350.png,2,Moderate DR,1
aptos_3351,data/raw/images/aptos_3351.png,0,No DR,0
aptos_3352,data/raw/images/aptos_3352.png,3,Severe DR,1
aptos_3353,data/raw/images/aptos_3353.png,0,No DR,0
aptos_3354,data/raw/images/aptos_3354.png,0,No DR,0
aptos_3355,data/raw/images/aptos_3355.png,0,No DR,0
aptos_3356,data/raw/images/aptos_3356.png,2,Moderate DR,1
aptos_3357,data/raw/images/aptos_3357.png,1,Mild DR,1
aptos_3358,data/raw/images/aptos_3358.png,0,No DR,0
aptos_3359,data/raw/images/aptos_3359.png,3,Severe DR,1
aptos_3360,data/raw/images/aptos_3360.png,2,Moderate DR,1
aptos_3361,data/raw/images/aptos_3361.png,0,No DR,0
aptos_3362,data/raw/images/aptos_3362.png,0,No DR,0
aptos_3363,data/raw/images/aptos_3363.png,1,Mild DR,1
aptos_3364,data/raw/images/aptos_3364.png,0,No DR,0
aptos_3365,data/raw/images/aptos_3365.png,4,Proliferative DR,1
aptos_3366,data/raw/images/aptos_3366.png,0,No DR,0
aptos_3367,data/raw/images/aptos_3367.png,0,No DR,0
aptos_3368,data/raw/images/aptos_3368.png,2,Moderate DR,1
aptos_3369,data/raw/images/aptos_3369.png,0,No DR,0
aptos_3370,data/raw/images/aptos_3370.png,1,Mild DR,1
aptos_3371,data/raw/images/aptos_3371.png,2,Moderate DR,1
aptos_3372,data/raw/images/aptos_3372.png,1,Mild DR,1
aptos_3373,data/raw/images/aptos_3373.png,2,Moderate DR,1
aptos_3374,data/raw/images/aptos_3374.png,0,No DR,0
aptos_3375,data/raw/images/aptos_3375.png,2,Moderate DR,1
aptos_3376,data/raw/images/aptos_3376.png,2,Moderate DR,1
aptos_3377,data/raw/images/aptos_3377.png,0,No DR,0
aptos_3378,data/raw/images/aptos_3378.png,0,No DR,0
aptos_3379,data/raw/images/aptos_3379.png,0,No DR,0
aptos_3380,data/raw/images/aptos_3380.png,0,No DR,0
aptos_3381,data/raw/images/aptos_3381.png,0,No DR,0
aptos_3382,data/raw/images/aptos_3382.png,2,Moderate DR,1
aptos_3383,data/raw/images/aptos_3383.png,4,Proliferative DR,1
aptos_3384,data/raw/images/aptos_3384.png,0,No DR,0
aptos_3385,data/raw/images/aptos_3385.png,0,No DR,0
aptos_3386,data/raw/images/aptos_3386.png,1,Mild DR,1
aptos_3387,data/raw/images/aptos_3387.png,4,Proliferative DR,1
aptos_3388,data/raw/images/aptos_3388.png,2,Moderate DR,1
aptos_3389,data/raw/images/aptos_3389.png,0,No DR,0
aptos_3390,data/raw/images/aptos_3390.png,2,Moderate DR,1
aptos_3391,data/raw/images/aptos_3391.png,0,No DR,0
aptos_3392,data/raw/images/aptos_3392.png,0,No DR,0
aptos_3393,data/raw/images/aptos_3393.png,2,Moderate DR,1
aptos_3394,data/raw/images/aptos_3394.png,4,Proliferative DR,1
aptos_3395,data/raw/images/aptos_3395.png,2,Moderate DR,1
aptos_3396,data/raw/images/aptos_3396.png,0,No DR,0
aptos_3397,data/raw/images/aptos_3397.png,1,Mild DR,1
aptos_3398,data/raw/images/aptos_3398.png,0,No DR,0
aptos_3399,data/raw/images/aptos_3399.png,4,Proliferative DR,1
aptos_3400,data/raw/images/aptos_3400.png,0,No DR,0
aptos_3401,data/raw/images/aptos_3401.png,0,No DR,0
aptos_3402,data/raw/images/aptos_3402.png,0,No DR,0
aptos_3403,data/raw/images/aptos_3403.png,0,No DR,0
aptos_3404,data/raw/images/aptos_3404.png,1,Mild DR,1
aptos_3405,data/raw/images/aptos_3405.png,0,No DR,0
aptos_3406,data/raw/images/aptos_3406.png,0,No DR,0
aptos_3407,data/raw/images/aptos_3407.png,0,No DR,0
aptos_3408,data/raw/images/aptos_3408.png,0,No DR,0
aptos_3409,data/raw/images/aptos_3409.png,0,No DR,0
aptos_3410,data/raw/images/aptos_3410.png,4,Proliferative DR,1
aptos_3411,data/raw/images/aptos_3411.png,2,Moderate DR,1
aptos_3412,data/raw/images/aptos_3412.png,0,No DR,0
aptos_3413,data/raw/images/aptos_3413.png,0,No DR,0
aptos_3414,data/raw/images/aptos_3414.png,4,Proliferative DR,1
aptos_3415,data/raw/images/aptos_3415.png,0,No DR,0
aptos_3416,data/raw/images/aptos_3416.png,0,No DR,0
aptos_3417,data/raw/images/aptos_3417.png,3,Severe DR,1
aptos_3418,data/raw/images/aptos_3418.png,0,No DR,0
aptos_3419,data/raw/images/aptos_3419.png,2,Moderate DR,1
aptos_3420,data/raw/images/aptos_3420.png,0,No DR,0
aptos_3421,data/raw/images/aptos_3421.png,0,No DR,0
aptos_3422,data/raw/images/aptos_3422.png,0,No DR,0
aptos_3423,data/raw/images/aptos_3423.png,2,Moderate DR,1
aptos_3424,data/raw/images/aptos_3424.png,2,Moderate DR,1
aptos_3425,data/raw/images/aptos_3425.png,4,Proliferative DR,1
aptos_3426,data/raw/images/aptos_3426.png,2,Moderate DR,1
aptos_3427,data/raw/images/aptos_3427.png,0,No DR,0
aptos_3428,data/raw/images/aptos_3428.png,0,No DR,0
aptos_3429,data/raw/images/aptos_3429.png,0,No DR,0
aptos_3430,data/raw/images/aptos_3430.png,2,Moderate DR,1
aptos_3431,data/raw/images/aptos_3431.png,2,Moderate DR,1
aptos_3432,data/raw/images/aptos_3432.png,0,No DR,0
aptos_3433,data/raw/images/aptos_3433.png,1,Mild DR,1
aptos_3434,data/raw/images/aptos_3434.png,0,No DR,0
aptos_3435,data/raw/images/aptos_3435.png,1,Mild DR,1
aptos_3436,data/raw/images/aptos_3436.png,0,No DR,0
aptos_3437,data/raw/images/aptos_3437.png,1,Mild DR,1
aptos_3438,data/raw/images/aptos_3438.png,0,No DR,0
aptos_3439,data/raw/images/aptos_3439.png,0,No DR,0
aptos_3440,data/raw/images/aptos_3440.png,4,Proliferative DR,1
aptos_3441,data/raw/images/aptos_3441.png,0,No DR,0
aptos_3442,data/raw/images/aptos_3442.png,0,No DR,0
aptos_3443,data/raw/images/aptos_3443.png,0,No DR,0
aptos_3444,data/raw/images/aptos_3444.png,0,No DR,0
aptos_3445,data/raw/images/aptos_3445.png,2,Moderate DR,1
aptos_3446,data/raw/images/aptos_3446.png,0,No DR,0
aptos_3447,data/raw/images/aptos_3447.png,1,Mild DR,1
aptos_3448,data/raw/images/aptos_3448.png,0,No DR,0
aptos_3449,data/raw/images/aptos_3449.png,0,No DR,0
aptos_3450,data/raw/images/aptos_3450.png,0,No DR,0
aptos_3451,data/raw/images/aptos_3451.png,2,Moderate DR,1
aptos_3452,data/raw/images/aptos_3452.png,0,No DR,0
aptos_3453,data/raw/images/aptos_3453.png,4,Proliferative DR,1
aptos_3454,data/raw/images/aptos_3454.png,0,No DR,0
aptos_3455,data/raw/images/aptos_3455.png,0,No DR,0
aptos_3456,data/raw/images/aptos_3456.png,4,Proliferative DR,1
aptos_3457,data/raw/images/aptos_3457.png,0,No DR,0
aptos_3458,data/raw/images/aptos_3458.png,0,No DR,0
aptos_3459,data/raw/images/aptos_3459.png,0,No DR,0
aptos_3460,data/raw/images/aptos_3460.png,4,Proliferative DR,1
aptos_3461,data/raw/images/aptos_3461.png,0,No DR,0
aptos_3462,data/raw/images/aptos_3462.png,0,No DR,0
aptos_3463,data/raw/images/aptos_3463.png,0,No DR,0
aptos_3464,data/raw/images/aptos_3464.png,2,Moderate DR,1
aptos_3465,data/raw/images/aptos_3465.png,3,Severe DR,1
aptos_3466,data/raw/images/aptos_3466.png,0,No DR,0
aptos_3467,data/raw/images/aptos_3467.png,3,Severe DR,1
aptos_3468,data/raw/images/aptos_3468.png,0,No DR,0
aptos_3469,data/raw/images/aptos_3469.png,0,No DR,0
aptos_3470,data/raw/images/aptos_3470.png,0,No DR,0
aptos_3471,data/raw/images/aptos_3471.png,2,Moderate DR,1
aptos_3472,data/raw/images/aptos_3472.png,1,Mild DR,1
aptos_3473,data/raw/images/aptos_3473.png,0,No DR,0
aptos_3474,data/raw/images/aptos_3474.png,4,Proliferative DR,1
aptos_3475,data/raw/images/aptos_3475.png,2,Moderate DR,1
aptos_3476,data/raw/images/aptos_3476.png,0,No DR,0
aptos_3477,data/raw/images/aptos_3477.png,2,Moderate DR,1
aptos_3478,data/raw/images/aptos_3478.png,0,No DR,0
aptos_3479,data/raw/images/aptos_3479.png,4,Proliferative DR,1
aptos_3480,data/raw/images/aptos_3480.png,2,Moderate DR,1
aptos_3481,data/raw/images/aptos_3481.png,0,No DR,0
aptos_3482,data/raw/images/aptos_3482.png,2,Moderate DR,1
aptos_3483,data/raw/images/aptos_3483.png,0,No DR,0
aptos_3484,data/raw/images/aptos_3484.png,0,No DR,0
aptos_3485,data/raw/images/aptos_3485.png,0,No DR,0
aptos_3486,data/raw/images/aptos_3486.png,0,No DR,0
aptos_3487,data/raw/images/aptos_3487.png,4,Proliferative DR,1
aptos_3488,data/raw/images/aptos_3488.png,2,Moderate DR,1
aptos_3489,data/raw/images/aptos_3489.png,0,No DR,0
aptos_3490,data/raw/images/aptos_3490.png,2,Moderate DR,1
aptos_3491,data/raw/images/aptos_3491.png,0,No DR,0
aptos_3492,data/raw/images/aptos_3492.png,0,No DR,0
aptos_3493,data/raw/images/aptos_3493.png,0,No DR,0
aptos_3494,data/raw/images/aptos_3494.png,0,No DR,0
aptos_3495,data/raw/images/aptos_3495.png,2,Moderate DR,1
aptos_3496,data/raw/images/aptos_3496.png,0,No DR,0
aptos_3497,data/raw/images/aptos_3497.png,2,Moderate DR,1
aptos_3498,data/raw/images/aptos_3498.png,0,No DR,0
aptos_3499,data/raw/images/aptos_3499.png,2,Moderate DR,1
aptos_3500,data/raw/images/aptos_3500.png,0,No DR,0
aptos_3501,data/raw/images/aptos_3501.png,2,Moderate DR,1
aptos_3502,data/raw/images/aptos_3502.png,0,No DR,0
aptos_3503,data/raw/images/aptos_3503.png,0,No DR,0
aptos_3504,data/raw/images/aptos_3504.png,0,No DR,0
aptos_3505,data/raw/images/aptos_3505.png,2,Moderate DR,1
aptos_3506,data/raw/images/aptos_3506.png,2,Moderate DR,1
aptos_3507,data/raw/images/aptos_3507.png,1,Mild DR,1
aptos_3508,data/raw/images/aptos_3508.png,1,Mild DR,1
aptos_3509,data/raw/images/aptos_3509.png,0,No DR,0
aptos_3510,data/raw/images/aptos_3510.png,0,No DR,0
aptos_3511,data/raw/images/aptos_3511.png,0,No DR,0
aptos_3512,data/raw/images/aptos_3512.png,0,No DR,0
aptos_3513,data/raw/images/aptos_3513.png,2,Moderate DR,1
aptos_3514,data/raw/images/aptos_3514.png,0,No DR,0
aptos_3515,data/raw/images/aptos_3515.png,0,No DR,0
aptos_3516,data/raw/images/aptos_3516.png,0,No DR,0
aptos_3517,data/raw/images/aptos_3517.png,0,No DR,0
aptos_3518,data/raw/images/aptos_3518.png,0,No DR,0
aptos_3519,data/raw/images/aptos_3519.png,4,Proliferative DR,1
aptos_3520,data/raw/images/aptos_3520.png,1,Mild DR,1
aptos_3521,data/raw/images/aptos_3521.png,1,Mild DR,1
aptos_3522,data/raw/images/aptos_3522.png,0,No DR,0
aptos_3523,data/raw/images/aptos_3523.png,0,No DR,0
aptos_3524,data/raw/images/aptos_3524.png,3,Severe DR,1
aptos_3525,data/raw/images/aptos_3525.png,0,No DR,0
aptos_3526,data/raw/images/aptos_3526.png,0,No DR,0
aptos_3527,data/raw/images/aptos_3527.png,2,Moderate DR,1
aptos_3528,data/raw/images/aptos_3528.png,0,No DR,0
aptos_3529,data/raw/images/aptos_3529.png,4,Proliferative DR,1
aptos_3530,data/raw/images/aptos_3530.png,0,No DR,0
aptos_3531,data/raw/images/aptos_3531.png,3,Severe DR,1
aptos_3532,data/raw/images/aptos_3532.png,0,No DR,0
aptos_3533,data/raw/images/aptos_3533.png,4,Proliferative DR,1
aptos_3534,data/raw/images/aptos_3534.png,2,Moderate DR,1
aptos_3535,data/raw/images/aptos_3535.png,2,Moderate DR,1
aptos_3536,data/raw/images/aptos_3536.png,0,No DR,0
aptos_3537,data/raw/images/aptos_3537.png,0,No DR,0
aptos_3538,data/raw/images/aptos_3538.png,3,Severe DR,1
aptos_3539,data/raw/images/aptos_3539.png,0,No DR,0
aptos_3540,data/raw/images/aptos_3540.png,0,No DR,0
aptos_3541,data/raw/images/aptos_3541.png,0,No DR,0
aptos_3542,data/raw/images/aptos_3542.png,2,Moderate DR,1
aptos_3543,data/raw/images/aptos_3543.png,4,Proliferative DR,1
aptos_3544,data/raw/images/aptos_3544.png,0,No DR,0
aptos_3545,data/raw/images/aptos_3545.png,4,Proliferative DR,1
aptos_3546,data/raw/images/aptos_3546.png,3,Severe DR,1
aptos_3547,data/raw/images/aptos_3547.png,1,Mild DR,1
aptos_3548,data/raw/images/aptos_3548.png,0,No DR,0
aptos_3549,data/raw/images/aptos_3549.png,0,No DR,0
aptos_3550,data/raw/images/aptos_3550.png,0,No DR,0
aptos_3551,data/raw/images/aptos_3551.png,0,No DR,0
aptos_3552,data/raw/images/aptos_3552.png,4,Proliferative DR,1
aptos_3553,data/raw/images/aptos_3553.png,1,Mild DR,1
aptos_3554,data/raw/images/aptos_3554.png,0,No DR,0
aptos_3555,data/raw/images/aptos_3555.png,1,Mild DR,1
aptos_3556,data/raw/images/aptos_3556.png,0,No DR,0
aptos_3557,data/raw/images/aptos_3557.png,0,No DR,0
aptos_3558,data/raw/images/aptos_3558.png,0,No DR,0
aptos_3559,data/raw/images/aptos_3559.png,2,Moderate DR,1
aptos_3560,data/raw/images/aptos_3560.png,1,Mild DR,1
aptos_3561,data/raw/images/aptos_3561.png,2,Moderate DR,1
aptos_3562,data/raw/images/aptos_3562.png,0,No DR,0
aptos_3563,data/raw/images/aptos_3563.png,2,Moderate DR,1
aptos_3564,data/raw/images/aptos_3564.png,4,Proliferative DR,1
aptos_3565,data/raw/images/aptos_3565.png,0,No DR,0
aptos_3566,data/raw/images/aptos_3566.png,0,No DR,0
aptos_3567,data/raw/images/aptos_3567.png,0,No DR,0
aptos_3568,data/raw/images/aptos_3568.png,4,Proliferative DR,1
aptos_3569,data/raw/images/aptos_3569.png,0,No DR,0
aptos_3570,data/raw/images/aptos_3570.png,0,No DR,0
aptos_3571,data/raw/images/aptos_3571.png,2,Moderate DR,1
aptos_3572,data/raw/images/aptos_3572.png,3,Severe DR,1
aptos_3573,data/raw/images/aptos_3573.png,0,No DR,0
aptos_3574,data/raw/images/aptos_3574.png,3,Severe DR,1
aptos_3575,data/raw/images/aptos_3575.png,0,No DR,0
aptos_3576,data/raw/images/aptos_3576.png,2,Moderate DR,1
aptos_3577,data/raw/images/aptos_3577.png,0,No DR,0
aptos_3578,data/raw/images/aptos_3578.png,0,No DR,0
aptos_3579,data/raw/images/aptos_3579.png,2,Moderate DR,1
aptos_3580,data/raw/images/aptos_3580.png,2,Moderate DR,1
aptos_3581,data/raw/images/aptos_3581.png,0,No DR,0
aptos_3582,data/raw/images/aptos_3582.png,0,No DR,0
aptos_3583,data/raw/images/aptos_3583.png,0,No DR,0
aptos_3584,data/raw/images/aptos_3584.png,2,Moderate DR,1
aptos_3585,data/raw/images/aptos_3585.png,2,Moderate DR,1
aptos_3586,data/raw/images/aptos_3586.png,0,No DR,0
aptos_3587,data/raw/images/aptos_3587.png,2,Moderate DR,1
aptos_3588,data/raw/images/aptos_3588.png,0,No DR,0
aptos_3589,data/raw/images/aptos_3589.png,4,Proliferative DR,1
aptos_3590,data/raw/images/aptos_3590.png,0,No DR,0
aptos_3591,data/raw/images/aptos_3591.png,2,Moderate DR,1
aptos_3592,data/raw/images/aptos_3592.png,0,No DR,0
aptos_3593,data/raw/images/aptos_3593.png,0,No DR,0
aptos_3594,data/raw/images/aptos_3594.png,0,No DR,0
aptos_3595,data/raw/images/aptos_3595.png,2,Moderate DR,1
aptos_3596,data/raw/images/aptos_3596.png,0,No DR,0
aptos_3597,data/raw/images/aptos_3597.png,3,Severe DR,1
aptos_3598,data/raw/images/aptos_3598.png,4,Proliferative DR,1
aptos_3599,data/raw/images/aptos_3599.png,1,Mild DR,1
aptos_3600,data/raw/images/aptos_3600.png,0,No DR,0
aptos_3601,data/raw/images/aptos_3601.png,0,No DR,0
aptos_3602,data/raw/images/aptos_3602.png,0,No DR,0
aptos_3603,data/raw/images/aptos_3603.png,2,Moderate DR,1
aptos_3604,data/raw/images/aptos_3604.png,0,No DR,0
aptos_3605,data/raw/images/aptos_3605.png,0,No DR,0
aptos_3606,data/raw/images/aptos_3606.png,0,No DR,0
aptos_3607,data/raw/images/aptos_3607.png,2,Moderate DR,1
aptos_3608,data/raw/images/aptos_3608.png,2,Moderate DR,1
aptos_3609,data/raw/images/aptos_3609.png,2,Moderate DR,1
aptos_3610,data/raw/images/aptos_3610.png,2,Moderate DR,1
aptos_3611,data/raw/images/aptos_3611.png,0,No DR,0
aptos_3612,data/raw/images/aptos_3612.png,0,No DR,0
aptos_3613,data/raw/images/aptos_3613.png,0,No DR,0
aptos_3614,data/raw/images/aptos_3614.png,0,No DR,0
aptos_3615,data/raw/images/aptos_3615.png,1,Mild DR,1
aptos_3616,data/raw/images/aptos_3616.png,0,No DR,0
aptos_3617,data/raw/images/aptos_3617.png,2,Moderate DR,1
aptos_3618,data/raw/images/aptos_3618.png,3,Severe DR,1
aptos_3619,data/raw/images/aptos_3619.png,0,No DR,0
aptos_3620,data/raw/images/aptos_3620.png,4,Proliferative DR,1
aptos_3621,data/raw/images/aptos_3621.png,0,No DR,0
aptos_3622,data/raw/images/aptos_3622.png,0,No DR,0
aptos_3623,data/raw/images/aptos_3623.png,2,Moderate DR,1
aptos_3624,data/raw/images/aptos_3624.png,0,No DR,0
aptos_3625,data/raw/images/aptos_3625.png,1,Mild DR,1
aptos_3626,data/raw/images/aptos_3626.png,0,No DR,0
aptos_3627,data/raw/images/aptos_3627.png,3,Severe DR,1
aptos_3628,data/raw/images/aptos_3628.png,0,No DR,0
aptos_3629,data/raw/images/aptos_3629.png,0,No DR,0
aptos_3630,data/raw/images/aptos_3630.png,1,Mild DR,1
aptos_3631,data/raw/images/aptos_3631.png,4,Proliferative DR,1
aptos_3632,data/raw/images/aptos_3632.png,0,No DR,0
aptos_3633,data/raw/images/aptos_3633.png,0,No DR,0
aptos_3634,data/raw/images/aptos_3634.png,3,Severe DR,1
aptos_3635,data/raw/images/aptos_3635.png,1,Mild DR,1
aptos_3636,data/raw/images/aptos_3636.png,2,Moderate DR,1
aptos_3637,data/raw/images/aptos_3637.png,0,No DR,0
aptos_3638,data/raw/images/aptos_3638.png,0,No DR,0
aptos_3639,data/raw/images/aptos_3639.png,1,Mild DR,1
aptos_3640,data/raw/images/aptos_3640.png,1,Mild DR,1
aptos_3641,data/raw/images/aptos_3641.png,0,No DR,0
aptos_3642,data/raw/images/aptos_3642.png,1,Mild DR,1
aptos_3643,data/raw/images/aptos_3643.png,0,No DR,0
aptos_3644,data/raw/images/aptos_3644.png,0,No DR,0
aptos_3645,data/raw/images/aptos_3645.png,0,No DR,0
aptos_3646,data/raw/images/aptos_3646.png,2,Moderate DR,1
aptos_3647,data/raw/images/aptos_3647.png,0,No DR,0
aptos_3648,data/raw/images/aptos_3648.png,2,Moderate DR,1
aptos_3649,data/raw/images/aptos_3649.png,0,No DR,0
aptos_3650,data/raw/images/aptos_3650.png,0,No DR,0
aptos_3651,data/raw/images/aptos_3651.png,0,No DR,0
aptos_3652,data/raw/images/aptos_3652.png,2,Moderate DR,1
aptos_3653,data/raw/images/aptos_3653.png,0,No DR,0
aptos_3654,data/raw/images/aptos_3654.png,0,No DR,0
aptos_3655,data/raw/images/aptos_3655.png,2,Moderate DR,1
aptos_3656,data/raw/images/aptos_3656.png,4,Proliferative DR,1
aptos_3657,data/raw/images/aptos_3657.png,2,Moderate DR,1
aptos_3658,data/raw/images/aptos_3658.png,0,No DR,0
aptos_3659,data/raw/images/aptos_3659.png,2,Moderate DR,1
aptos_3660,data/raw/images/aptos_3660.png,0,No DR,0
aptos_3661,data/raw/images/aptos_3661.png,2,Moderate DR,1
