image_id,y_true,pred_base,prob_base,pred_agcwd,prob_agcwd,pred_prop,prob_prop,selected_path,arps_score,fallback_used,contrast,sharpness,noise,illumination_variation,vessel_similarity,delta_noise,delta_contrast,selection_reason,base_correct,agcwd_correct,prop_correct
aptos_2389,0,0,0.006178348,0,0.012460908,0,0.013735316,PATH_C,0.9959,False,15.3193,3507.4407,2.9652,7.4172,0.9753,1.4826,-1.0451,Selected PATH_C with highest valid ARPS score (0.9959) satisfying all retinal preservation constraints.,True,True,True
aptos_1863,1,1,0.99191636,1,0.99640524,1,0.9970611,PATH_A,1.4434,False,26.4812,1638.2505,2.9652,17.5841,0.967,1.4826,10.3121,Selected PATH_A with highest valid ARPS score (1.4434) satisfying all retinal preservation constraints.,True,True,True
aptos_0424,0,1,0.96455383,0,0.0066006565,1,0.9684967,PATH_A,1.4099,False,16.9121,2475.1487,2.9652,19.3857,0.9823,1.4826,3.693,Selected PATH_A with highest valid ARPS score (1.4099) satisfying all retinal preservation constraints.,False,True,False
aptos_3281,0,0,0.0021601573,0,0.001173967,0,0.00963742,PATH_A,1.4128,False,23.0571,2036.6972,2.9652,16.9021,0.9824,1.4826,4.3103,Selected PATH_A with highest valid ARPS score (1.4128) satisfying all retinal preservation constraints.,True,True,True
aptos_1546,1,1,0.99476284,1,0.9966563,1,0.9961498,PATH_A,1.4263,False,13.0716,1117.8543,2.9652,14.2885,0.9575,1.4826,3.2026,Selected PATH_A with highest valid ARPS score (1.4263) satisfying all retinal preservation constraints.,True,True,True
aptos_0785,1,1,0.9929102,1,0.9952932,1,0.99585164,PATH_A,1.3378,False,15.0466,1712.8328,2.9652,14.9223,0.9627,1.4826,2.1431,Selected PATH_A with highest valid ARPS score (1.3378) satisfying all retinal preservation constraints.,True,True,True
aptos_1080,0,0,0.007786999,0,0.01942239,0,0.021817047,PATH_B,0.3936,False,19.8228,623.1955,1.4826,17.0593,0.9299,0.0,-1.5574,Selected PATH_B with highest valid ARPS score (0.3936) satisfying all retinal preservation constraints.,True,True,True
aptos_1883,0,0,0.032468624,0,0.017133929,0,0.039928958,PATH_A,1.1875,False,14.6237,2966.5216,2.9652,13.9965,0.9744,1.4826,0.9782,Selected PATH_A with highest valid ARPS score (1.1875) satisfying all retinal preservation constraints.,True,True,True
aptos_0444,1,1,0.99169344,1,0.99563855,1,0.99572575,PATH_C,1.6087,False,15.7291,754.7562,1.4826,6.9145,0.962,0.0,7.2493,Selected PATH_C with highest valid ARPS score (1.6087) satisfying all retinal preservation constraints.,True,True,True
aptos_2380,1,1,0.9933049,1,0.9970898,1,0.99593556,PATH_A,1.4389,False,12.4562,1535.9213,2.9652,12.2825,0.9733,1.4826,3.5335,Selected PATH_A with highest valid ARPS score (1.4389) satisfying all retinal preservation constraints.,True,True,True
aptos_1903,1,1,0.9924508,1,0.9879419,1,0.99488056,PATH_A,1.3531,False,32.5556,1572.861,2.9652,31.5217,0.9664,1.4826,0.6123,Selected PATH_A with highest valid ARPS score (1.3531) satisfying all retinal preservation constraints.,True,True,True
aptos_0436,0,0,0.002618093,0,0.0011930253,0,0.009438867,PATH_B,0.5361,False,19.9143,296.7788,1.4826,19.2474,0.8755,0.0,0.1782,Selected PATH_B with highest valid ARPS score (0.5361) satisfying all retinal preservation constraints.,True,True,True
aptos_1504,0,0,0.0023632983,0,0.0011901424,0,0.010658292,PATH_A,1.4114,False,22.9926,3420.4715,2.9652,19.5761,0.9761,1.4826,5.429,Selected PATH_A with highest valid ARPS score (1.4114) satisfying all retinal preservation constraints.,True,True,True
aptos_0980,0,0,0.01766437,0,0.016600719,0,0.017160054,PATH_B,0.4004,False,20.5465,574.6832,1.4826,18.8596,0.9194,0.0,-0.8595,Selected PATH_B with highest valid ARPS score (0.4004) satisfying all retinal preservation constraints.,True,True,True
aptos_1836,0,0,0.0023212049,0,0.0016014477,0,0.010912147,PATH_C,0.6485,False,17.6434,891.1047,1.4826,12.0907,0.9583,0.0,-3.6357,Selected PATH_C with highest valid ARPS score (0.6485) satisfying all retinal preservation constraints.,True,True,True
aptos_1597,1,1,0.9927825,1,0.99743986,1,0.9952878,PATH_C,1.4425,False,16.2909,2251.7054,2.9652,6.7903,0.973,1.4826,3.2641,Selected PATH_C with highest valid ARPS score (1.4425) satisfying all retinal preservation constraints.,True,True,True
aptos_2425,1,1,0.9895732,1,0.9968438,1,0.9942993,PATH_B,0.4982,False,23.1754,529.315,1.4826,22.5372,0.8824,0.0,2.7245,Selected PATH_B with highest valid ARPS score (0.4982) satisfying all retinal preservation constraints.,True,True,True
aptos_0864,1,1,0.9642135,1,0.98362213,1,0.9638386,PATH_A,1.2789,False,28.2054,2112.706,2.9652,29.8246,0.9566,1.4826,0.9567,Selected PATH_A with highest valid ARPS score (1.2789) satisfying all retinal preservation constraints.,True,True,True
aptos_1636,1,1,0.9939272,1,0.9964509,1,0.99358726,PATH_C,1.4258,False,18.3432,2071.6486,2.9652,7.5482,0.9816,1.4826,1.1573,Selected PATH_C with highest valid ARPS score (1.4258) satisfying all retinal preservation constraints.,True,True,True
aptos_2713,1,1,0.99171597,1,0.9969656,1,0.9953565,PATH_A,1.41,False,19.345,3012.3579,2.9652,20.2786,0.9778,1.4826,4.6342,Selected PATH_A with highest valid ARPS score (1.4100) satisfying all retinal preservation constraints.,True,True,True
aptos_2041,1,1,0.9912066,1,0.994235,1,0.9934356,PATH_A,1.4182,False,16.5992,1561.7655,2.9652,26.2704,0.967,1.4826,6.41,Selected PATH_A with highest valid ARPS score (1.4182) satisfying all retinal preservation constraints.,True,True,True
aptos_3535,1,1,0.9920002,1,0.9974744,1,0.9957415,PATH_A,1.4455,False,17.4485,3333.4282,2.9652,14.1589,0.9792,1.4826,6.0829,Selected PATH_A with highest valid ARPS score (1.4455) satisfying all retinal preservation constraints.,True,True,True
aptos_2047,1,0,0.04326553,0,0.39738393,1,0.981837,PATH_A,1.2286,False,23.7018,664.1853,1.4826,32.1671,0.9488,1.4826,4.2715,Selected PATH_A with highest valid ARPS score (1.2286) satisfying all retinal preservation constraints.,False,False,True
aptos_2010,1,0,0.09974233,1,0.7318536,0,0.08075662,PATH_A,1.3546,False,27.4049,1933.5501,2.9652,33.7581,0.9759,1.4826,2.6375,Selected PATH_A with highest valid ARPS score (1.3546) satisfying all retinal preservation constraints.,False,True,False
aptos_2911,1,1,0.9941778,1,0.9967354,1,0.9946795,PATH_C,1.4416,False,15.5849,1309.0331,2.9652,6.6695,0.9703,1.4826,3.0038,Selected PATH_C with highest valid ARPS score (1.4416) satisfying all retinal preservation constraints.,True,True,True
aptos_3406,0,0,0.0047903704,0,0.0052830423,0,0.029879471,PATH_A,1.4071,False,19.7397,5844.7714,4.4478,16.1263,0.9794,1.4826,1.7435,Selected PATH_A with highest valid ARPS score (1.4071) satisfying all retinal preservation constraints.,True,True,True
aptos_2774,1,1,0.99602413,1,0.9972301,1,0.99663085,PATH_A,1.4664,False,16.4925,3333.8458,2.9652,11.889,0.9699,1.4826,6.8958,Selected PATH_A with highest valid ARPS score (1.4664) satisfying all retinal preservation constraints.,True,True,True
aptos_3019,0,0,0.024358142,0,0.01792222,0,0.045218166,PATH_A,1.3711,False,28.6121,4219.0498,2.9652,28.436,0.9797,1.4826,3.0664,Selected PATH_A with highest valid ARPS score (1.3711) satisfying all retinal preservation constraints.,True,True,True
aptos_2961,1,1,0.99571437,1,0.99687755,1,0.99691725,PATH_A,1.4235,False,16.989,1936.2443,2.9652,15.0328,0.9722,1.4826,3.962,Selected PATH_A with highest valid ARPS score (1.4235) satisfying all retinal preservation constraints.,True,True,True
aptos_3383,1,1,0.9793778,1,0.98918414,1,0.99464417,PATH_C,1.4548,False,13.0836,1542.1257,2.9652,7.5241,0.9714,1.4826,3.9155,Selected PATH_C with highest valid ARPS score (1.4548) satisfying all retinal preservation constraints.,True,True,True
aptos_2420,0,1,0.9731578,0,0.0035065063,1,0.99613476,PATH_A,1.4118,False,20.3683,2548.0596,2.9652,18.0353,0.975,1.4826,4.2253,Selected PATH_A with highest valid ARPS score (1.4118) satisfying all retinal preservation constraints.,False,True,False
aptos_1045,1,1,0.9911075,1,0.9940534,1,0.994902,PATH_C,1.4355,False,16.5511,1555.3163,2.9652,7.4327,0.976,1.4826,2.5971,Selected PATH_C with highest valid ARPS score (1.4355) satisfying all retinal preservation constraints.,True,True,True
aptos_2223,1,1,0.70345205,0,0.015946696,0,0.44897133,PATH_A,1.2477,False,19.114,799.3079,1.4826,28.1132,0.9544,1.4826,4.5017,Selected PATH_A with highest valid ARPS score (1.2477) satisfying all retinal preservation constraints.,True,False,False
aptos_1638,0,0,0.005220007,0,0.0044889105,0,0.025861863,PATH_A,1.1043,False,16.3041,3684.1643,2.9652,13.2794,0.9733,1.4826,1.3051,Selected PATH_A with highest valid ARPS score (1.1043) satisfying all retinal preservation constraints.,True,True,True
aptos_2404,0,0,0.006466139,0,0.0016546163,0,0.008182451,PATH_A,1.3836,False,23.0917,4693.2987,2.9652,23.2619,0.9822,1.4826,1.9619,Selected PATH_A with highest valid ARPS score (1.3836) satisfying all retinal preservation constraints.,True,True,True
aptos_1763,1,1,0.99548894,1,0.9973224,1,0.9964084,PATH_A,1.4282,False,18.9604,2314.5326,2.9652,13.7104,0.9549,1.4826,4.7044,Selected PATH_A with highest valid ARPS score (1.4282) satisfying all retinal preservation constraints.,True,True,True
aptos_1822,0,0,0.009038574,0,0.013050864,0,0.020246593,PATH_C,0.8721,False,14.8613,2804.8828,2.9652,8.6453,0.9726,1.4826,-2.0683,Selected PATH_C with highest valid ARPS score (0.8721) satisfying all retinal preservation constraints.,True,True,True
aptos_2125,0,0,0.0021443632,0,0.0014953583,0,0.0100532845,PATH_A,1.4188,False,20.8421,3571.7914,2.9652,17.2316,0.9696,1.4826,5.1033,Selected PATH_A with highest valid ARPS score (1.4188) satisfying all retinal preservation constraints.,True,True,True
aptos_2543,1,1,0.98991454,1,0.9959189,1,0.9882349,PATH_B,0.4329,False,26.3647,450.8531,1.4826,27.4267,0.8675,0.0,1.8256,Selected PATH_B with highest valid ARPS score (0.4329) satisfying all retinal preservation constraints.,True,True,True
aptos_0727,1,1,0.98874295,1,0.9947567,1,0.9933229,PATH_A,1.4712,False,23.919,5956.7888,4.4478,18.5442,0.9827,1.4826,3.248,Selected PATH_A with highest valid ARPS score (1.4712) satisfying all retinal preservation constraints.,True,True,True
aptos_1731,0,0,0.025095405,0,0.020612147,0,0.018914467,PATH_B,0.4613,False,21.676,738.6579,1.4826,20.1948,0.9119,-1.4826,-1.926,Selected PATH_B with highest valid ARPS score (0.4613) satisfying all retinal preservation constraints.,True,True,True
aptos_2789,1,1,0.99603647,1,0.99703133,1,0.99662244,PATH_A,1.4397,False,14.7615,2208.0973,2.9652,13.3192,0.9766,1.4826,4.4992,Selected PATH_A with highest valid ARPS score (1.4397) satisfying all retinal preservation constraints.,True,True,True
aptos_2512,0,0,0.0052230135,0,0.015631847,0,0.027269216,PATH_B,0.3776,False,16.7409,501.1858,1.4826,15.4698,0.9022,0.0,-1.7792,Selected PATH_B with highest valid ARPS score (0.3776) satisfying all retinal preservation constraints.,True,True,True
aptos_0430,0,0,0.035091057,0,0.009063018,0,0.028561022,PATH_B,0.4913,False,27.1612,965.5127,1.4826,27.3314,0.9234,0.0,3.764,Selected PATH_B with highest valid ARPS score (0.4913) satisfying all retinal preservation constraints.,True,True,True
aptos_0718,0,0,0.0024434146,0,0.0011454104,0,0.015650898,PATH_A,1.3975,False,24.8716,2943.4042,2.9652,20.4649,0.9793,1.4826,3.5761,Selected PATH_A with highest valid ARPS score (1.3975) satisfying all retinal preservation constraints.,True,True,True
aptos_1006,0,0,0.035545148,0,0.0048657064,0,0.028756991,PATH_A,1.3997,False,17.9345,1702.429,2.9652,27.5757,0.9808,1.4826,5.4589,Selected PATH_A with highest valid ARPS score (1.3997) satisfying all retinal preservation constraints.,True,True,True
aptos_0072,1,1,0.9936121,1,0.9968712,1,0.9943482,PATH_C,1.4229,False,13.584,1680.2968,2.9652,7.3141,0.9785,1.4826,0.3515,Selected PATH_C with highest valid ARPS score (1.4229) satisfying all retinal preservation constraints.,True,True,True
aptos_0405,0,0,0.003414839,0,0.00465526,0,0.03103851,PATH_A,1.0362,False,13.7188,3250.2927,2.9652,12.4497,0.9672,1.4826,1.3943,Selected PATH_A with highest valid ARPS score (1.0362) satisfying all retinal preservation constraints.,True,True,True
aptos_2553,0,0,0.12007731,0,0.032957744,0,0.024983635,PATH_B,0.4215,False,17.5952,535.7929,1.4826,17.1217,0.8931,0.0,1.1476,Selected PATH_B with highest valid ARPS score (0.4215) satisfying all retinal preservation constraints.,True,True,True
aptos_3055,0,0,0.028213182,0,0.0202719,0,0.029316295,PATH_C,0.9105,False,14.9968,2644.0366,2.9652,8.3749,0.9689,1.4826,-1.4274,Selected PATH_C with highest valid ARPS score (0.9105) satisfying all retinal preservation constraints.,True,True,True
aptos_1663,1,1,0.9902919,1,0.99533314,1,0.9953752,PATH_A,1.4021,False,18.2583,2201.5149,2.9652,20.4452,0.9756,1.4826,3.3728,Selected PATH_A with highest valid ARPS score (1.4021) satisfying all retinal preservation constraints.,True,True,True
aptos_0528,1,1,0.99228036,1,0.99427986,1,0.9941598,PATH_C,1.0309,False,17.5879,3114.3249,2.9652,9.4247,0.9773,1.4826,3.0282,Selected PATH_C with highest valid ARPS score (1.0309) satisfying all retinal preservation constraints.,True,True,True
aptos_3104,0,0,0.0040224404,0,0.010808982,0,0.017863724,PATH_C,0.8462,False,15.9405,2987.2279,2.9652,8.2132,0.966,1.4826,0.0191,Selected PATH_C with highest valid ARPS score (0.8462) satisfying all retinal preservation constraints.,True,True,True
aptos_1562,0,1,0.6005018,0,0.02368398,0,0.03511448,PATH_A,1.4026,False,19.2275,2239.72,2.9652,23.2937,0.9765,1.4826,4.7703,Selected PATH_A with highest valid ARPS score (1.4026) satisfying all retinal preservation constraints.,False,True,True
aptos_3462,0,1,0.99144125,1,0.99752074,1,0.9946517,PATH_C,1.4361,False,12.8087,1302.8585,2.9652,6.7706,0.9684,1.4826,1.924,Selected PATH_C with highest valid ARPS score (1.4361) satisfying all retinal preservation constraints.,False,False,False
aptos_1734,1,1,0.9819765,1,0.98070335,1,0.99248415,PATH_A,1.3889,False,19.5319,1687.9748,2.9652,25.2389,0.9756,1.4826,3.6624,Selected PATH_A with highest valid ARPS score (1.3889) satisfying all retinal preservation constraints.,True,True,True
aptos_1175,1,1,0.9930634,1,0.9968829,1,0.9968733,PATH_C,1.2161,False,19.2052,2617.4339,2.9652,6.5261,0.9794,1.4826,7.3784,Selected PATH_C with highest valid ARPS score (1.2161) satisfying all retinal preservation constraints.,True,True,True
aptos_3134,0,0,0.0068825027,0,0.007957137,0,0.014520273,PATH_C,0.9757,False,15.1614,3427.6627,2.9652,8.0554,0.9745,1.4826,0.0822,Selected PATH_C with highest valid ARPS score (0.9757) satisfying all retinal preservation constraints.,True,True,True
aptos_0524,1,0,0.011321314,0,0.021191021,0,0.012396645,PATH_C,1.0646,False,15.4678,3977.3225,2.9652,7.9934,0.9736,1.4826,-2.3002,Selected PATH_C with highest valid ARPS score (1.0646) satisfying all retinal preservation constraints.,False,False,False
aptos_0029,0,0,0.026850188,0,0.09376062,0,0.03207932,PATH_A,1.3984,False,20.4682,2423.3979,2.9652,21.5896,0.9827,1.4826,3.6164,Selected PATH_A with highest valid ARPS score (1.3984) satisfying all retinal preservation constraints.,True,True,True
aptos_0429,0,1,0.8140179,1,0.99490523,1,0.93544024,PATH_A,1.2449,False,38.8743,3852.9722,2.9652,32.4558,0.9778,1.4826,-2.5472,Selected PATH_A with highest valid ARPS score (1.2449) satisfying all retinal preservation constraints.,False,False,False
aptos_1524,0,0,0.0038488274,0,0.0012734187,0,0.013143426,PATH_B,0.667,False,21.2799,345.0359,0.0,20.7747,0.86,-1.4826,1.1715,Selected PATH_B with highest valid ARPS score (0.6670) satisfying all retinal preservation constraints.,True,True,True
aptos_0903,0,0,0.0038451476,0,0.006914714,0,0.02460765,PATH_A,1.0181,False,16.4741,3961.2707,2.9652,12.7638,0.9774,1.4826,0.2103,Selected PATH_A with highest valid ARPS score (1.0181) satisfying all retinal preservation constraints.,True,True,True
aptos_0993,0,0,0.003803067,0,0.0012576641,0,0.011035105,PATH_A,1.3877,False,24.208,1916.0036,2.9652,22.3486,0.9741,1.4826,2.5563,Selected PATH_A with highest valid ARPS score (1.3877) satisfying all retinal preservation constraints.,True,True,True
aptos_3292,0,0,0.003401301,0,0.011443385,0,0.034397732,PATH_A,1.0373,False,16.8518,3990.5755,2.9652,12.9575,0.9731,1.4826,3.3243,Selected PATH_A with highest valid ARPS score (1.0373) satisfying all retinal preservation constraints.,True,True,True
aptos_3362,0,0,0.005228117,0,0.009545575,0,0.03725978,PATH_A,1.1466,False,16.4464,3761.9169,2.9652,13.2666,0.9707,1.4826,1.2115,Selected PATH_A with highest valid ARPS score (1.1466) satisfying all retinal preservation constraints.,True,True,True
aptos_1849,1,0,0.01688655,0,0.0137719,0,0.021458536,PATH_B,0.3879,False,21.1181,544.2166,1.4826,18.9796,0.9063,0.0,-2.2353,Selected PATH_B with highest valid ARPS score (0.3879) satisfying all retinal preservation constraints.,False,False,False
aptos_3609,1,0,0.032689795,0,0.08407263,0,0.23072222,PATH_A,1.3055,False,39.187,4357.4896,2.9652,43.5744,0.9837,1.4826,1.7831,Selected PATH_A with highest valid ARPS score (1.3055) satisfying all retinal preservation constraints.,False,False,False
aptos_1212,0,0,0.005149666,0,0.0013831232,0,0.009361906,PATH_B,0.5801,False,20.1348,640.9432,1.4826,21.3162,0.9235,0.0,2.3567,Selected PATH_B with highest valid ARPS score (0.5801) satisfying all retinal preservation constraints.,True,True,True
aptos_3259,0,1,0.81428355,0,0.014706287,0,0.08021227,PATH_A,1.3898,False,21.6372,2065.997,2.9652,27.0741,0.9811,1.4826,4.9904,Selected PATH_A with highest valid ARPS score (1.3898) satisfying all retinal preservation constraints.,False,True,True
aptos_1522,1,1,0.9538952,1,0.6212495,1,0.9766972,PATH_A,1.491,False,25.1539,1040.6756,1.4826,37.493,0.971,0.0,4.5176,Selected PATH_A with highest valid ARPS score (1.4910) satisfying all retinal preservation constraints.,True,True,True
aptos_1543,1,1,0.9947472,1,0.99581224,1,0.9955713,PATH_A,1.4155,False,17.1028,1806.0642,2.9652,21.0699,0.9734,1.4826,4.994,Selected PATH_A with highest valid ARPS score (1.4155) satisfying all retinal preservation constraints.,True,True,True
aptos_0494,0,0,0.25411844,1,0.9885548,1,0.9912628,PATH_A,1.4103,False,20.4238,3384.6663,2.9652,18.9593,0.9601,1.4826,4.5627,Selected PATH_A with highest valid ARPS score (1.4103) satisfying all retinal preservation constraints.,True,False,False
aptos_1217,0,0,0.007329558,0,0.013061358,0,0.01939757,PATH_B,0.3911,False,18.9895,681.6074,1.4826,17.3208,0.9082,0.0,0.1989,Selected PATH_B with highest valid ARPS score (0.3911) satisfying all retinal preservation constraints.,True,True,True
aptos_1215,0,0,0.0023572685,0,0.0013294733,0,0.010794954,PATH_A,1.4123,False,21.4333,1954.3147,2.9652,15.6101,0.978,1.4826,3.3132,Selected PATH_A with highest valid ARPS score (1.4123) satisfying all retinal preservation constraints.,True,True,True
aptos_3056,0,0,0.016061926,0,0.0013717656,0,0.017676113,PATH_B,0.5215,False,16.6727,342.4527,1.4826,25.077,0.8724,0.0,6.1621,Selected PATH_B with highest valid ARPS score (0.5215) satisfying all retinal preservation constraints.,True,True,True
aptos_2608,0,0,0.0046120672,0,0.008616395,0,0.018284228,PATH_A,0.9638,False,23.1371,6161.2844,2.9652,13.7597,0.9711,1.4826,1.9169,Selected PATH_A with highest valid ARPS score (0.9638) satisfying all retinal preservation constraints.,True,True,True
aptos_1971,1,1,0.9847334,1,0.9932308,1,0.9952082,PATH_A,1.4181,False,20.6161,3204.6596,2.9652,20.7101,0.9707,1.4826,6.2355,Selected PATH_A with highest valid ARPS score (1.4181) satisfying all retinal preservation constraints.,True,True,True
aptos_3026,0,0,0.0027074367,0,0.0013268511,0,0.0098703625,PATH_A,1.4043,False,18.2249,1916.7074,2.9652,15.2947,0.9757,1.4826,1.2869,Selected PATH_A with highest valid ARPS score (1.4043) satisfying all retinal preservation constraints.,True,True,True
aptos_2529,1,1,0.9960557,1,0.9974498,1,0.9969957,PATH_A,1.5818,False,19.0086,1321.4152,1.4826,11.879,0.9766,0.0,5.7999,Selected PATH_A with highest valid ARPS score (1.5818) satisfying all retinal preservation constraints.,True,True,True
aptos_3511,0,0,0.0020898418,0,0.0013913937,0,0.010438824,PATH_C,0.7373,False,15.1002,1033.5347,1.4826,9.2712,0.9717,0.0,0.7952,Selected PATH_C with highest valid ARPS score (0.7373) satisfying all retinal preservation constraints.,True,True,True
aptos_2639,0,0,0.0057657654,0,0.0016489304,0,0.0074272864,PATH_B,0.4765,False,19.0125,637.5348,1.4826,20.8475,0.8934,0.0,-0.6369,Selected PATH_B with highest valid ARPS score (0.4765) satisfying all retinal preservation constraints.,True,True,True
aptos_0186,1,1,0.9896562,1,0.99487215,1,0.9928837,PATH_C,1.1309,False,16.0061,2930.2879,2.9652,8.2698,0.9731,1.4826,-2.4977,Selected PATH_C with highest valid ARPS score (1.1309) satisfying all retinal preservation constraints.,True,True,True
aptos_1165,0,0,0.0057080933,0,0.0019336131,0,0.012792296,PATH_B,0.7562,False,16.8847,484.2785,0.0,16.1061,0.9017,-1.4826,4.3685,Selected PATH_B with highest valid ARPS score (0.7562) satisfying all retinal preservation constraints.,True,True,True
aptos_1046,0,0,0.027823973,0,0.016687825,0,0.017906843,PATH_B,0.4221,False,21.2074,862.2274,1.4826,18.3092,0.9291,0.0,0.8128,Selected PATH_B with highest valid ARPS score (0.4221) satisfying all retinal preservation constraints.,True,True,True
aptos_1876,1,1,0.9918391,1,0.99631566,1,0.99593383,PATH_C,1.1275,False,13.6526,1179.803,2.9652,7.9555,0.97,1.4826,3.7316,Selected PATH_C with highest valid ARPS score (1.1275) satisfying all retinal preservation constraints.,True,True,True
aptos_2237,1,1,0.9912144,1,0.99718046,1,0.9963366,PATH_A,1.4224,False,18.7992,2455.4113,2.9652,17.0691,0.9754,1.4826,4.9556,Selected PATH_A with highest valid ARPS score (1.4224) satisfying all retinal preservation constraints.,True,True,True
aptos_2530,1,1,0.9855216,1,0.99652475,1,0.99357706,PATH_C,1.4339,False,16.9268,1452.4913,2.9652,8.6857,0.973,1.4826,2.9602,Selected PATH_C with highest valid ARPS score (1.4339) satisfying all retinal preservation constraints.,True,True,True
aptos_1854,1,1,0.9928086,1,0.99707186,1,0.9957594,PATH_A,1.4179,False,18.0378,3345.6001,2.9652,13.2385,0.978,1.4826,2.6108,Selected PATH_A with highest valid ARPS score (1.4179) satisfying all retinal preservation constraints.,True,True,True
aptos_2871,0,0,0.009137805,0,0.010128007,0,0.021583272,PATH_B,0.3894,False,18.5155,500.6388,1.4826,18.0301,0.9084,0.0,0.3994,Selected PATH_B with highest valid ARPS score (0.3894) satisfying all retinal preservation constraints.,True,True,True
aptos_1691,1,1,0.9918543,1,0.9971808,1,0.99643385,PATH_A,1.3986,False,21.5115,2198.8058,2.9652,20.6487,0.9706,1.4826,3.5218,Selected PATH_A with highest valid ARPS score (1.3986) satisfying all retinal preservation constraints.,True,True,True
aptos_1416,0,0,0.02390138,0,0.04337096,0,0.031959094,PATH_A,1.3658,False,25.675,2208.3371,2.9652,28.2056,0.976,1.4826,1.2449,Selected PATH_A with highest valid ARPS score (1.3658) satisfying all retinal preservation constraints.,True,True,True
aptos_2249,0,0,0.0027592476,0,0.001196896,0,0.010910511,PATH_B,0.5083,False,23.0446,593.8954,1.4826,24.4069,0.9079,0.0,0.894,Selected PATH_B with highest valid ARPS score (0.5083) satisfying all retinal preservation constraints.,True,True,True
aptos_1374,0,0,0.016762827,0,0.011542955,0,0.01732694,PATH_A,1.5296,False,25.5662,3844.4182,1.4826,23.6941,0.9762,0.0,4.4408,Selected PATH_A with highest valid ARPS score (1.5296) satisfying all retinal preservation constraints.,True,True,True
aptos_3020,1,1,0.9965198,1,0.99718285,1,0.99638003,PATH_A,1.5257,False,24.9192,2060.7175,1.4826,20.3505,0.9662,0.0,1.3421,Selected PATH_A with highest valid ARPS score (1.5257) satisfying all retinal preservation constraints.,True,True,True
aptos_0341,1,1,0.99199295,1,0.9957775,1,0.9953199,PATH_C,1.4487,False,16.2152,1169.0353,2.9652,7.0928,0.972,1.4826,4.0948,Selected PATH_C with highest valid ARPS score (1.4487) satisfying all retinal preservation constraints.,True,True,True
aptos_2889,1,1,0.9932807,1,0.996512,1,0.9955901,PATH_A,1.4136,False,16.0313,2102.0515,2.9652,12.778,0.9534,1.4826,1.7379,Selected PATH_A with highest valid ARPS score (1.4136) satisfying all retinal preservation constraints.,True,True,True
aptos_0763,1,1,0.99398357,1,0.9976629,1,0.99633247,PATH_A,1.428,False,21.4045,2200.3659,2.9652,16.7803,0.9745,1.4826,6.2945,Selected PATH_A with highest valid ARPS score (1.4280) satisfying all retinal preservation constraints.,True,True,True
aptos_3441,0,0,0.005937176,0,0.013804827,0,0.024763705,PATH_B,0.4026,False,17.0654,584.7825,1.4826,14.646,0.9105,0.0,1.4256,Selected PATH_B with highest valid ARPS score (0.4026) satisfying all retinal preservation constraints.,True,True,True
aptos_3351,0,0,0.009352342,0,0.01968509,0,0.034181263,PATH_A,1.2128,False,18.1818,3564.6139,2.9652,16.0631,0.9599,1.4826,1.7174,Selected PATH_A with highest valid ARPS score (1.2128) satisfying all retinal preservation constraints.,True,True,True
aptos_2904,0,0,0.0045765312,0,0.008394016,0,0.029271102,PATH_A,1.1082,False,20.3166,4178.0677,2.9652,14.4007,0.9719,1.4826,2.1246,Selected PATH_A with highest valid ARPS score (1.1082) satisfying all retinal preservation constraints.,True,True,True
aptos_2299,1,1,0.9953939,1,0.9971349,1,0.9940935,PATH_C,0.8322,False,19.1211,3935.2007,2.9652,9.0586,0.976,1.4826,0.3318,Selected PATH_C with highest valid ARPS score (0.8322) satisfying all retinal preservation constraints.,True,True,True
aptos_3659,1,1,0.9947373,1,0.9972235,1,0.9959467,PATH_A,1.4244,False,20.6356,2656.8285,2.9652,15.081,0.9725,1.4826,4.9561,Selected PATH_A with highest valid ARPS score (1.4244) satisfying all retinal preservation constraints.,True,True,True
aptos_0014,1,1,0.99678254,1,0.9973701,1,0.99571,PATH_C,1.2203,False,18.5147,3021.6124,2.9652,6.4927,0.97,1.4826,5.9589,Selected PATH_C with highest valid ARPS score (1.2203) satisfying all retinal preservation constraints.,True,True,True
aptos_2143,0,0,0.007720134,0,0.0075597125,0,0.026716629,PATH_A,1.468,False,21.6606,5244.3559,4.4478,18.0751,0.9801,1.4826,2.0289,Selected PATH_A with highest valid ARPS score (1.4680) satisfying all retinal preservation constraints.,True,True,True
aptos_2267,1,1,0.86496973,1,0.99375075,1,0.9889609,PATH_C,1.1062,False,11.7922,1686.4365,2.9652,9.6498,0.9715,1.4826,0.9322,Selected PATH_C with highest valid ARPS score (1.1062) satisfying all retinal preservation constraints.,True,True,True
aptos_0496,1,1,0.992603,1,0.9972639,1,0.99592906,PATH_A,1.4277,False,21.0985,2115.7598,2.9652,15.8166,0.9639,1.4826,5.9101,Selected PATH_A with highest valid ARPS score (1.4277) satisfying all retinal preservation constraints.,True,True,True
aptos_3154,0,0,0.014909927,0,0.0137787545,0,0.052423075,PATH_A,1.3717,False,29.1034,2486.1226,2.9652,26.3917,0.9762,1.4826,1.6578,Selected PATH_A with highest valid ARPS score (1.3717) satisfying all retinal preservation constraints.,True,True,True
aptos_3068,0,0,0.021653114,0,0.06780191,0,0.079269975,PATH_A,1.3759,False,25.5399,2322.4865,2.9652,22.477,0.9757,1.4826,-0.5934,Selected PATH_A with highest valid ARPS score (1.3759) satisfying all retinal preservation constraints.,True,True,True
aptos_1588,1,1,0.98816806,1,0.99676114,1,0.99597293,PATH_A,1.4023,False,22.1615,2739.8365,2.9652,19.6576,0.976,1.4826,3.7179,Selected PATH_A with highest valid ARPS score (1.4023) satisfying all retinal preservation constraints.,True,True,True
aptos_2845,0,0,0.009134221,0,0.017271096,0,0.021760425,PATH_B,0.3988,False,17.54,663.0013,1.4826,14.92,0.9109,0.0,-0.1289,Selected PATH_B with highest valid ARPS score (0.3988) satisfying all retinal preservation constraints.,True,True,True
aptos_2922,0,0,0.0046072323,0,0.0063982746,0,0.01559816,PATH_B,0.4049,False,17.5608,728.7262,1.4826,14.6464,0.9122,0.0,0.8945,Selected PATH_B with highest valid ARPS score (0.4049) satisfying all retinal preservation constraints.,True,True,True
aptos_2882,0,0,0.09497221,0,0.045241207,0,0.046169557,PATH_A,1.3452,False,28.3856,2721.2143,2.9652,37.5327,0.9769,1.4826,3.0451,Selected PATH_A with highest valid ARPS score (1.3452) satisfying all retinal preservation constraints.,True,True,True
aptos_1642,0,0,0.0123929735,0,0.016184276,0,0.029238258,PATH_A,1.3612,False,27.2929,3496.4191,2.9652,34.0437,0.9795,1.4826,4.4134,Selected PATH_A with highest valid ARPS score (1.3612) satisfying all retinal preservation constraints.,True,True,True
aptos_2586,1,1,0.98560405,1,0.99557894,1,0.9946978,PATH_A,1.4256,False,15.9503,1999.5048,2.9652,16.2317,0.9852,1.4826,4.2167,Selected PATH_A with highest valid ARPS score (1.4256) satisfying all retinal preservation constraints.,True,True,True
aptos_3308,1,1,0.99414897,1,0.99668294,1,0.99674076,PATH_A,1.3945,False,24.3363,2212.7628,2.9652,20.917,0.9766,1.4826,3.1651,Selected PATH_A with highest valid ARPS score (1.3945) satisfying all retinal preservation constraints.,True,True,True
aptos_0059,1,1,0.9909903,1,0.9957021,1,0.9955095,PATH_A,1.4324,False,18.2666,3851.6668,2.9652,13.849,0.9612,1.4826,5.0332,Selected PATH_A with highest valid ARPS score (1.4324) satisfying all retinal preservation constraints.,True,True,True
aptos_0377,1,1,0.99536043,1,0.99718386,1,0.9962405,PATH_A,1.4393,False,13.6635,1456.7098,2.9652,11.4371,0.9777,1.4826,3.6779,Selected PATH_A with highest valid ARPS score (1.4393) satisfying all retinal preservation constraints.,True,True,True
aptos_1540,1,1,0.9933549,1,0.99594927,1,0.9957379,PATH_A,1.4012,False,18.8965,2222.0745,2.9652,22.4043,0.9742,1.4826,4.1867,Selected PATH_A with highest valid ARPS score (1.4012) satisfying all retinal preservation constraints.,True,True,True
aptos_0231,0,0,0.0060170675,0,0.007514243,0,0.021256413,PATH_B,0.4249,False,16.7692,580.4802,1.4826,15.1438,0.9209,0.0,1.1289,Selected PATH_B with highest valid ARPS score (0.4249) satisfying all retinal preservation constraints.,True,True,True
aptos_0698,1,1,0.99597824,1,0.99725974,1,0.99641186,PATH_A,1.3778,False,24.2144,1369.3904,2.9652,23.2179,0.9614,1.4826,0.8941,Selected PATH_A with highest valid ARPS score (1.3778) satisfying all retinal preservation constraints.,True,True,True
aptos_1541,0,0,0.0285782,0,0.026011134,0,0.012737595,PATH_C,1.0366,False,16.1802,3182.7573,2.9652,8.6716,0.9771,1.4826,-1.3802,Selected PATH_C with highest valid ARPS score (1.0366) satisfying all retinal preservation constraints.,True,True,True
aptos_1595,0,0,0.0034685587,0,0.011873943,0,0.01491121,PATH_A,1.3157,False,24.2161,7141.6399,4.4478,19.0414,0.9785,1.4826,2.647,Selected PATH_A with highest valid ARPS score (1.3157) satisfying all retinal preservation constraints.,True,True,True
aptos_2956,0,0,0.003720411,0,0.0016591919,0,0.010019183,PATH_A,1.3749,False,23.7473,2786.1053,2.9652,22.0175,0.9796,1.4826,-1.3409,Selected PATH_A with highest valid ARPS score (1.3749) satisfying all retinal preservation constraints.,True,True,True
aptos_0893,1,1,0.99300086,1,0.99650574,1,0.9948783,PATH_C,1.4265,False,15.6543,1506.2254,2.9652,8.4777,0.97,1.4826,1.6384,Selected PATH_C with highest valid ARPS score (1.4265) satisfying all retinal preservation constraints.,True,True,True
aptos_0818,1,1,0.9100546,1,0.9886342,1,0.9912559,PATH_A,1.385,False,25.0478,3087.9555,2.9652,26.0587,0.9833,1.4826,4.2609,Selected PATH_A with highest valid ARPS score (1.3850) satisfying all retinal preservation constraints.,True,True,True
aptos_0961,1,1,0.9929739,1,0.9972536,1,0.99662435,PATH_C,1.5042,False,17.3388,551.5628,1.4826,6.6342,0.9632,0.0,10.1727,Selected PATH_C with highest valid ARPS score (1.5042) satisfying all retinal preservation constraints.,True,True,True
aptos_2250,1,1,0.98940825,1,0.99620026,1,0.99569255,PATH_A,1.4389,False,14.7789,2193.8652,2.9652,15.2822,0.9735,1.4826,4.9156,Selected PATH_A with highest valid ARPS score (1.4389) satisfying all retinal preservation constraints.,True,True,True
aptos_2350,1,1,0.9935967,1,0.99723226,1,0.99165314,PATH_C,1.0374,False,15.4086,1989.7522,2.9652,8.6108,0.9669,1.4826,-4.9543,Selected PATH_C with highest valid ARPS score (1.0374) satisfying all retinal preservation constraints.,True,True,True
aptos_1506,0,0,0.004271527,0,0.0016426882,0,0.011544314,PATH_A,1.4896,False,23.9932,5435.9026,4.4478,20.4573,0.9819,1.4826,7.4019,Selected PATH_A with highest valid ARPS score (1.4896) satisfying all retinal preservation constraints.,True,True,True
aptos_2859,0,0,0.0029170325,0,0.0013958818,0,0.0044928016,PATH_C,0.7133,False,14.7678,975.1829,1.4826,10.2585,0.9602,0.0,-0.5685,Selected PATH_C with highest valid ARPS score (0.7133) satisfying all retinal preservation constraints.,True,True,True
aptos_1577,1,1,0.9947024,1,0.99691594,1,0.99590486,PATH_C,1.4593,False,15.7724,991.0026,1.4826,7.221,0.9644,0.0,6.2108,Selected PATH_C with highest valid ARPS score (1.4593) satisfying all retinal preservation constraints.,True,True,True
aptos_0957,1,1,0.99236965,1,0.9967204,1,0.99614954,PATH_A,1.4227,False,16.6463,3020.6488,2.9652,14.7751,0.9724,1.4826,3.6862,Selected PATH_A with highest valid ARPS score (1.4227) satisfying all retinal preservation constraints.,True,True,True
aptos_2671,1,1,0.9889642,1,0.99536186,1,0.995389,PATH_A,1.4039,False,20.9336,4011.2232,2.9652,18.5399,0.9774,1.4826,3.21,Selected PATH_A with highest valid ARPS score (1.4039) satisfying all retinal preservation constraints.,True,True,True
aptos_1099,0,0,0.0053111115,0,0.0134268645,0,0.015691198,PATH_C,0.9061,False,15.0283,2567.4792,2.9652,8.1731,0.9673,1.4826,-4.6464,Selected PATH_C with highest valid ARPS score (0.9061) satisfying all retinal preservation constraints.,True,True,True
aptos_1872,0,0,0.006792392,0,0.013413394,0,0.02600991,PATH_B,0.3808,False,18.0711,555.0914,1.4826,15.8835,0.9104,0.0,-0.239,Selected PATH_B with highest valid ARPS score (0.3808) satisfying all retinal preservation constraints.,True,True,True
aptos_2367,1,0,0.008425753,0,0.015736084,0,0.01569676,PATH_C,1.0685,False,15.5329,2797.4232,2.9652,8.9777,0.9704,1.4826,-3.5503,Selected PATH_C with highest valid ARPS score (1.0685) satisfying all retinal preservation constraints.,False,False,False
aptos_2571,1,1,0.9918657,1,0.9972319,1,0.99518716,PATH_C,1.4477,False,13.5754,866.6254,2.9652,7.3493,0.9635,1.4826,3.4546,Selected PATH_C with highest valid ARPS score (1.4477) satisfying all retinal preservation constraints.,True,True,True
aptos_0466,0,0,0.016860014,1,0.79113406,0,0.025470624,PATH_A,1.407,False,23.4368,4190.8519,2.9652,21.2294,0.986,1.4826,5.4624,Selected PATH_A with highest valid ARPS score (1.4070) satisfying all retinal preservation constraints.,True,False,True
aptos_2176,0,0,0.005393012,0,0.0014775152,0,0.010986352,PATH_A,1.3764,False,23.2353,3921.3065,2.9652,24.5521,0.982,1.4826,1.0989,Selected PATH_A with highest valid ARPS score (1.3764) satisfying all retinal preservation constraints.,True,True,True
aptos_3446,0,0,0.00950532,0,0.007764168,0,0.016507788,PATH_C,0.9746,False,14.4675,2991.2443,2.9652,8.079,0.9721,1.4826,-1.9767,Selected PATH_C with highest valid ARPS score (0.9746) satisfying all retinal preservation constraints.,True,True,True
aptos_2786,0,0,0.0064482307,0,0.014834827,0,0.025919143,PATH_B,0.3891,False,22.8477,657.2362,1.4826,18.9314,0.8746,0.0,0.0045,Selected PATH_B with highest valid ARPS score (0.3891) satisfying all retinal preservation constraints.,True,True,True
aptos_3328,1,1,0.99483716,1,0.99697053,1,0.9965049,PATH_A,1.438,False,12.5777,1363.1276,2.9652,11.2026,0.9703,1.4826,3.2635,Selected PATH_A with highest valid ARPS score (1.4380) satisfying all retinal preservation constraints.,True,True,True
aptos_2965,0,0,0.02093589,0,0.019109918,0,0.021236539,PATH_B,0.4101,False,19.7678,553.6533,1.4826,18.0415,0.9005,0.0,-0.598,Selected PATH_B with highest valid ARPS score (0.4101) satisfying all retinal preservation constraints.,True,True,True
aptos_0931,1,1,0.99386436,1,0.9964263,1,0.99204177,PATH_B,0.4647,False,25.3299,641.2768,1.4826,25.9434,0.9031,0.0,2.149,Selected PATH_B with highest valid ARPS score (0.4647) satisfying all retinal preservation constraints.,True,True,True
aptos_0844,0,0,0.0043786396,0,0.0013933914,0,0.014027514,PATH_A,1.3882,False,21.2681,2760.5572,2.9652,20.5445,0.9797,1.4826,1.1619,Selected PATH_A with highest valid ARPS score (1.3882) satisfying all retinal preservation constraints.,True,True,True
aptos_2236,0,0,0.030524481,0,0.032222003,0,0.019341508,PATH_A,1.374,False,32.0424,6139.6119,2.9652,25.2673,0.9824,1.4826,1.3639,Selected PATH_A with highest valid ARPS score (1.3740) satisfying all retinal preservation constraints.,True,True,True
aptos_3286,0,0,0.030011112,0,0.021411588,0,0.05531429,PATH_A,1.4109,False,21.0465,3428.005,2.9652,20.6321,0.982,1.4826,5.2726,Selected PATH_A with highest valid ARPS score (1.4109) satisfying all retinal preservation constraints.,True,True,True
aptos_3005,0,0,0.016003238,0,0.008878373,0,0.040087435,PATH_A,1.2384,False,22.7413,936.3563,1.4826,25.5695,0.9618,1.4826,2.086,Selected PATH_A with highest valid ARPS score (1.2384) satisfying all retinal preservation constraints.,True,True,True
aptos_0264,1,1,0.9889747,1,0.99577844,1,0.9918025,PATH_C,1.0276,False,13.6252,2813.1541,2.9652,9.265,0.9703,1.4826,-2.7981,Selected PATH_C with highest valid ARPS score (1.0276) satisfying all retinal preservation constraints.,True,True,True
aptos_3063,1,1,0.99101603,1,0.9957808,1,0.994985,PATH_A,1.4002,False,16.2255,2159.1645,2.9652,20.9956,0.9756,1.4826,2.9485,Selected PATH_A with highest valid ARPS score (1.4002) satisfying all retinal preservation constraints.,True,True,True
aptos_0695,0,0,0.00319099,0,0.011425679,0,0.026241798,PATH_A,0.9718,False,16.2148,3860.3123,2.9652,12.1504,0.9648,1.4826,2.6702,Selected PATH_A with highest valid ARPS score (0.9718) satisfying all retinal preservation constraints.,True,True,True
aptos_2405,0,1,0.9833182,0,0.008271543,0,0.016938137,PATH_A,1.4784,False,26.803,3025.3259,1.4826,39.4169,0.9801,0.0,3.4168,Selected PATH_A with highest valid ARPS score (1.4784) satisfying all retinal preservation constraints.,False,True,True
aptos_3224,1,1,0.995027,1,0.9964024,1,0.9965178,PATH_C,1.0336,False,20.8688,2665.9248,2.9652,7.2121,0.9763,1.4826,5.7473,Selected PATH_C with highest valid ARPS score (1.0336) satisfying all retinal preservation constraints.,True,True,True
aptos_0678,1,1,0.9954862,1,0.9968894,1,0.9957378,PATH_A,1.3912,False,21.6234,3900.1508,2.9652,19.5628,0.9783,1.4826,1.2531,Selected PATH_A with highest valid ARPS score (1.3912) satisfying all retinal preservation constraints.,True,True,True
aptos_2828,1,1,0.99404573,1,0.9968611,1,0.9957147,PATH_A,1.4052,False,17.5627,2679.319,2.9652,14.672,0.969,1.4826,1.1661,Selected PATH_A with highest valid ARPS score (1.4052) satisfying all retinal preservation constraints.,True,True,True
aptos_0194,0,0,0.00197119,0,0.0014019915,0,0.009947012,PATH_A,1.4799,False,21.4016,6180.6294,4.4478,17.6314,0.9815,1.4826,4.0252,Selected PATH_A with highest valid ARPS score (1.4799) satisfying all retinal preservation constraints.,True,True,True
aptos_3425,1,1,0.99066776,1,0.9961909,1,0.99559504,PATH_A,1.4184,False,18.2175,2621.1955,2.9652,14.9399,0.9769,1.4826,3.4559,Selected PATH_A with highest valid ARPS score (1.4184) satisfying all retinal preservation constraints.,True,True,True
aptos_2014,0,0,0.012553276,0,0.011924811,0,0.02131137,PATH_C,0.8916,False,14.2167,3019.4271,2.9652,8.4014,0.9699,1.4826,-4.9966,Selected PATH_C with highest valid ARPS score (0.8916) satisfying all retinal preservation constraints.,True,True,True
aptos_3553,1,1,0.98891515,1,0.9896548,1,0.9942993,PATH_A,1.5555,False,15.8272,1258.269,1.4826,20.7226,0.9751,0.0,4.7094,Selected PATH_A with highest valid ARPS score (1.5555) satisfying all retinal preservation constraints.,True,True,True
aptos_0936,1,1,0.99329937,1,0.99761176,1,0.99633646,PATH_A,1.4248,False,19.4876,3669.8406,2.9652,13.1823,0.9763,1.4826,3.933,Selected PATH_A with highest valid ARPS score (1.4248) satisfying all retinal preservation constraints.,True,True,True
aptos_0140,0,0,0.010128261,0,0.0029765237,0,0.008303943,PATH_B,0.5548,False,15.6036,574.6625,1.4826,22.0072,0.878,-1.4826,2.2147,Selected PATH_B with highest valid ARPS score (0.5548) satisfying all retinal preservation constraints.,True,True,True
aptos_1606,1,1,0.9941486,1,0.99618477,1,0.99474406,PATH_C,1.4122,False,14.3888,858.3853,1.4826,8.0922,0.9604,0.0,-2.1963,Selected PATH_C with highest valid ARPS score (1.4122) satisfying all retinal preservation constraints.,True,True,True
aptos_0057,0,0,0.0077669644,0,0.01071622,0,0.021800732,PATH_B,0.3942,False,20.521,653.2537,1.4826,17.0289,0.9192,0.0,-0.5973,Selected PATH_B with highest valid ARPS score (0.3942) satisfying all retinal preservation constraints.,True,True,True
aptos_0403,0,0,0.016472911,0,0.0131441485,0,0.07758196,PATH_B,0.4005,False,19.1038,393.6208,1.4826,22.3295,0.8899,0.0,1.4547,Selected PATH_B with highest valid ARPS score (0.4005) satisfying all retinal preservation constraints.,True,True,True
aptos_1379,0,0,0.010020565,0,0.0020514443,0,0.012650701,PATH_B,0.6985,False,14.4369,296.9078,0.0,15.5358,0.8749,-1.4826,4.155,Selected PATH_B with highest valid ARPS score (0.6985) satisfying all retinal preservation constraints.,True,True,True
aptos_1186,1,1,0.99207,1,0.99765944,1,0.99699605,PATH_A,1.4381,False,16.9797,2137.216,2.9652,13.9501,0.9654,1.4826,5.2707,Selected PATH_A with highest valid ARPS score (1.4381) satisfying all retinal preservation constraints.,True,True,True
aptos_0277,0,0,0.011573828,0,0.0061161197,0,0.02348336,PATH_A,1.3969,False,21.775,5367.3878,4.4478,17.7457,0.9806,1.4826,0.7499,Selected PATH_A with highest valid ARPS score (1.3969) satisfying all retinal preservation constraints.,True,True,True
aptos_3271,1,0,0.028995208,0,0.01238459,0,0.0451235,PATH_A,1.4779,False,28.2271,2486.5598,1.4826,37.4436,0.9717,0.0,4.4278,Selected PATH_A with highest valid ARPS score (1.4779) satisfying all retinal preservation constraints.,False,False,False
aptos_0938,1,1,0.99147123,1,0.9967614,1,0.9957489,PATH_A,1.4193,False,19.0648,2203.3066,2.9652,16.8152,0.9689,1.4826,4.5808,Selected PATH_A with highest valid ARPS score (1.4193) satisfying all retinal preservation constraints.,True,True,True
aptos_0588,0,0,0.019818718,0,0.021023829,0,0.022822311,PATH_B,0.4009,False,15.7123,424.7584,1.4826,15.1667,0.9025,0.0,0.5011,Selected PATH_B with highest valid ARPS score (0.4009) satisfying all retinal preservation constraints.,True,True,True
aptos_0690,0,1,0.7855652,0,0.3783044,1,0.97905546,PATH_A,1.39,False,19.7644,1951.4761,2.9652,25.6393,0.9807,1.4826,4.0014,Selected PATH_A with highest valid ARPS score (1.3900) satisfying all retinal preservation constraints.,False,True,False
aptos_1653,0,0,0.013049862,0,0.0067345197,0,0.047563326,PATH_A,1.3925,False,20.8211,1777.5574,2.9652,25.5139,0.951,1.4826,4.864,Selected PATH_A with highest valid ARPS score (1.3925) satisfying all retinal preservation constraints.,True,True,True
aptos_2395,1,1,0.9734047,1,0.99596834,1,0.9942834,PATH_A,1.4142,False,16.6481,2129.5175,2.9652,17.3797,0.9703,1.4826,3.5748,Selected PATH_A with highest valid ARPS score (1.4142) satisfying all retinal preservation constraints.,True,True,True
aptos_0732,0,0,0.01886059,0,0.011641977,0,0.053356294,PATH_A,1.0022,False,39.457,2438.679,2.9652,35.2091,0.9733,1.4826,1.0108,Selected PATH_A with highest valid ARPS score (1.0022) satisfying all retinal preservation constraints.,True,True,True
aptos_0833,0,0,0.0041378727,0,0.021522582,0,0.032031566,PATH_A,1.0878,False,17.1484,3836.6376,2.9652,13.9168,0.9638,1.4826,0.9455,Selected PATH_A with highest valid ARPS score (1.0878) satisfying all retinal preservation constraints.,True,True,True
aptos_3147,0,0,0.0054499884,0,0.012447185,0,0.01391646,PATH_C,0.8837,False,17.3455,3873.8338,2.9652,8.071,0.977,1.4826,2.4616,Selected PATH_C with highest valid ARPS score (0.8837) satisfying all retinal preservation constraints.,True,True,True
aptos_3107,1,1,0.7422519,0,0.02747055,0,0.07034347,PATH_A,1.4063,False,39.3776,1806.8554,1.4826,43.5725,0.9755,0.0,0.8698,Selected PATH_A with highest valid ARPS score (1.4063) satisfying all retinal preservation constraints.,True,False,False
aptos_3045,1,1,0.9935725,1,0.9968501,1,0.9967539,PATH_A,1.4264,False,18.7461,3613.859,2.9652,13.8941,0.9805,1.4826,4.2535,Selected PATH_A with highest valid ARPS score (1.4264) satisfying all retinal preservation constraints.,True,True,True
aptos_0606,0,0,0.02721599,0,0.0177642,0,0.03024811,PATH_A,1.467,False,25.9762,1818.5615,1.4826,27.7524,0.967,0.0,4.0016,Selected PATH_A with highest valid ARPS score (1.4670) satisfying all retinal preservation constraints.,True,True,True
aptos_1060,1,1,0.9881138,1,0.99385625,1,0.994941,PATH_A,1.3914,False,24.2736,2396.676,2.9652,25.5143,0.9733,1.4826,5.1876,Selected PATH_A with highest valid ARPS score (1.3914) satisfying all retinal preservation constraints.,True,True,True
aptos_2294,0,0,0.027191844,1,0.83865803,0,0.045021743,PATH_A,1.3635,False,28.4445,3607.6544,2.9652,28.7395,0.9786,1.4826,1.0978,Selected PATH_A with highest valid ARPS score (1.3635) satisfying all retinal preservation constraints.,True,False,True
aptos_1214,0,0,0.009181032,0,0.009831972,0,0.017216431,PATH_B,0.3821,False,19.6367,598.4412,1.4826,17.5058,0.9052,0.0,-1.8449,Selected PATH_B with highest valid ARPS score (0.3821) satisfying all retinal preservation constraints.,True,True,True
aptos_1634,0,1,0.98934376,1,0.98994523,1,0.9945692,PATH_A,1.4043,False,23.0724,2282.8943,2.9652,19.1581,0.9713,1.4826,4.0437,Selected PATH_A with highest valid ARPS score (1.4043) satisfying all retinal preservation constraints.,False,False,False
aptos_2092,1,1,0.9952129,1,0.99662185,1,0.99387145,PATH_C,0.6889,False,13.3323,1050.8429,2.9652,10.5552,0.9639,1.4826,-1.9576,Selected PATH_C with highest valid ARPS score (0.6889) satisfying all retinal preservation constraints.,True,True,True
aptos_2881,1,1,0.99432266,1,0.9957312,1,0.99658304,PATH_A,1.4103,False,22.7778,2945.4278,2.9652,14.8538,0.9521,1.4826,3.0481,Selected PATH_A with highest valid ARPS score (1.4103) satisfying all retinal preservation constraints.,True,True,True
aptos_2524,0,0,0.0028223982,0,0.0013216622,0,0.012543963,PATH_A,1.5232,False,22.3694,1179.2133,1.4826,18.949,0.9737,0.0,-0.6516,Selected PATH_A with highest valid ARPS score (1.5232) satisfying all retinal preservation constraints.,True,True,True
aptos_0351,0,0,0.01148277,0,0.018469084,0,0.026848804,PATH_C,0.8567,False,15.5642,2997.1307,2.9652,7.202,0.9725,1.4826,-0.2549,Selected PATH_C with highest valid ARPS score (0.8567) satisfying all retinal preservation constraints.,True,True,True
aptos_1978,1,1,0.9889747,1,0.99577844,1,0.9918025,PATH_C,1.0276,False,13.6252,2813.1541,2.9652,9.265,0.9703,1.4826,-2.7981,Selected PATH_C with highest valid ARPS score (1.0276) satisfying all retinal preservation constraints.,True,True,True
aptos_3242,1,1,0.9916523,1,0.996567,1,0.9948251,PATH_C,1.4456,False,15.666,1801.1689,2.9652,6.8721,0.9751,1.4826,3.5228,Selected PATH_C with highest valid ARPS score (1.4456) satisfying all retinal preservation constraints.,True,True,True
aptos_3239,0,0,0.0023158167,0,0.0012367936,0,0.009979353,PATH_A,1.3921,False,23.5631,3470.6214,2.9652,21.0771,0.9753,1.4826,2.6466,Selected PATH_A with highest valid ARPS score (1.3921) satisfying all retinal preservation constraints.,True,True,True
aptos_0552,1,1,0.9939619,1,0.99730563,1,0.995624,PATH_A,1.4372,False,15.1555,1852.2402,2.9652,15.5676,0.9684,1.4826,4.9936,Selected PATH_A with highest valid ARPS score (1.4372) satisfying all retinal preservation constraints.,True,True,True
aptos_1466,1,0,0.3147103,0,0.12351152,1,0.62560606,PATH_A,1.3608,False,24.5117,2326.426,2.9652,35.0778,0.9772,1.4826,4.5085,Selected PATH_A with highest valid ARPS score (1.3608) satisfying all retinal preservation constraints.,False,False,True
aptos_3426,1,1,0.9937261,1,0.99663275,1,0.99438286,PATH_C,0.9936,False,13.1831,1724.3189,2.9652,9.2769,0.9759,1.4826,-3.312,Selected PATH_C with highest valid ARPS score (0.9936) satisfying all retinal preservation constraints.,True,True,True
aptos_0133,1,1,0.9926415,1,0.9950112,1,0.99588,PATH_C,1.437,False,21.7897,1461.002,1.4826,8.6389,0.9708,0.0,-4.2744,Selected PATH_C with highest valid ARPS score (1.4370) satisfying all retinal preservation constraints.,True,True,True
aptos_1425,0,1,0.7634404,1,0.6710051,1,0.5355409,PATH_A,1.3961,False,25.5276,4927.7686,2.9652,22.7699,0.9873,1.4826,4.6757,Selected PATH_A with highest valid ARPS score (1.3961) satisfying all retinal preservation constraints.,False,False,False
aptos_2896,1,1,0.99211955,1,0.99630165,1,0.9953017,PATH_C,1.4704,False,14.6212,1149.7105,2.9652,7.5739,0.9671,1.4826,5.6047,Selected PATH_C with highest valid ARPS score (1.4704) satisfying all retinal preservation constraints.,True,True,True
aptos_1256,1,1,0.9947062,1,0.9974953,1,0.9958489,PATH_C,1.5389,False,14.8707,703.6452,1.4826,10.852,0.9463,0.0,3.3145,Selected PATH_C with highest valid ARPS score (1.5389) satisfying all retinal preservation constraints.,True,True,True
aptos_0632,0,0,0.0032187738,0,0.0074246996,0,0.012652107,PATH_C,0.9988,False,16.9254,3364.1262,2.9652,7.1382,0.9772,1.4826,1.2125,Selected PATH_C with highest valid ARPS score (0.9988) satisfying all retinal preservation constraints.,True,True,True
aptos_0614,0,0,0.0034575234,0,0.0013977655,0,0.01140116,PATH_A,1.4511,False,25.974,6012.1187,4.4478,24.6027,0.9843,1.4826,2.7515,Selected PATH_A with highest valid ARPS score (1.4511) satisfying all retinal preservation constraints.,True,True,True
aptos_1306,1,1,0.977137,1,0.99597603,1,0.6529048,PATH_C,1.4445,False,13.4465,2217.5471,2.9652,7.6023,0.9827,1.4826,3.0684,Selected PATH_C with highest valid ARPS score (1.4445) satisfying all retinal preservation constraints.,True,True,True
aptos_1549,1,1,0.99409986,1,0.9969072,1,0.99642557,PATH_A,1.4066,False,18.8446,1629.4776,2.9652,16.0879,0.9663,1.4826,2.3034,Selected PATH_A with highest valid ARPS score (1.4066) satisfying all retinal preservation constraints.,True,True,True
aptos_2908,0,0,0.0034390923,0,0.013190246,0,0.047355246,PATH_A,0.9305,False,18.4727,3708.8167,2.9652,14.4967,0.9383,1.4826,0.5564,Selected PATH_A with highest valid ARPS score (0.9305) satisfying all retinal preservation constraints.,True,True,True
aptos_2403,1,1,0.9914957,1,0.9944149,1,0.9957196,PATH_A,1.3529,False,28.4637,1731.4803,2.9652,35.2384,0.9804,1.4826,3.3316,Selected PATH_A with highest valid ARPS score (1.3529) satisfying all retinal preservation constraints.,True,True,True
aptos_2814,0,0,0.0037932538,0,0.011400074,0,0.012389607,PATH_C,0.8338,False,15.2735,2984.6646,2.9652,7.2047,0.9723,1.4826,-0.045,Selected PATH_C with highest valid ARPS score (0.8338) satisfying all retinal preservation constraints.,True,True,True
aptos_0640,0,1,0.9584664,1,0.98955685,1,0.9769611,PATH_A,1.5331,False,19.3259,1049.5936,1.4826,23.931,0.9735,0.0,4.0311,Selected PATH_A with highest valid ARPS score (1.5331) satisfying all retinal preservation constraints.,False,False,False
aptos_0757,1,0,0.039136346,0,0.052795883,0,0.037412878,PATH_A,1.1251,False,16.014,3488.5135,2.9652,12.2584,0.9736,1.4826,3.0534,Selected PATH_A with highest valid ARPS score (1.1251) satisfying all retinal preservation constraints.,False,False,False
aptos_0671,1,1,0.99203306,1,0.9961068,1,0.9950158,PATH_A,1.3695,False,35.0557,3910.5398,2.9652,33.2698,0.9757,1.4826,7.4581,Selected PATH_A with highest valid ARPS score (1.3695) satisfying all retinal preservation constraints.,True,True,True
aptos_1507,1,1,0.9918978,1,0.99764484,1,0.9953246,PATH_C,1.4413,False,14.1621,921.3211,2.9652,7.0526,0.9581,1.4826,2.9099,Selected PATH_C with highest valid ARPS score (1.4413) satisfying all retinal preservation constraints.,True,True,True
aptos_0367,1,0,0.040825363,1,0.9913522,0,0.024946135,PATH_A,1.1526,False,31.5382,2475.7677,2.9652,32.2626,0.9676,1.4826,0.4697,Selected PATH_A with highest valid ARPS score (1.1526) satisfying all retinal preservation constraints.,False,True,False
aptos_0883,0,0,0.0029013737,0,0.0060438463,0,0.03521259,PATH_A,0.9865,False,19.1537,3191.6774,2.9652,15.8489,0.97,1.4826,1.6181,Selected PATH_A with highest valid ARPS score (0.9865) satisfying all retinal preservation constraints.,True,True,True
aptos_1686,1,1,0.9945141,1,0.99636,1,0.9958792,PATH_A,1.4274,False,16.2042,2562.3875,2.9652,12.756,0.9834,1.4826,3.3833,Selected PATH_A with highest valid ARPS score (1.4274) satisfying all retinal preservation constraints.,True,True,True
aptos_1654,0,0,0.0067982203,0,0.013450122,0,0.02199938,PATH_B,0.3974,False,16.3411,616.6469,1.4826,14.4223,0.9078,0.0,0.7535,Selected PATH_B with highest valid ARPS score (0.3974) satisfying all retinal preservation constraints.,True,True,True
aptos_3491,0,0,0.0034432656,0,0.008272799,0,0.023311442,PATH_A,1.0148,False,18.3808,5451.3356,2.9652,11.8461,0.9713,1.4826,3.4175,Selected PATH_A with highest valid ARPS score (1.0148) satisfying all retinal preservation constraints.,True,True,True
aptos_1886,1,1,0.9831334,1,0.9953992,1,0.9935196,PATH_A,1.4316,False,14.7481,1605.2968,2.9652,19.5249,0.9683,1.4826,5.2925,Selected PATH_A with highest valid ARPS score (1.4316) satisfying all retinal preservation constraints.,True,True,True
aptos_2216,0,0,0.0097194575,0,0.0055391532,0,0.04973699,PATH_A,1.5048,False,26.2215,1667.0995,1.4826,28.3849,0.9799,0.0,1.6351,Selected PATH_A with highest valid ARPS score (1.5048) satisfying all retinal preservation constraints.,True,True,True
aptos_0970,1,1,0.99095494,1,0.99697,1,0.996049,PATH_A,1.4127,False,17.7862,1570.2776,2.9652,19.0107,0.9749,1.4826,4.1767,Selected PATH_A with highest valid ARPS score (1.4127) satisfying all retinal preservation constraints.,True,True,True
aptos_2817,0,0,0.007191731,0,0.009207169,0,0.031843968,PATH_A,1.1753,False,15.5368,3235.0287,2.9652,13.8887,0.9744,1.4826,1.8301,Selected PATH_A with highest valid ARPS score (1.1753) satisfying all retinal preservation constraints.,True,True,True
aptos_3250,1,1,0.99052364,1,0.9960269,1,0.98787713,PATH_B,0.4318,False,26.4506,448.3304,1.4826,27.4779,0.8674,0.0,1.9118,Selected PATH_B with highest valid ARPS score (0.4318) satisfying all retinal preservation constraints.,True,True,True
aptos_3526,0,0,0.016250378,0,0.01100502,0,0.039848756,PATH_A,1.4534,False,25.6007,1671.156,1.4826,28.5248,0.9488,0.0,2.0346,Selected PATH_A with highest valid ARPS score (1.4534) satisfying all retinal preservation constraints.,True,True,True
aptos_1704,0,0,0.0074773314,0,0.009119965,0,0.02298161,PATH_B,0.3841,False,19.1601,516.2829,1.4826,17.2861,0.9005,0.0,-0.6073,Selected PATH_B with highest valid ARPS score (0.3841) satisfying all retinal preservation constraints.,True,True,True
aptos_2694,1,1,0.99442446,1,0.99725276,1,0.99687827,PATH_A,1.4328,False,19.3066,3717.0028,2.9652,12.7858,0.9749,1.4826,4.8711,Selected PATH_A with highest valid ARPS score (1.4328) satisfying all retinal preservation constraints.,True,True,True
aptos_3067,0,0,0.002720451,0,0.0014390752,0,0.015385272,PATH_C,0.7967,False,15.3032,576.2656,1.4826,11.2841,0.9444,0.0,-0.0444,Selected PATH_C with highest valid ARPS score (0.7967) satisfying all retinal preservation constraints.,True,True,True
aptos_0926,1,1,0.5779128,1,0.99421954,1,0.6143824,PATH_A,1.4096,False,19.3937,1707.4071,2.9652,17.7422,0.9606,1.4826,3.7298,Selected PATH_A with highest valid ARPS score (1.4096) satisfying all retinal preservation constraints.,True,True,True
aptos_1002,0,0,0.004092885,0,0.0011667552,0,0.0054445295,PATH_A,1.4805,False,20.8461,4828.4536,4.4478,21.1306,0.9829,1.4826,5.5015,Selected PATH_A with highest valid ARPS score (1.4805) satisfying all retinal preservation constraints.,True,True,True
aptos_2951,0,0,0.0018399777,0,0.0016340137,0,0.009563138,PATH_B,0.5415,False,25.9616,584.3466,1.4826,19.2456,0.9235,0.0,0.791,Selected PATH_B with highest valid ARPS score (0.5415) satisfying all retinal preservation constraints.,True,True,True
aptos_1202,0,0,0.008995417,0,0.018048886,0,0.028968664,PATH_A,1.4028,False,20.7957,6068.6537,4.4478,16.527,0.9801,1.4826,1.6236,Selected PATH_A with highest valid ARPS score (1.4028) satisfying all retinal preservation constraints.,True,True,True
aptos_2333,0,0,0.006096401,0,0.014468433,0,0.022963854,PATH_C,0.7943,False,14.7592,2450.3789,2.9652,7.0729,0.9679,1.4826,0.6843,Selected PATH_C with highest valid ARPS score (0.7943) satisfying all retinal preservation constraints.,True,True,True
aptos_3092,0,0,0.0071212533,0,0.1779646,0,0.016533509,PATH_A,1.4062,False,25.0954,4156.2144,2.9652,19.4727,0.9834,1.4826,4.8004,Selected PATH_A with highest valid ARPS score (1.4062) satisfying all retinal preservation constraints.,True,True,True
aptos_0817,0,0,0.003957749,0,0.0129962275,0,0.011825457,PATH_C,0.9866,False,16.0826,3695.1836,2.9652,7.7794,0.9718,1.4826,-2.5803,Selected PATH_C with highest valid ARPS score (0.9866) satisfying all retinal preservation constraints.,True,True,True
aptos_1473,1,1,0.98078096,1,0.89749736,0,0.36881512,PATH_A,1.3714,False,30.1754,1928.4313,2.9652,25.968,0.9821,1.4826,1.0936,Selected PATH_A with highest valid ARPS score (1.3714) satisfying all retinal preservation constraints.,True,True,False
aptos_0400,0,0,0.009533556,0,0.0025444562,0,0.013149879,PATH_B,0.48,False,17.188,427.1647,1.4826,23.3493,0.8643,0.0,2.3205,Selected PATH_B with highest valid ARPS score (0.4800) satisfying all retinal preservation constraints.,True,True,True
aptos_1053,1,1,0.98078567,1,0.9895353,1,0.9944688,PATH_A,1.4689,False,20.5298,1347.1115,1.4826,26.3085,0.9602,0.0,3.1447,Selected PATH_A with highest valid ARPS score (1.4689) satisfying all retinal preservation constraints.,True,True,True
aptos_2080,1,1,0.996262,1,0.997442,1,0.99669075,PATH_A,1.4459,False,15.1771,1769.4372,2.9652,12.3791,0.9761,1.4826,4.9296,Selected PATH_A with highest valid ARPS score (1.4459) satisfying all retinal preservation constraints.,True,True,True
aptos_1319,1,0,0.019390106,0,0.015054468,0,0.03710275,PATH_A,1.4132,False,17.1811,1500.958,2.9652,22.3611,0.963,1.4826,5.2335,Selected PATH_A with highest valid ARPS score (1.4132) satisfying all retinal preservation constraints.,False,False,False
aptos_0094,0,0,0.052067053,0,0.01778531,0,0.022069165,PATH_A,1.0484,False,15.125,3824.0778,2.9652,12.4782,0.9574,1.4826,2.0489,Selected PATH_A with highest valid ARPS score (1.0484) satisfying all retinal preservation constraints.,True,True,True
aptos_1421,1,1,0.99315083,1,0.9970522,1,0.99481225,PATH_C,1.3959,False,13.0367,1053.855,2.9652,8.4035,0.95,1.4826,-4.1242,Selected PATH_C with highest valid ARPS score (1.3959) satisfying all retinal preservation constraints.,True,True,True
aptos_0567,1,1,0.9947237,1,0.9962115,1,0.9964509,PATH_A,1.417,False,19.6696,3128.8839,2.9652,17.5154,0.9783,1.4826,4.5972,Selected PATH_A with highest valid ARPS score (1.4170) satisfying all retinal preservation constraints.,True,True,True
aptos_0536,0,0,0.0018715542,0,0.0013935601,0,0.007061193,PATH_A,1.4625,False,27.5249,5236.7911,4.4478,22.6669,0.9808,1.4826,4.4679,Selected PATH_A with highest valid ARPS score (1.4625) satisfying all retinal preservation constraints.,True,True,True
aptos_2346,1,1,0.9435234,1,0.8325391,1,0.9809137,PATH_A,1.3821,False,25.2586,2736.0473,2.9652,29.1299,0.9754,1.4826,5.5543,Selected PATH_A with highest valid ARPS score (1.3821) satisfying all retinal preservation constraints.,True,True,True
aptos_1353,0,0,0.0026762048,0,0.001987651,0,0.016093887,PATH_B,0.5112,False,25.8069,675.373,1.4826,21.4345,0.9079,0.0,3.1092,Selected PATH_B with highest valid ARPS score (0.5112) satisfying all retinal preservation constraints.,True,True,True
aptos_1295,0,0,0.0062138503,0,0.010117156,0,0.017180702,PATH_C,0.9217,False,15.8234,2966.6874,2.9652,8.6916,0.9704,1.4826,-2.8076,Selected PATH_C with highest valid ARPS score (0.9217) satisfying all retinal preservation constraints.,True,True,True
aptos_2588,0,0,0.005336367,0,0.013283034,0,0.023063216,PATH_B,0.415,False,15.4034,646.2032,1.4826,13.5225,0.9186,0.0,0.7717,Selected PATH_B with highest valid ARPS score (0.4150) satisfying all retinal preservation constraints.,True,True,True
aptos_0255,1,1,0.9841271,1,0.9920643,1,0.99621433,PATH_A,1.5226,False,22.3133,1481.9047,1.4826,31.5859,0.9716,0.0,6.3736,Selected PATH_A with highest valid ARPS score (1.5226) satisfying all retinal preservation constraints.,True,True,True
aptos_2550,0,0,0.0124673955,0,0.012994295,0,0.019490728,PATH_B,0.4118,False,17.3845,641.2376,1.4826,15.4684,0.9227,0.0,0.3931,Selected PATH_B with highest valid ARPS score (0.4118) satisfying all retinal preservation constraints.,True,True,True
aptos_0998,1,1,0.99226075,1,0.9972939,1,0.995902,PATH_C,1.5279,False,16.4532,1015.1696,1.4826,7.3611,0.968,0.0,2.8143,Selected PATH_C with highest valid ARPS score (1.5279) satisfying all retinal preservation constraints.,True,True,True
aptos_0043,1,1,0.9943944,1,0.9959572,1,0.9963074,PATH_A,1.4356,False,19.0166,2497.7875,2.9652,19.7115,0.9587,1.4826,7.296,Selected PATH_A with highest valid ARPS score (1.4356) satisfying all retinal preservation constraints.,True,True,True
aptos_1993,1,1,0.99461657,1,0.99711645,1,0.99657035,PATH_C,1.4675,False,19.2776,1168.8375,2.9652,6.6566,0.9681,1.4826,6.8736,Selected PATH_C with highest valid ARPS score (1.4675) satisfying all retinal preservation constraints.,True,True,True
aptos_2660,0,0,0.01066403,0,0.014395298,0,0.024582326,PATH_A,1.3965,False,25.2411,5035.4586,2.9652,21.3768,0.9847,1.4826,3.9079,Selected PATH_A with highest valid ARPS score (1.3965) satisfying all retinal preservation constraints.,True,True,True
aptos_2257,0,0,0.0064773206,0,0.0015075941,0,0.0076249368,PATH_A,1.4145,False,15.5994,1826.5934,2.9652,18.788,0.9694,1.4826,3.8315,Selected PATH_A with highest valid ARPS score (1.4145) satisfying all retinal preservation constraints.,True,True,True
aptos_2901,0,0,0.006125349,0,0.008884198,0,0.015538089,PATH_C,1.0593,False,15.1377,3275.2541,2.9652,8.5006,0.9767,1.4826,0.2621,Selected PATH_C with highest valid ARPS score (1.0593) satisfying all retinal preservation constraints.,True,True,True
aptos_2091,1,1,0.97665715,1,0.9940223,1,0.9942767,PATH_A,1.1223,False,29.1262,3837.6319,2.9652,22.9151,0.9718,1.4826,0.382,Selected PATH_A with highest valid ARPS score (1.1223) satisfying all retinal preservation constraints.,True,True,True
aptos_1133,0,0,0.0044556414,0,0.010138285,0,0.02148174,PATH_B,0.4044,False,16.6651,609.2845,1.4826,15.3788,0.9167,0.0,0.4107,Selected PATH_B with highest valid ARPS score (0.4044) satisfying all retinal preservation constraints.,True,True,True
aptos_3245,0,1,0.99164855,1,0.99579865,1,0.99573684,PATH_A,1.4437,False,14.1579,2033.8593,2.9652,12.2456,0.979,1.4826,4.3796,Selected PATH_A with highest valid ARPS score (1.4437) satisfying all retinal preservation constraints.,False,False,False
aptos_0419,0,0,0.00476775,0,0.0014269202,0,0.0115275085,PATH_A,1.4087,False,17.5245,1794.8017,2.9652,20.2439,0.9739,1.4826,4.0575,Selected PATH_A with highest valid ARPS score (1.4087) satisfying all retinal preservation constraints.,True,True,True
aptos_0535,1,1,0.9951763,1,0.9973037,1,0.9960834,PATH_A,1.4018,False,22.6895,2508.4048,2.9652,14.9768,0.9791,1.4826,0.7057,Selected PATH_A with highest valid ARPS score (1.4018) satisfying all retinal preservation constraints.,True,True,True
aptos_2876,1,0,0.47169673,0,0.13082817,0,0.3296748,PATH_A,1.5175,False,22.8446,1050.4673,1.4826,24.7095,0.9661,0.0,2.1976,Selected PATH_A with highest valid ARPS score (1.5175) satisfying all retinal preservation constraints.,False,False,False
aptos_1853,0,0,0.01681107,0,0.013300226,0,0.026340557,PATH_A,1.4546,False,19.8844,6196.6136,4.4478,16.0903,0.9836,1.4826,1.4002,Selected PATH_A with highest valid ARPS score (1.4546) satisfying all retinal preservation constraints.,True,True,True
aptos_1906,1,1,0.99439526,1,0.9969856,1,0.9957581,PATH_A,1.4524,False,17.4897,2209.5184,2.9652,15.2815,0.972,1.4826,6.9759,Selected PATH_A with highest valid ARPS score (1.4524) satisfying all retinal preservation constraints.,True,True,True
aptos_2133,0,0,0.005051395,0,0.005489504,0,0.021314012,PATH_C,0.8102,False,15.0929,2559.9358,2.9652,7.9402,0.9672,1.4826,-1.2488,Selected PATH_C with highest valid ARPS score (0.8102) satisfying all retinal preservation constraints.,True,True,True
aptos_1090,0,0,0.009357388,0,0.016971897,0,0.020929817,PATH_B,0.3918,False,17.9543,557.603,1.4826,15.6656,0.8966,0.0,-0.1368,Selected PATH_B with highest valid ARPS score (0.3918) satisfying all retinal preservation constraints.,True,True,True
aptos_1940,1,1,0.99646866,1,0.9966724,1,0.9968425,PATH_A,1.4596,False,16.055,2606.0381,2.9652,12.4887,0.974,1.4826,6.3458,Selected PATH_A with highest valid ARPS score (1.4596) satisfying all retinal preservation constraints.,True,True,True
aptos_1537,1,0,0.027680913,0,0.015514423,0,0.04287398,PATH_B,0.4175,False,15.8378,398.1161,1.4826,20.5494,0.8938,0.0,0.0918,Selected PATH_B with highest valid ARPS score (0.4175) satisfying all retinal preservation constraints.,False,False,False
aptos_3653,0,0,0.019035235,0,0.013962674,0,0.01565774,PATH_B,0.3905,False,18.7442,598.8356,1.4826,17.6445,0.9107,0.0,-1.1604,Selected PATH_B with highest valid ARPS score (0.3905) satisfying all retinal preservation constraints.,True,True,True
aptos_0828,0,0,0.010620918,0,0.014311029,0,0.017398646,PATH_C,0.899,False,15.0539,2692.0049,2.9652,8.1147,0.9708,1.4826,1.8351,Selected PATH_C with highest valid ARPS score (0.8990) satisfying all retinal preservation constraints.,True,True,True
aptos_3088,0,0,0.0039242306,0,0.0075524896,0,0.018345216,PATH_C,0.8455,False,14.6396,2563.9449,2.9652,6.6597,0.9722,1.4826,1.2831,Selected PATH_C with highest valid ARPS score (0.8455) satisfying all retinal preservation constraints.,True,True,True
aptos_2461,0,0,0.0072961817,0,0.013696465,0,0.025079736,PATH_A,1.4443,False,19.5037,6376.2526,4.4478,15.124,0.98,1.4826,1.945,Selected PATH_A with highest valid ARPS score (1.4443) satisfying all retinal preservation constraints.,True,True,True
aptos_3169,1,1,0.97115964,0,0.006862767,1,0.99502593,PATH_A,1.1161,False,22.7505,4489.1319,2.9652,24.1184,0.9694,1.4826,4.3825,Selected PATH_A with highest valid ARPS score (1.1161) satisfying all retinal preservation constraints.,True,False,True
aptos_2321,1,1,0.9950015,1,0.99715626,1,0.99694616,PATH_A,1.4099,False,16.9037,1557.9706,2.9652,16.2024,0.978,1.4826,2.5082,Selected PATH_A with highest valid ARPS score (1.4099) satisfying all retinal preservation constraints.,True,True,True
aptos_3099,1,1,0.99192667,1,0.99553704,1,0.99536246,PATH_C,1.4397,False,14.0787,1599.6169,2.9652,7.3596,0.9752,1.4826,2.6779,Selected PATH_C with highest valid ARPS score (1.4397) satisfying all retinal preservation constraints.,True,True,True
aptos_3390,1,1,0.99334913,1,0.99394953,1,0.99528295,PATH_A,1.3761,False,21.8034,2107.4955,2.9652,27.2568,0.9395,1.4826,3.245,Selected PATH_A with highest valid ARPS score (1.3761) satisfying all retinal preservation constraints.,True,True,True
aptos_1276,1,1,0.99073726,1,0.99625695,1,0.99540836,PATH_C,1.4127,False,13.1765,1028.3363,2.9652,8.3696,0.966,1.4826,-0.7041,Selected PATH_C with highest valid ARPS score (1.4127) satisfying all retinal preservation constraints.,True,True,True
aptos_3481,0,0,0.03098094,0,0.01604717,0,0.032189265,PATH_A,1.512,False,22.3841,1383.7067,1.4826,28.0781,0.9656,0.0,3.0198,Selected PATH_A with highest valid ARPS score (1.5120) satisfying all retinal preservation constraints.,True,True,True
aptos_2088,0,0,0.49189982,0,0.02590144,0,0.041443624,PATH_C,1.0814,False,22.9079,2761.8773,2.9652,9.7902,0.9675,1.4826,-4.4887,Selected PATH_C with highest valid ARPS score (1.0814) satisfying all retinal preservation constraints.,True,True,True
aptos_0095,1,1,0.9306887,1,0.99624735,1,0.99550337,PATH_A,1.3405,False,30.1539,3263.0222,2.9652,30.8243,0.9476,1.4826,0.2676,Selected PATH_A with highest valid ARPS score (1.3405) satisfying all retinal preservation constraints.,True,True,True
aptos_3064,0,0,0.08479173,1,0.9938112,0,0.14425786,PATH_C,1.343,False,14.4394,2298.6599,2.9652,8.8788,0.9759,1.4826,-0.816,Selected PATH_C with highest valid ARPS score (1.3430) satisfying all retinal preservation constraints.,True,False,True
aptos_0055,0,0,0.004176519,0,0.016248008,0,0.0154171465,PATH_C,0.888,False,14.5956,2844.573,2.9652,7.1193,0.9685,1.4826,-4.0637,Selected PATH_C with highest valid ARPS score (0.8880) satisfying all retinal preservation constraints.,True,True,True
aptos_2788,1,1,0.990422,1,0.99397415,1,0.99580246,PATH_A,1.4283,False,17.0924,2436.4617,2.9652,15.0085,0.9802,1.4826,4.4705,Selected PATH_A with highest valid ARPS score (1.4283) satisfying all retinal preservation constraints.,True,True,True
aptos_1344,0,0,0.010740857,0,0.014341317,0,0.03263264,PATH_C,0.8978,False,14.0761,2302.2032,2.9652,8.1155,0.9729,1.4826,0.3218,Selected PATH_C with highest valid ARPS score (0.8978) satisfying all retinal preservation constraints.,True,True,True
aptos_1022,0,0,0.009929698,0,0.018558446,0,0.016738337,PATH_C,1.0338,False,13.8788,2777.6013,2.9652,9.5509,0.9733,1.4826,-2.8186,Selected PATH_C with highest valid ARPS score (1.0338) satisfying all retinal preservation constraints.,True,True,True
aptos_1817,1,1,0.924532,0,0.010699455,1,0.76668054,PATH_A,1.5351,False,17.5285,1205.2226,1.4826,28.5366,0.957,0.0,5.516,Selected PATH_A with highest valid ARPS score (1.5351) satisfying all retinal preservation constraints.,True,False,True
aptos_2873,1,1,0.9859563,1,0.9965623,1,0.9932462,PATH_C,1.4428,False,13.5058,1857.5688,2.9652,6.1317,0.9738,1.4826,3.5026,Selected PATH_C with highest valid ARPS score (1.4428) satisfying all retinal preservation constraints.,True,True,True
aptos_2050,0,0,0.004670056,0,0.007827779,0,0.030639214,PATH_A,1.3424,False,21.3088,5772.0193,4.4478,15.814,0.9787,1.4826,0.8886,Selected PATH_A with highest valid ARPS score (1.3424) satisfying all retinal preservation constraints.,True,True,True
aptos_2262,1,0,0.005526192,0,0.021830877,0,0.02708758,PATH_A,1.34,False,15.8093,2532.3351,2.9652,15.4203,0.9518,1.4826,2.6388,Selected PATH_A with highest valid ARPS score (1.3400) satisfying all retinal preservation constraints.,False,False,False
aptos_1149,1,1,0.9950355,1,0.9962829,1,0.99597687,PATH_A,1.4346,False,15.4996,2673.2416,2.9652,12.9394,0.9797,1.4826,4.1083,Selected PATH_A with highest valid ARPS score (1.4346) satisfying all retinal preservation constraints.,True,True,True
aptos_3534,1,1,0.99377763,1,0.99708194,1,0.9969344,PATH_A,1.4376,False,14.9707,1257.2988,2.9652,13.2689,0.9597,1.4826,4.4667,Selected PATH_A with highest valid ARPS score (1.4376) satisfying all retinal preservation constraints.,True,True,True
aptos_1706,1,1,0.9937261,1,0.99663275,1,0.99438286,PATH_C,0.9936,False,13.1831,1724.3189,2.9652,9.2769,0.9759,1.4826,-3.312,Selected PATH_C with highest valid ARPS score (0.9936) satisfying all retinal preservation constraints.,True,True,True
aptos_1804,0,0,0.0075864904,0,0.014397904,0,0.02007133,PATH_B,0.4013,False,20.2252,658.2134,1.4826,17.7265,0.9178,0.0,-1.1228,Selected PATH_B with highest valid ARPS score (0.4013) satisfying all retinal preservation constraints.,True,True,True
aptos_3373,1,1,0.99294645,1,0.9963399,1,0.9929987,PATH_C,1.0275,False,13.0241,1523.5067,2.9652,8.4343,0.9725,1.4826,-0.5438,Selected PATH_C with highest valid ARPS score (1.0275) satisfying all retinal preservation constraints.,True,True,True
aptos_1685,0,0,0.0029911036,0,0.0013141837,0,0.013663992,PATH_C,0.7247,False,12.9889,1161.5949,1.4826,12.4536,0.9673,-1.4826,-0.9264,Selected PATH_C with highest valid ARPS score (0.7247) satisfying all retinal preservation constraints.,True,True,True
aptos_3149,0,1,0.80076313,1,0.9947805,1,0.9948908,PATH_A,1.4265,False,19.4858,2104.228,2.9652,15.8662,0.973,1.4826,5.2464,Selected PATH_A with highest valid ARPS score (1.4265) satisfying all retinal preservation constraints.,False,False,False
aptos_1131,1,1,0.9936929,1,0.9956937,1,0.9956536,PATH_A,1.4179,False,22.7134,2375.3768,2.9652,11.9067,0.9756,1.4826,2.5261,Selected PATH_A with highest valid ARPS score (1.4179) satisfying all retinal preservation constraints.,True,True,True
aptos_0830,0,0,0.007295678,0,0.010225903,0,0.018902242,PATH_B,0.404,False,17.7257,594.0477,1.4826,15.479,0.9124,0.0,-0.0322,Selected PATH_B with highest valid ARPS score (0.4040) satisfying all retinal preservation constraints.,True,True,True
aptos_3265,0,0,0.013713707,0,0.020711025,0,0.0142283905,PATH_C,1.0137,False,14.7106,3335.1976,2.9652,7.7995,0.974,1.4826,0.0699,Selected PATH_C with highest valid ARPS score (1.0137) satisfying all retinal preservation constraints.,True,True,True
aptos_3657,1,1,0.99514717,1,0.9955739,1,0.99558735,PATH_A,1.4475,False,15.9489,2883.4899,2.9652,15.4939,0.9719,1.4826,6.0538,Selected PATH_A with highest valid ARPS score (1.4475) satisfying all retinal preservation constraints.,True,True,True
aptos_1146,1,1,0.99151987,1,0.9916032,1,0.9935881,PATH_A,1.3464,False,34.0235,3286.0405,2.9652,33.9208,0.9805,1.4826,0.2585,Selected PATH_A with highest valid ARPS score (1.3464) satisfying all retinal preservation constraints.,True,True,True
aptos_2001,0,0,0.004232114,0,0.010196015,0,0.0077514723,PATH_A,1.1464,False,44.1307,4602.0562,2.9652,39.5056,0.9696,1.4826,-3.9006,Selected PATH_A with highest valid ARPS score (1.1464) satisfying all retinal preservation constraints.,True,True,True
aptos_1387,0,0,0.0048064217,0,0.01588271,0,0.010589187,PATH_C,0.8641,False,16.3638,3611.8221,2.9652,7.89,0.9723,1.4826,-2.5505,Selected PATH_C with highest valid ARPS score (0.8641) satisfying all retinal preservation constraints.,True,True,True
aptos_3575,0,0,0.0041809017,0,0.0011915886,0,0.011999242,PATH_A,1.3959,False,18.3091,1979.3319,2.9652,18.9327,0.9847,1.4826,1.5293,Selected PATH_A with highest valid ARPS score (1.3959) satisfying all retinal preservation constraints.,True,True,True
aptos_0741,0,1,0.7830355,0,0.100627944,0,0.041856855,PATH_A,1.3904,False,28.0205,3077.8174,2.9652,22.8595,0.9804,1.4826,3.9326,Selected PATH_A with highest valid ARPS score (1.3904) satisfying all retinal preservation constraints.,False,True,True
aptos_1492,1,1,0.9309748,1,0.9864492,1,0.9917333,PATH_A,1.3825,False,24.7995,4427.4707,2.9652,24.4812,0.9814,1.4826,2.6956,Selected PATH_A with highest valid ARPS score (1.3825) satisfying all retinal preservation constraints.,True,True,True
aptos_2025,0,0,0.008388382,0,0.008568504,0,0.019713974,PATH_B,0.3917,False,17.8469,539.3495,1.4826,15.7954,0.894,0.0,-0.1765,Selected PATH_B with highest valid ARPS score (0.3917) satisfying all retinal preservation constraints.,True,True,True
aptos_0829,1,1,0.9941916,1,0.99629045,1,0.9958307,PATH_A,1.4181,False,18.9361,2540.2196,2.9652,15.845,0.9791,1.4826,3.9165,Selected PATH_A with highest valid ARPS score (1.4181) satisfying all retinal preservation constraints.,True,True,True
aptos_0213,1,1,0.9941083,1,0.99738926,1,0.99639845,PATH_A,1.4764,False,12.5499,2503.5815,2.9652,10.3234,0.9395,1.4826,5.6255,Selected PATH_A with highest valid ARPS score (1.4764) satisfying all retinal preservation constraints.,True,True,True
aptos_2562,1,1,0.9841389,1,0.9950773,1,0.9956108,PATH_A,1.4114,False,17.4528,1634.6176,2.9652,18.6124,0.9726,1.4826,3.8053,Selected PATH_A with highest valid ARPS score (1.4114) satisfying all retinal preservation constraints.,True,True,True
aptos_2987,1,0,0.026586382,0,0.01246359,0,0.048851,PATH_A,1.0386,False,21.2282,980.5713,1.4826,26.9137,0.9476,1.4826,0.671,Selected PATH_A with highest valid ARPS score (1.0386) satisfying all retinal preservation constraints.,False,False,False
aptos_0996,1,1,0.9884642,1,0.99738675,1,0.99659294,PATH_A,1.4244,False,15.2877,1782.2086,2.9652,15.7979,0.9743,1.4826,3.8733,Selected PATH_A with highest valid ARPS score (1.4244) satisfying all retinal preservation constraints.,True,True,True
aptos_3423,1,1,0.9944963,1,0.9966912,1,0.99602365,PATH_C,1.1275,False,18.2825,2020.0426,2.9652,6.5033,0.9779,1.4826,5.3458,Selected PATH_C with highest valid ARPS score (1.1275) satisfying all retinal preservation constraints.,True,True,True
aptos_3397,1,1,0.99498934,1,0.99688727,1,0.99665725,PATH_A,1.4607,False,14.7547,1816.6681,2.9652,11.6108,0.9602,1.4826,5.8032,Selected PATH_A with highest valid ARPS score (1.4607) satisfying all retinal preservation constraints.,True,True,True
aptos_2310,0,0,0.011831432,0,0.0066812965,0,0.020520953,PATH_A,1.3814,False,22.8335,1784.3912,1.4826,28.2983,0.9503,0.0,3.2324,Selected PATH_A with highest valid ARPS score (1.3814) satisfying all retinal preservation constraints.,True,True,True
aptos_0469,1,1,0.99369544,1,0.996579,1,0.9959888,PATH_A,1.4456,False,16.4347,2392.7494,2.9652,15.0603,0.977,1.4826,5.9618,Selected PATH_A with highest valid ARPS score (1.4456) satisfying all retinal preservation constraints.,True,True,True
aptos_0699,1,1,0.99579537,1,0.99704725,1,0.9965495,PATH_A,1.4317,False,20.7962,2539.5815,2.9652,17.1023,0.9771,1.4826,6.654,Selected PATH_A with highest valid ARPS score (1.4317) satisfying all retinal preservation constraints.,True,True,True
aptos_1604,1,1,0.99464333,1,0.9975955,1,0.9970591,PATH_A,1.4085,False,16.7794,1798.9807,2.9652,16.462,0.9677,1.4826,2.4842,Selected PATH_A with highest valid ARPS score (1.4085) satisfying all retinal preservation constraints.,True,True,True
aptos_1161,1,1,0.9964051,1,0.9968731,1,0.99674267,PATH_A,1.4402,False,15.0367,1573.5633,2.9652,12.5455,0.9693,1.4826,4.4729,Selected PATH_A with highest valid ARPS score (1.4402) satisfying all retinal preservation constraints.,True,True,True
aptos_1209,1,1,0.99221134,1,0.9959984,1,0.99199986,PATH_C,0.617,False,14.3688,1781.4963,2.9652,10.0816,0.9712,1.4826,-1.1712,Selected PATH_C with highest valid ARPS score (0.6170) satisfying all retinal preservation constraints.,True,True,True
aptos_0273,1,1,0.99206126,1,0.9951066,1,0.9957787,PATH_A,1.4222,False,17.6809,2027.8555,2.9652,15.4588,0.975,1.4826,4.0795,Selected PATH_A with highest valid ARPS score (1.4222) satisfying all retinal preservation constraints.,True,True,True
aptos_3105,1,1,0.9938917,1,0.9965114,1,0.9966691,PATH_A,1.4428,False,16.2334,2990.8008,2.9652,13.4009,0.9835,1.4826,5.2067,Selected PATH_A with highest valid ARPS score (1.4428) satisfying all retinal preservation constraints.,True,True,True
aptos_2499,0,0,0.012475975,0,0.025775522,0,0.018831097,PATH_B,0.3919,False,17.1038,575.4059,1.4826,15.7565,0.9135,0.0,-0.9558,Selected PATH_B with highest valid ARPS score (0.3919) satisfying all retinal preservation constraints.,True,True,True
aptos_0643,0,0,0.009094594,0,0.0046743,0,0.013489871,PATH_B,0.4651,False,21.7032,524.6271,1.4826,32.4161,0.8811,0.0,4.0836,Selected PATH_B with highest valid ARPS score (0.4651) satisfying all retinal preservation constraints.,True,True,True
aptos_2393,1,1,0.953008,1,0.9696529,1,0.9920481,PATH_B,0.503,False,21.274,641.8847,1.4826,19.2548,0.9208,0.0,-0.139,Selected PATH_B with highest valid ARPS score (0.5030) satisfying all retinal preservation constraints.,True,True,True
aptos_2401,1,1,0.99459696,1,0.9969067,1,0.99633044,PATH_A,1.4289,False,15.2755,1813.9944,2.9652,13.5001,0.9673,1.4826,3.7155,Selected PATH_A with highest valid ARPS score (1.4289) satisfying all retinal preservation constraints.,True,True,True
aptos_0492,1,1,0.99398226,1,0.9970835,1,0.9961516,PATH_A,1.4342,False,16.4859,1554.1267,2.9652,14.1064,0.9728,1.4826,4.724,Selected PATH_A with highest valid ARPS score (1.4342) satisfying all retinal preservation constraints.,True,True,True
aptos_2009,0,0,0.014182176,0,0.019700062,0,0.020103829,PATH_B,0.3928,False,18.9216,617.6166,1.4826,15.4237,0.9152,0.0,2.1598,Selected PATH_B with highest valid ARPS score (0.3928) satisfying all retinal preservation constraints.,True,True,True
aptos_2462,0,0,0.012206799,0,0.012931082,0,0.020882558,PATH_B,0.4036,False,15.6034,595.5626,1.4826,14.7713,0.9031,0.0,-0.4107,Selected PATH_B with highest valid ARPS score (0.4036) satisfying all retinal preservation constraints.,True,True,True
aptos_1287,1,1,0.99328834,1,0.99749386,1,0.9946601,PATH_C,1.062,False,14.6634,1926.8375,2.9652,6.6926,0.9796,1.4826,4.3727,Selected PATH_C with highest valid ARPS score (1.0620) satisfying all retinal preservation constraints.,True,True,True
aptos_0502,1,1,0.9939976,1,0.99664295,1,0.99498427,PATH_C,1.1381,False,13.961,2042.0033,2.9652,8.3294,0.9783,1.4826,0.861,Selected PATH_C with highest valid ARPS score (1.1381) satisfying all retinal preservation constraints.,True,True,True
aptos_0220,1,1,0.99293476,1,0.99506456,1,0.9961642,PATH_C,1.4104,False,15.4071,1427.9421,2.9652,6.1813,0.9635,1.4826,-2.7555,Selected PATH_C with highest valid ARPS score (1.4104) satisfying all retinal preservation constraints.,True,True,True
aptos_2355,1,1,0.95670253,0,0.2543223,0,0.050041012,PATH_A,1.3806,False,24.1808,1715.3717,2.9652,29.0609,0.9795,1.4826,4.9463,Selected PATH_A with highest valid ARPS score (1.3806) satisfying all retinal preservation constraints.,True,False,False
aptos_0852,0,0,0.0022970657,0,0.0011609825,0,0.012180085,PATH_A,1.4168,False,20.4781,1821.1225,2.9652,16.4593,0.9776,1.4826,4.3175,Selected PATH_A with highest valid ARPS score (1.4168) satisfying all retinal preservation constraints.,True,True,True
aptos_1267,1,1,0.9945939,1,0.9968569,1,0.9958903,PATH_A,1.4538,False,14.3374,1836.6935,2.9652,13.3779,0.9692,1.4826,5.4711,Selected PATH_A with highest valid ARPS score (1.4538) satisfying all retinal preservation constraints.,True,True,True
aptos_2209,1,1,0.99159944,1,0.99508035,1,0.9961654,PATH_A,1.3837,False,21.1718,1458.3901,2.9652,22.3061,0.9716,1.4826,1.3951,Selected PATH_A with highest valid ARPS score (1.3837) satisfying all retinal preservation constraints.,True,True,True
aptos_3091,0,0,0.006935242,0,0.013941688,0,0.020902868,PATH_B,0.401,False,17.3548,597.7829,1.4826,15.9041,0.9075,0.0,0.1446,Selected PATH_B with highest valid ARPS score (0.4010) satisfying all retinal preservation constraints.,True,True,True
aptos_0781,1,1,0.98663795,1,0.99641967,1,0.9968125,PATH_A,1.4742,False,15.0432,2422.8225,2.9652,10.2477,0.9833,1.4826,6.4279,Selected PATH_A with highest valid ARPS score (1.4742) satisfying all retinal preservation constraints.,True,True,True
aptos_0201,0,0,0.009583809,0,0.018582176,0,0.01989225,PATH_C,0.9601,False,13.9536,2768.2269,2.9652,7.2923,0.9736,1.4826,-0.6929,Selected PATH_C with highest valid ARPS score (0.9601) satisfying all retinal preservation constraints.,True,True,True
aptos_3117,0,0,0.03835018,0,0.014595262,0,0.025667138,PATH_A,1.4687,False,18.2905,5076.8879,4.4478,16.3071,0.9766,1.4826,0.9436,Selected PATH_A with highest valid ARPS score (1.4687) satisfying all retinal preservation constraints.,True,True,True
aptos_2742,0,0,0.004184898,0,0.013136754,0,0.019344037,PATH_B,0.3904,False,18.8465,639.8363,1.4826,15.7778,0.9052,0.0,0.3365,Selected PATH_B with highest valid ARPS score (0.3904) satisfying all retinal preservation constraints.,True,True,True
aptos_1309,0,0,0.0038418907,0,0.001551109,0,0.01054626,PATH_A,1.4093,False,20.1569,1981.122,2.9652,19.1895,0.9708,1.4826,4.3462,Selected PATH_A with highest valid ARPS score (1.4093) satisfying all retinal preservation constraints.,True,True,True
aptos_0507,1,1,0.9962025,1,0.99683434,1,0.9961754,PATH_A,1.4146,False,18.5268,3976.0034,2.9652,13.314,0.9864,1.4826,2.0574,Selected PATH_A with highest valid ARPS score (1.4146) satisfying all retinal preservation constraints.,True,True,True
aptos_2261,1,1,0.98896116,1,0.9957755,1,0.99370074,PATH_B,0.4945,False,19.5946,811.4934,1.4826,18.5867,0.925,0.0,0.7465,Selected PATH_B with highest valid ARPS score (0.4945) satisfying all retinal preservation constraints.,True,True,True
aptos_0879,1,1,0.99093807,1,0.9970638,1,0.99189174,PATH_C,0.9523,False,18.8381,2592.1598,2.9652,8.3085,0.9747,1.4826,2.6972,Selected PATH_C with highest valid ARPS score (0.9523) satisfying all retinal preservation constraints.,True,True,True
aptos_2903,1,1,0.9936458,1,0.99562943,1,0.99539834,PATH_C,1.0604,False,14.5869,1996.0182,2.9652,8.5376,0.971,1.4826,-0.733,Selected PATH_C with highest valid ARPS score (1.0604) satisfying all retinal preservation constraints.,True,True,True
aptos_1094,1,1,0.933795,1,0.98647773,1,0.9917996,PATH_A,1.4415,False,32.5046,5457.0402,4.4478,26.6524,0.9711,1.4826,2.5001,Selected PATH_A with highest valid ARPS score (1.4415) satisfying all retinal preservation constraints.,True,True,True
aptos_1703,0,0,0.002795078,0,0.0054683303,0,0.013919994,PATH_A,0.9697,False,20.6931,5967.8232,2.9652,12.903,0.9717,1.4826,3.6274,Selected PATH_A with highest valid ARPS score (0.9697) satisfying all retinal preservation constraints.,True,True,True
aptos_0357,1,1,0.98771954,1,0.99653816,1,0.99515164,PATH_C,0.9461,False,15.5418,1976.2703,2.9652,9.0221,0.9703,1.4826,0.7661,Selected PATH_C with highest valid ARPS score (0.9461) satisfying all retinal preservation constraints.,True,True,True
aptos_0364,1,1,0.99315345,1,0.9971998,1,0.9953478,PATH_A,1.4381,False,15.4514,3038.0217,2.9652,13.8549,0.971,1.4826,4.7294,Selected PATH_A with highest valid ARPS score (1.4381) satisfying all retinal preservation constraints.,True,True,True
aptos_2117,0,0,0.0023988786,0,0.0011981775,0,0.010023388,PATH_A,1.4296,False,18.5761,2303.71,2.9652,13.7384,0.9793,1.4826,4.5842,Selected PATH_A with highest valid ARPS score (1.4296) satisfying all retinal preservation constraints.,True,True,True
aptos_0228,1,1,0.9962089,1,0.9973145,1,0.9962914,PATH_A,1.4037,False,25.9652,3461.228,2.9652,17.8293,0.966,1.4826,3.6599,Selected PATH_A with highest valid ARPS score (1.4037) satisfying all retinal preservation constraints.,True,True,True
aptos_2338,1,1,0.99547786,1,0.99706954,1,0.9967559,PATH_A,1.4267,False,18.7466,4103.814,2.9652,13.388,0.9833,1.4826,4.0689,Selected PATH_A with highest valid ARPS score (1.4267) satisfying all retinal preservation constraints.,True,True,True
aptos_0952,1,1,0.99420834,1,0.99655616,1,0.9960896,PATH_A,1.4382,False,14.4512,2449.7136,2.9652,12.6194,0.9752,1.4826,4.1064,Selected PATH_A with highest valid ARPS score (1.4382) satisfying all retinal preservation constraints.,True,True,True
aptos_3605,0,0,0.0027216387,0,0.003553605,0,0.014805925,PATH_A,1.0605,False,20.8405,4801.6171,2.9652,15.4536,0.9763,1.4826,2.165,Selected PATH_A with highest valid ARPS score (1.0605) satisfying all retinal preservation constraints.,True,True,True
aptos_0378,1,1,0.9939208,1,0.99635977,1,0.9941748,PATH_C,1.4226,False,13.2413,664.0625,1.4826,8.6773,0.9605,0.0,2.5219,Selected PATH_C with highest valid ARPS score (1.4226) satisfying all retinal preservation constraints.,True,True,True
aptos_2609,1,1,0.9951637,1,0.9968861,1,0.9959688,PATH_A,1.4542,False,16.6589,3096.4019,2.9652,11.755,0.9782,1.4826,5.9709,Selected PATH_A with highest valid ARPS score (1.4542) satisfying all retinal preservation constraints.,True,True,True
aptos_1055,1,1,0.9917048,1,0.9969695,1,0.9964014,PATH_A,1.4252,False,16.9247,1673.3497,2.9652,13.0692,0.978,1.4826,3.4056,Selected PATH_A with highest valid ARPS score (1.4252) satisfying all retinal preservation constraints.,True,True,True
aptos_1382,0,0,0.008367708,0,0.009007297,0,0.022560373,PATH_B,0.4779,False,32.9485,1356.1803,1.4826,27.8623,0.9345,0.0,2.4125,Selected PATH_B with highest valid ARPS score (0.4779) satisfying all retinal preservation constraints.,True,True,True
aptos_1243,0,0,0.0045436053,0,0.0015990782,0,0.011991754,PATH_A,1.39,False,18.0899,3111.8425,2.9652,19.8495,0.9729,1.4826,1.0374,Selected PATH_A with highest valid ARPS score (1.3900) satisfying all retinal preservation constraints.,True,True,True
aptos_3430,1,1,0.9916494,1,0.996684,1,0.9935976,PATH_C,1.0489,False,15.0136,2260.8301,2.9652,8.1345,0.9743,1.4826,-2.0583,Selected PATH_C with highest valid ARPS score (1.0489) satisfying all retinal preservation constraints.,True,True,True
aptos_1958,1,1,0.99534446,1,0.9967073,1,0.9967488,PATH_C,1.5686,False,21.1387,965.9508,1.4826,6.185,0.9662,0.0,9.8356,Selected PATH_C with highest valid ARPS score (1.5686) satisfying all retinal preservation constraints.,True,True,True
aptos_2771,0,0,0.0030127617,0,0.009305726,0,0.0136324745,PATH_C,0.8176,False,18.1349,3773.9841,2.9652,7.5334,0.9664,1.4826,-0.7503,Selected PATH_C with highest valid ARPS score (0.8176) satisfying all retinal preservation constraints.,True,True,True
aptos_0402,1,1,0.9966517,1,0.9972199,1,0.9969823,PATH_A,1.4375,False,14.2954,1367.8048,2.9652,12.1105,0.9525,1.4826,4.014,Selected PATH_A with highest valid ARPS score (1.4375) satisfying all retinal preservation constraints.,True,True,True
aptos_0269,1,0,0.022115825,0,0.017288053,0,0.018539285,PATH_C,1.0392,False,13.859,2913.8834,2.9652,8.1396,0.9706,1.4826,-2.0785,Selected PATH_C with highest valid ARPS score (1.0392) satisfying all retinal preservation constraints.,False,False,False
aptos_0180,0,0,0.017996833,0,0.015603402,0,0.023588292,PATH_C,0.9941,False,13.7228,2986.4034,2.9652,8.3449,0.9734,1.4826,-4.2363,Selected PATH_C with highest valid ARPS score (0.9941) satisfying all retinal preservation constraints.,True,True,True
aptos_1481,0,0,0.004203014,0,0.0014147607,0,0.012196029,PATH_B,0.524,False,21.3096,661.5502,1.4826,21.5158,0.916,0.0,0.1867,Selected PATH_B with highest valid ARPS score (0.5240) satisfying all retinal preservation constraints.,True,True,True
aptos_3137,0,0,0.013056159,0,0.015653793,0,0.044136126,PATH_A,1.0233,False,12.5735,2907.9434,2.9652,11.8797,0.9666,1.4826,1.3635,Selected PATH_A with highest valid ARPS score (1.0233) satisfying all retinal preservation constraints.,True,True,True
aptos_1557,0,0,0.00646432,0,0.01172949,0,0.027731415,PATH_A,1.2515,False,14.5576,3353.1508,2.9652,13.1723,0.9777,1.4826,2.0932,Selected PATH_A with highest valid ARPS score (1.2515) satisfying all retinal preservation constraints.,True,True,True
aptos_1609,0,0,0.012206827,0,0.018503284,0,0.024229681,PATH_A,1.4389,False,26.8748,1773.3172,1.4826,27.0957,0.9673,0.0,2.0824,Selected PATH_A with highest valid ARPS score (1.4389) satisfying all retinal preservation constraints.,True,True,True
aptos_2627,0,0,0.019227253,0,0.013736602,0,0.049271703,PATH_A,1.518,False,21.8256,1534.8187,1.4826,25.8892,0.959,0.0,2.9997,Selected PATH_A with highest valid ARPS score (1.5180) satisfying all retinal preservation constraints.,True,True,True
aptos_1371,0,0,0.015557576,0,0.008979465,0,0.03248659,PATH_A,1.2277,False,27.3361,2436.1395,2.9652,27.2466,0.9664,1.4826,1.6081,Selected PATH_A with highest valid ARPS score (1.2277) satisfying all retinal preservation constraints.,True,True,True
aptos_2152,1,1,0.99556834,1,0.9966608,1,0.99639845,PATH_A,1.4402,False,14.8307,2090.6041,2.9652,10.5592,0.9631,1.4826,3.9354,Selected PATH_A with highest valid ARPS score (1.4402) satisfying all retinal preservation constraints.,True,True,True
aptos_0815,1,1,0.99528044,1,0.99714154,1,0.99679995,PATH_A,1.4369,False,16.2369,1925.5726,2.9652,12.6764,0.9795,1.4826,4.4656,Selected PATH_A with highest valid ARPS score (1.4369) satisfying all retinal preservation constraints.,True,True,True
aptos_0682,1,0,0.09369711,0,0.027648142,1,0.9931606,PATH_A,1.3872,False,22.2809,2253.4573,2.9652,25.2822,0.9841,1.4826,3.7815,Selected PATH_A with highest valid ARPS score (1.3872) satisfying all retinal preservation constraints.,False,False,True
aptos_0794,1,0,0.01227179,0,0.014627446,0,0.017581485,PATH_C,0.9755,False,15.33,3021.7035,2.9652,8.479,0.9722,1.4826,-0.8335,Selected PATH_C with highest valid ARPS score (0.9755) satisfying all retinal preservation constraints.,False,False,False
aptos_1648,1,1,0.9920765,1,0.99641454,1,0.99636626,PATH_C,1.4059,False,16.6598,1362.4914,2.9652,8.8996,0.9642,1.4826,-2.1513,Selected PATH_C with highest valid ARPS score (1.4059) satisfying all retinal preservation constraints.,True,True,True
aptos_0120,1,1,0.994749,1,0.99707043,1,0.995581,PATH_A,1.4223,False,18.789,3053.7491,2.9652,18.7336,0.9773,1.4826,5.4793,Selected PATH_A with highest valid ARPS score (1.4223) satisfying all retinal preservation constraints.,True,True,True
aptos_2919,1,1,0.9917602,1,0.9958735,1,0.99493563,PATH_A,1.4275,False,16.8281,3451.1244,2.9652,13.7841,0.9764,1.4826,3.9418,Selected PATH_A with highest valid ARPS score (1.4275) satisfying all retinal preservation constraints.,True,True,True
aptos_0779,1,1,0.9957712,1,0.9963834,1,0.9959149,PATH_C,1.1488,False,17.8221,1741.6489,2.9652,6.8464,0.9732,1.4826,6.7736,Selected PATH_C with highest valid ARPS score (1.1488) satisfying all retinal preservation constraints.,True,True,True
aptos_1320,0,0,0.008078872,0,0.0116264215,0,0.027027588,PATH_B,0.4023,False,16.7924,551.6481,1.4826,14.5548,0.9029,0.0,0.9482,Selected PATH_B with highest valid ARPS score (0.4023) satisfying all retinal preservation constraints.,True,True,True
aptos_0004,0,0,0.008843325,0,0.0031176382,0,0.013699048,PATH_B,0.5143,False,18.3983,357.9891,1.4826,26.6299,0.8928,0.0,1.9913,Selected PATH_B with highest valid ARPS score (0.5143) satisfying all retinal preservation constraints.,True,True,True
aptos_3234,0,0,0.002159663,0,0.0011165523,0,0.009892355,PATH_A,1.4306,False,17.0262,1746.5825,2.9652,14.4225,0.9665,1.4826,4.6327,Selected PATH_A with highest valid ARPS score (1.4306) satisfying all retinal preservation constraints.,True,True,True
aptos_1928,1,1,0.9939126,1,0.9970511,1,0.99483204,PATH_C,1.127,False,15.465,1933.4112,2.9652,6.8501,0.9822,1.4826,3.7963,Selected PATH_C with highest valid ARPS score (1.1270) satisfying all retinal preservation constraints.,True,True,True
aptos_2354,0,0,0.015250992,0,0.015152068,0,0.016446942,PATH_C,0.9789,False,13.4236,2820.3435,2.9652,7.6749,0.9741,1.4826,-1.8828,Selected PATH_C with highest valid ARPS score (0.9789) satisfying all retinal preservation constraints.,True,True,True
aptos_2011,1,1,0.9956899,1,0.9967763,1,0.9961144,PATH_A,1.4297,False,17.6676,2693.2651,2.9652,15.426,0.9731,1.4826,4.9777,Selected PATH_A with highest valid ARPS score (1.4297) satisfying all retinal preservation constraints.,True,True,True
aptos_1505,1,1,0.9930762,1,0.9966718,1,0.9958754,PATH_C,1.4425,False,16.5188,1218.1959,2.9652,7.4339,0.9733,1.4826,3.5443,Selected PATH_C with highest valid ARPS score (1.4425) satisfying all retinal preservation constraints.,True,True,True
aptos_3274,1,1,0.99371463,1,0.99711823,1,0.99596417,PATH_A,1.3856,False,29.2903,1848.1674,2.9652,24.713,0.9727,1.4826,4.3701,Selected PATH_A with highest valid ARPS score (1.3856) satisfying all retinal preservation constraints.,True,True,True
aptos_0343,1,1,0.9918057,1,0.9970139,1,0.9962715,PATH_A,1.4449,False,17.964,2731.1597,2.9652,12.5295,0.9806,1.4826,5.7459,Selected PATH_A with highest valid ARPS score (1.4449) satisfying all retinal preservation constraints.,True,True,True
aptos_3379,0,0,0.008435419,0,0.013515761,0,0.024511784,PATH_A,1.349,False,25.4387,3075.8655,2.9652,28.3048,0.9632,1.4826,3.6249,Selected PATH_A with highest valid ARPS score (1.3490) satisfying all retinal preservation constraints.,True,True,True
aptos_1598,0,0,0.01106238,0,0.0152894445,0,0.033848416,PATH_A,1.4333,False,23.0254,5490.7919,4.4478,19.5086,0.9791,1.4826,2.9368,Selected PATH_A with highest valid ARPS score (1.4333) satisfying all retinal preservation constraints.,True,True,True
aptos_2316,1,1,0.98975945,1,0.99579656,1,0.9949239,PATH_C,1.4311,False,12.8377,1513.9317,2.9652,7.1568,0.9766,1.4826,1.3986,Selected PATH_C with highest valid ARPS score (1.4311) satisfying all retinal preservation constraints.,True,True,True
aptos_2344,0,0,0.05021957,0,0.37469327,0,0.44853196,PATH_C,1.2985,False,21.3679,2955.1383,2.9652,9.2848,0.9778,1.4826,-0.1006,Selected PATH_C with highest valid ARPS score (1.2985) satisfying all retinal preservation constraints.,True,True,True
aptos_0302,0,0,0.006378274,0,0.0060588024,0,0.019985436,PATH_B,0.4014,False,19.2833,629.9137,1.4826,16.6633,0.9174,0.0,0.7386,Selected PATH_B with highest valid ARPS score (0.4014) satisfying all retinal preservation constraints.,True,True,True
aptos_3260,1,0,0.021173365,0,0.011661317,0,0.028712079,PATH_A,1.5091,False,22.2896,1859.7691,1.4826,27.573,0.9604,0.0,2.1717,Selected PATH_A with highest valid ARPS score (1.5091) satisfying all retinal preservation constraints.,False,False,False
aptos_1511,0,0,0.0065639447,0,0.00378988,0,0.010872345,PATH_C,1.0694,False,16.0392,3446.4234,2.9652,7.6552,0.9698,1.4826,-2.7261,Selected PATH_C with highest valid ARPS score (1.0694) satisfying all retinal preservation constraints.,True,True,True
aptos_1768,0,0,0.0048452765,0,0.0070660193,0,0.017121254,PATH_C,0.8626,False,15.8469,3052.6446,2.9652,7.4439,0.9711,1.4826,0.3597,Selected PATH_C with highest valid ARPS score (0.8626) satisfying all retinal preservation constraints.,True,True,True
aptos_1184,1,1,0.9926381,1,0.9964754,1,0.99593145,PATH_A,1.425,False,18.8935,3279.4934,2.9652,13.8836,0.9797,1.4826,4.0842,Selected PATH_A with highest valid ARPS score (1.4250) satisfying all retinal preservation constraints.,True,True,True
aptos_2544,1,1,0.99413836,1,0.9960905,1,0.99583983,PATH_A,1.3849,False,22.1547,3209.0413,2.9652,20.7152,0.9795,1.4826,0.5134,Selected PATH_A with highest valid ARPS score (1.3849) satisfying all retinal preservation constraints.,True,True,True
aptos_2325,1,0,0.023419928,0,0.017189393,0,0.017553685,PATH_C,1.0597,False,14.6939,3419.3481,2.9652,8.4878,0.9764,1.4826,-0.9118,Selected PATH_C with highest valid ARPS score (1.0597) satisfying all retinal preservation constraints.,False,False,False
aptos_3009,1,1,0.98689497,1,0.9941146,1,0.99466276,PATH_A,1.308,False,26.3635,2538.0542,2.9652,19.4286,0.9733,1.4826,5.4157,Selected PATH_A with highest valid ARPS score (1.3080) satisfying all retinal preservation constraints.,True,True,True
aptos_0842,0,0,0.006788594,0,0.010645805,0,0.017692689,PATH_B,0.4072,False,18.8965,635.5146,1.4826,15.3417,0.907,0.0,2.1969,Selected PATH_B with highest valid ARPS score (0.4072) satisfying all retinal preservation constraints.,True,True,True
aptos_3155,0,0,0.030320654,0,0.016502341,0,0.025386661,PATH_B,0.4102,False,14.9464,417.813,1.4826,16.7722,0.904,0.0,0.6023,Selected PATH_B with highest valid ARPS score (0.4102) satisfying all retinal preservation constraints.,True,True,True
aptos_2570,0,0,0.023976805,0,0.015999481,0,0.032076415,PATH_A,1.1828,False,17.869,3373.8529,2.9652,15.899,0.9707,1.4826,2.8282,Selected PATH_A with highest valid ARPS score (1.1828) satisfying all retinal preservation constraints.,True,True,True
aptos_2185,0,0,0.002919515,0,0.0013674196,0,0.0086137885,PATH_A,1.3837,False,22.4851,2512.1445,2.9652,20.8146,0.9825,1.4826,0.2152,Selected PATH_A with highest valid ARPS score (1.3837) satisfying all retinal preservation constraints.,True,True,True
aptos_1484,1,1,0.99204284,1,0.99685186,1,0.9960848,PATH_A,1.4266,False,15.63,2495.9693,2.9652,13.3082,0.974,1.4826,3.428,Selected PATH_A with highest valid ARPS score (1.4266) satisfying all retinal preservation constraints.,True,True,True
aptos_3499,1,1,0.99102306,1,0.99627125,1,0.9939766,PATH_C,1.4453,False,13.3655,1457.8396,2.9652,6.5189,0.9727,1.4826,2.8966,Selected PATH_C with highest valid ARPS score (1.4453) satisfying all retinal preservation constraints.,True,True,True
aptos_0877,1,1,0.9870767,1,0.9960979,1,0.9947572,PATH_C,1.4324,False,13.7106,1647.9469,2.9652,6.4108,0.9726,1.4826,1.4278,Selected PATH_C with highest valid ARPS score (1.4324) satisfying all retinal preservation constraints.,True,True,True
aptos_3400,0,0,0.0037056434,0,0.016410366,0,0.015408049,PATH_C,0.8755,False,14.941,3023.7052,2.9652,6.7835,0.967,1.4826,-3.5034,Selected PATH_C with highest valid ARPS score (0.8755) satisfying all retinal preservation constraints.,True,True,True
aptos_1850,1,1,0.9916426,1,0.99646276,1,0.99614835,PATH_A,1.3929,False,18.1094,1693.7451,2.9652,19.5824,0.9775,1.4826,1.4049,Selected PATH_A with highest valid ARPS score (1.3929) satisfying all retinal preservation constraints.,True,True,True
aptos_1439,1,1,0.99519724,1,0.99716955,1,0.9966292,PATH_A,1.4411,False,17.1933,2041.2849,2.9652,12.9465,0.9752,1.4826,5.2795,Selected PATH_A with highest valid ARPS score (1.4411) satisfying all retinal preservation constraints.,True,True,True
aptos_0256,0,0,0.009457217,0,0.02153824,0,0.036972035,PATH_A,0.9989,False,18.3974,3813.2402,2.9652,15.3084,0.9735,1.4826,0.2948,Selected PATH_A with highest valid ARPS score (0.9989) satisfying all retinal preservation constraints.,True,True,True
aptos_0259,0,0,0.002710125,0,0.0014168513,0,0.011270073,PATH_A,1.4273,False,16.8901,1749.0621,2.9652,15.3406,0.9662,1.4826,4.5198,Selected PATH_A with highest valid ARPS score (1.4273) satisfying all retinal preservation constraints.,True,True,True
aptos_2369,0,0,0.0029873005,0,0.0011744524,0,0.00550098,PATH_A,1.4172,False,19.5612,4395.2547,2.9652,16.4573,0.9794,1.4826,4.1575,Selected PATH_A with highest valid ARPS score (1.4172) satisfying all retinal preservation constraints.,True,True,True
aptos_0513,1,1,0.99474275,1,0.99630034,1,0.9953069,PATH_A,1.432,False,17.3494,3472.4922,2.9652,13.7483,0.9747,1.4826,4.599,Selected PATH_A with highest valid ARPS score (1.4320) satisfying all retinal preservation constraints.,True,True,True
aptos_2875,0,0,0.0023354047,0,0.0014704058,0,0.012874906,PATH_B,0.4869,False,25.7061,821.6525,1.4826,22.1923,0.9074,0.0,0.5979,Selected PATH_B with highest valid ARPS score (0.4869) satisfying all retinal preservation constraints.,True,True,True
aptos_0219,1,1,0.9938783,1,0.9953531,1,0.99435425,PATH_B,0.4431,False,23.6538,997.699,1.4826,15.2072,0.8805,0.0,2.5985,Selected PATH_B with highest valid ARPS score (0.4431) satisfying all retinal preservation constraints.,True,True,True
aptos_3573,0,0,0.007048554,0,0.012823157,0,0.020085178,PATH_B,0.4045,False,20.997,714.3098,1.4826,17.5197,0.916,0.0,-0.7132,Selected PATH_B with highest valid ARPS score (0.4045) satisfying all retinal preservation constraints.,True,True,True
aptos_2972,0,0,0.16860746,0,0.023353385,0,0.015726471,PATH_B,0.4138,False,16.353,425.5174,1.4826,17.606,0.9048,0.0,0.7061,Selected PATH_B with highest valid ARPS score (0.4138) satisfying all retinal preservation constraints.,True,True,True
aptos_1468,0,0,0.006153678,0,0.0013326273,0,0.0073815244,PATH_A,1.3726,False,24.4802,2397.179,2.9652,24.8675,0.981,1.4826,0.3754,Selected PATH_A with highest valid ARPS score (1.3726) satisfying all retinal preservation constraints.,True,True,True
aptos_0870,0,1,0.9896763,0,0.0037837117,0,0.21134795,PATH_C,1.5789,False,15.4057,858.0499,1.4826,7.3873,0.9686,0.0,3.1352,Selected PATH_C with highest valid ARPS score (1.5789) satisfying all retinal preservation constraints.,False,True,True
aptos_2060,0,0,0.005428369,0,0.008308287,0,0.017535416,PATH_B,0.4047,False,18.8661,687.0652,1.4826,15.5925,0.9157,0.0,-0.6101,Selected PATH_B with highest valid ARPS score (0.4047) satisfying all retinal preservation constraints.,True,True,True
aptos_0868,0,0,0.0038466451,0,0.001477774,0,0.013378717,PATH_B,0.4861,False,22.0015,539.858,1.4826,22.6763,0.8912,0.0,3.0301,Selected PATH_B with highest valid ARPS score (0.4861) satisfying all retinal preservation constraints.,True,True,True
aptos_2894,1,1,0.99239904,1,0.9951439,1,0.9942855,PATH_C,1.3273,False,12.6586,1732.6724,2.9652,9.0603,0.9728,1.4826,-2.0301,Selected PATH_C with highest valid ARPS score (1.3273) satisfying all retinal preservation constraints.,True,True,True
aptos_3460,1,1,0.9937117,1,0.99618006,1,0.9942709,PATH_C,1.0798,False,13.7156,1801.1956,2.9652,9.9195,0.9745,1.4826,-1.8599,Selected PATH_C with highest valid ARPS score (1.0798) satisfying all retinal preservation constraints.,True,True,True
aptos_0083,0,0,0.003514428,0,0.0012418956,0,0.010799482,PATH_A,1.5804,False,16.6574,1228.4574,1.4826,15.2396,0.9707,0.0,5.8559,Selected PATH_A with highest valid ARPS score (1.5804) satisfying all retinal preservation constraints.,True,True,True
aptos_0872,1,1,0.88872313,0,0.029296538,1,0.9711015,PATH_A,1.3476,False,27.9479,2064.0456,2.9652,37.074,0.9753,1.4826,3.3269,Selected PATH_A with highest valid ARPS score (1.3476) satisfying all retinal preservation constraints.,True,False,True
aptos_2752,0,0,0.0020584478,0,0.0014262001,0,0.009968857,PATH_C,0.7189,False,14.5038,572.2497,1.4826,12.1653,0.9529,0.0,0.6837,Selected PATH_C with highest valid ARPS score (0.7189) satisfying all retinal preservation constraints.,True,True,True
aptos_2205,1,1,0.9881958,1,0.9943646,1,0.99555343,PATH_C,1.2539,False,17.2404,1587.7169,2.9652,8.3979,0.9701,1.4826,-1.5448,Selected PATH_C with highest valid ARPS score (1.2539) satisfying all retinal preservation constraints.,True,True,True
aptos_1679,0,0,0.0035644493,0,0.001317087,0,0.012430585,PATH_C,0.5701,False,13.1035,1072.1227,2.9652,11.1268,0.9667,1.4826,-4.6095,Selected PATH_C with highest valid ARPS score (0.5701) satisfying all retinal preservation constraints.,True,True,True
aptos_1356,1,1,0.9941842,1,0.9967097,1,0.99617046,PATH_A,1.4197,False,20.8558,4357.2645,2.9652,16.4982,0.9743,1.4826,4.89,Selected PATH_A with highest valid ARPS score (1.4197) satisfying all retinal preservation constraints.,True,True,True
aptos_0562,1,1,0.9858188,1,0.9952389,1,0.98421115,PATH_C,1.3743,False,10.1862,1795.6305,2.9652,7.9257,0.9775,1.4826,-1.4778,Selected PATH_C with highest valid ARPS score (1.3743) satisfying all retinal preservation constraints.,True,True,True
aptos_0181,1,1,0.99590635,1,0.99723816,1,0.9964283,PATH_A,1.4524,False,15.7971,3148.6489,2.9652,11.8142,0.9812,1.4826,5.5147,Selected PATH_A with highest valid ARPS score (1.4524) satisfying all retinal preservation constraints.,True,True,True
aptos_2605,0,0,0.0047841817,0,0.008269404,0,0.020815514,PATH_B,0.383,False,19.491,534.6649,1.4826,17.5156,0.9029,0.0,-1.643,Selected PATH_B with highest valid ARPS score (0.3830) satisfying all retinal preservation constraints.,True,True,True
aptos_1156,1,1,0.98904455,1,0.9959188,1,0.99421567,PATH_C,1.1243,False,16.2041,2881.7408,2.9652,7.9724,0.97,1.4826,-3.6208,Selected PATH_C with highest valid ARPS score (1.1243) satisfying all retinal preservation constraints.,True,True,True
aptos_0109,1,1,0.994439,1,0.9971642,1,0.9950151,PATH_A,1.4191,False,20.7554,3608.4759,2.9652,19.4373,0.978,1.4826,5.895,Selected PATH_A with highest valid ARPS score (1.4191) satisfying all retinal preservation constraints.,True,True,True
aptos_2656,0,0,0.0019950354,0,0.0012361554,0,0.0075346837,PATH_C,0.6854,False,22.1448,1165.1904,1.4826,13.2768,0.9563,0.0,0.3575,Selected PATH_C with highest valid ARPS score (0.6854) satisfying all retinal preservation constraints.,True,True,True
aptos_2349,0,0,0.017442616,0,0.013156451,0,0.029799243,PATH_A,1.52,False,24.7137,2083.4495,1.4826,26.7709,0.974,0.0,4.1383,Selected PATH_A with highest valid ARPS score (1.5200) satisfying all retinal preservation constraints.,True,True,True
aptos_2975,1,1,0.9933389,1,0.99660754,1,0.99553937,PATH_A,1.4269,False,15.9598,2544.9531,2.9652,15.5714,0.9722,1.4826,4.2588,Selected PATH_A with highest valid ARPS score (1.4269) satisfying all retinal preservation constraints.,True,True,True
aptos_3620,1,1,0.9913368,1,0.9967631,1,0.99621934,PATH_C,1.4257,False,18.509,1942.6266,2.9652,7.0806,0.9696,1.4826,1.0469,Selected PATH_C with highest valid ARPS score (1.4257) satisfying all retinal preservation constraints.,True,True,True
aptos_2139,0,0,0.016571328,0,0.016549366,0,0.019210782,PATH_B,0.4135,False,15.4158,425.3318,1.4826,15.4851,0.8951,0.0,0.9653,Selected PATH_B with highest valid ARPS score (0.4135) satisfying all retinal preservation constraints.,True,True,True
aptos_1957,1,1,0.9935277,1,0.9975012,1,0.9944969,PATH_C,1.3692,False,15.507,2527.7084,2.9652,6.253,0.9792,1.4826,4.4498,Selected PATH_C with highest valid ARPS score (1.3692) satisfying all retinal preservation constraints.,True,True,True
aptos_1462,0,0,0.015999498,0,0.018198866,0,0.013233017,PATH_C,1.038,False,14.3912,3442.306,2.9652,8.0905,0.9727,1.4826,-2.9118,Selected PATH_C with highest valid ARPS score (1.0380) satisfying all retinal preservation constraints.,True,True,True
aptos_2197,0,0,0.0030995274,0,0.0012892442,0,0.010483283,PATH_C,0.6799,False,14.5165,874.2737,1.4826,10.0203,0.9641,0.0,-4.2405,Selected PATH_C with highest valid ARPS score (0.6799) satisfying all retinal preservation constraints.,True,True,True
aptos_2807,1,1,0.9938659,1,0.9967908,1,0.9966209,PATH_A,1.4195,False,20.4967,3035.9136,2.9652,14.3516,0.9684,1.4826,3.9067,Selected PATH_A with highest valid ARPS score (1.4195) satisfying all retinal preservation constraints.,True,True,True
aptos_2277,1,1,0.99065405,1,0.9951839,1,0.99423367,PATH_C,1.3738,False,12.6872,1683.4784,2.9652,8.4,0.9643,1.4826,-3.0435,Selected PATH_C with highest valid ARPS score (1.3738) satisfying all retinal preservation constraints.,True,True,True
aptos_1837,0,0,0.0043519377,0,0.010210177,0,0.011690167,PATH_C,1.0101,False,15.6388,3453.0933,2.9652,7.5397,0.9751,1.4826,-2.0408,Selected PATH_C with highest valid ARPS score (1.0101) satisfying all retinal preservation constraints.,True,True,True
aptos_1848,1,0,0.49868995,1,0.99080956,0,0.040709097,PATH_A,0.9698,False,37.6663,6310.4091,2.9652,18.8528,0.9805,1.4826,1.4741,Selected PATH_A with highest valid ARPS score (0.9698) satisfying all retinal preservation constraints.,False,True,False
aptos_2913,1,1,0.9905862,1,0.99664295,1,0.99606496,PATH_A,1.3973,False,25.3862,1921.2083,2.9652,22.0194,0.9678,1.4826,4.7192,Selected PATH_A with highest valid ARPS score (1.3973) satisfying all retinal preservation constraints.,True,True,True
aptos_3279,1,1,0.99302363,1,0.99706525,1,0.9968923,PATH_A,1.4391,False,18.3758,2633.4401,2.9652,12.4657,0.9745,1.4826,5.2855,Selected PATH_A with highest valid ARPS score (1.4391) satisfying all retinal preservation constraints.,True,True,True
aptos_2587,1,1,0.9876852,1,0.99397427,1,0.9914758,PATH_A,1.3709,False,29.6721,1499.0713,1.4826,21.8884,0.9652,0.0,-0.4596,Selected PATH_A with highest valid ARPS score (1.3709) satisfying all retinal preservation constraints.,True,True,True
aptos_2607,0,0,0.00630022,0,0.012062209,0,0.016201213,PATH_C,0.9075,False,16.0371,3021.2088,2.9652,8.7498,0.9761,1.4826,3.9944,Selected PATH_C with highest valid ARPS score (0.9075) satisfying all retinal preservation constraints.,True,True,True
aptos_1806,0,0,0.0038603204,0,0.014403948,0,0.029555108,PATH_A,1.2732,False,26.8651,2709.2053,1.4826,29.2568,0.9704,0.0,0.5245,Selected PATH_A with highest valid ARPS score (1.2732) satisfying all retinal preservation constraints.,True,True,True
aptos_2689,0,0,0.0052199224,0,0.001207948,0,0.006972351,PATH_A,1.408,False,16.1162,2063.072,2.9652,17.4151,0.9794,1.4826,2.5839,Selected PATH_A with highest valid ARPS score (1.4080) satisfying all retinal preservation constraints.,True,True,True
aptos_0887,1,1,0.99466246,1,0.99646145,1,0.9969932,PATH_A,1.4459,False,18.8577,2703.6928,2.9652,11.298,0.9717,1.4826,5.8327,Selected PATH_A with highest valid ARPS score (1.4459) satisfying all retinal preservation constraints.,True,True,True
aptos_3437,1,0,0.0071736043,0,0.017234659,0,0.02207094,PATH_B,0.3845,False,18.8477,563.0108,1.4826,16.7296,0.9183,0.0,-1.335,Selected PATH_B with highest valid ARPS score (0.3845) satisfying all retinal preservation constraints.,False,False,False
aptos_2486,1,1,0.9910266,1,0.99418676,1,0.9897563,PATH_A,1.4847,False,27.3547,1183.1941,1.4826,38.4945,0.9724,0.0,4.0822,Selected PATH_A with highest valid ARPS score (1.4847) satisfying all retinal preservation constraints.,True,True,True
aptos_1383,0,0,0.005513441,0,0.013044731,0,0.021519708,PATH_B,0.3877,False,19.783,574.6981,1.4826,18.129,0.9076,0.0,0.449,Selected PATH_B with highest valid ARPS score (0.3877) satisfying all retinal preservation constraints.,True,True,True
aptos_2924,1,1,0.9850839,1,0.98857147,1,0.994478,PATH_A,1.555,False,10.7871,732.8752,1.4826,16.8372,0.9511,0.0,2.5147,Selected PATH_A with highest valid ARPS score (1.5550) satisfying all retinal preservation constraints.,True,True,True
aptos_0549,0,0,0.015474946,0,0.015679618,0,0.015751837,PATH_B,0.4025,False,20.4969,629.8019,1.4826,18.454,0.9185,0.0,-1.7632,Selected PATH_B with highest valid ARPS score (0.4025) satisfying all retinal preservation constraints.,True,True,True
aptos_2132,0,0,0.0058550406,0,0.011113483,0,0.019329118,PATH_A,1.3658,False,32.5407,4403.2337,2.9652,31.2453,0.9762,1.4826,4.3937,Selected PATH_A with highest valid ARPS score (1.3658) satisfying all retinal preservation constraints.,True,True,True
aptos_3480,1,1,0.9940228,1,0.9968162,1,0.9963552,PATH_A,1.4243,False,13.988,1356.4699,2.9652,13.8987,0.9706,1.4826,3.0289,Selected PATH_A with highest valid ARPS score (1.4243) satisfying all retinal preservation constraints.,True,True,True
aptos_2406,0,0,0.014095392,0,0.011635077,0,0.035674706,PATH_A,1.1864,False,21.9297,1191.3544,1.4826,25.3858,0.962,1.4826,3.3251,Selected PATH_A with highest valid ARPS score (1.1864) satisfying all retinal preservation constraints.,True,True,True
aptos_3416,0,0,0.021010425,0,0.007348042,0,0.03623558,PATH_A,1.5621,False,15.1938,1125.0758,1.4826,18.6018,0.9683,0.0,4.6245,Selected PATH_A with highest valid ARPS score (1.5621) satisfying all retinal preservation constraints.,True,True,True
aptos_1813,0,0,0.01299862,0,0.021488365,0,0.024599446,PATH_A,1.4229,False,21.5243,5094.2622,4.4478,18.2235,0.9821,1.4826,-0.4327,Selected PATH_A with highest valid ARPS score (1.4229) satisfying all retinal preservation constraints.,True,True,True
aptos_3587,1,0,0.024180537,0,0.032926697,0,0.08498472,PATH_A,1.3645,False,27.6899,3436.1749,2.9652,27.1273,0.9759,1.4826,-0.025,Selected PATH_A with highest valid ARPS score (1.3645) satisfying all retinal preservation constraints.,False,False,False
aptos_2651,0,0,0.009544043,0,0.008777524,0,0.02158504,PATH_B,0.3957,False,19.07,619.7667,1.4826,17.2931,0.9068,0.0,-0.1717,Selected PATH_B with highest valid ARPS score (0.3957) satisfying all retinal preservation constraints.,True,True,True
aptos_1759,0,0,0.0031173148,0,0.0013925863,0,0.012641282,PATH_A,1.3876,False,19.3773,2207.7699,2.9652,20.5621,0.981,1.4826,0.9121,Selected PATH_A with highest valid ARPS score (1.3876) satisfying all retinal preservation constraints.,True,True,True
aptos_0816,0,0,0.0019912035,0,0.0014449031,0,0.010182279,PATH_A,1.4064,False,17.86,2640.125,2.9652,16.2062,0.979,1.4826,2.0695,Selected PATH_A with highest valid ARPS score (1.4064) satisfying all retinal preservation constraints.,True,True,True
aptos_0694,1,1,0.99175745,1,0.99709916,1,0.99669003,PATH_A,1.4151,False,23.1508,1615.5488,2.9652,14.9308,0.9709,1.4826,3.8422,Selected PATH_A with highest valid ARPS score (1.4151) satisfying all retinal preservation constraints.,True,True,True
aptos_2255,1,1,0.9915268,1,0.9963601,1,0.99651897,PATH_A,1.4237,False,20.7302,3876.1086,2.9652,14.8477,0.9751,1.4826,4.7556,Selected PATH_A with highest valid ARPS score (1.4237) satisfying all retinal preservation constraints.,True,True,True
aptos_0437,0,0,0.0050669676,0,0.0017540457,0,0.010288092,PATH_A,1.4148,False,13.4084,1934.2814,2.9652,16.3395,0.9756,1.4826,2.5932,Selected PATH_A with highest valid ARPS score (1.4148) satisfying all retinal preservation constraints.,True,True,True
aptos_3576,1,1,0.99146044,1,0.99627644,1,0.9957266,PATH_A,1.4213,False,14.4101,1512.7018,2.9652,14.6782,0.9712,1.4826,3.0276,Selected PATH_A with highest valid ARPS score (1.4213) satisfying all retinal preservation constraints.,True,True,True
aptos_2820,0,0,0.009296283,0,0.016810281,0,0.024580184,PATH_B,0.3709,False,19.2803,558.9103,1.4826,16.1163,0.897,0.0,-1.7355,Selected PATH_B with highest valid ARPS score (0.3709) satisfying all retinal preservation constraints.,True,True,True
aptos_0653,1,1,0.687181,0,0.012001011,0,0.1907928,PATH_A,1.4988,False,23.3467,1355.6517,1.4826,38.2457,0.9695,0.0,5.9414,Selected PATH_A with highest valid ARPS score (1.4988) satisfying all retinal preservation constraints.,True,False,False
aptos_3603,1,1,0.99141544,1,0.99511933,1,0.99031574,PATH_C,1.2063,False,14.3235,2720.7721,2.9652,8.4878,0.9737,1.4826,-2.4764,Selected PATH_C with highest valid ARPS score (1.2063) satisfying all retinal preservation constraints.,True,True,True
aptos_3449,0,0,0.0045132595,0,0.0015543279,0,0.013213237,PATH_B,0.7248,False,17.2949,417.6707,0.0,19.126,0.8962,-1.4826,1.1314,Selected PATH_B with highest valid ARPS score (0.7248) satisfying all retinal preservation constraints.,True,True,True
aptos_2899,0,0,0.0018408675,0,0.0012036338,0,0.013680042,PATH_B,0.4523,False,29.7819,487.6818,1.4826,22.9916,0.8783,0.0,-0.4054,Selected PATH_B with highest valid ARPS score (0.4523) satisfying all retinal preservation constraints.,True,True,True
aptos_0533,1,1,0.99104077,1,0.9966401,1,0.9956553,PATH_A,1.428,False,17.3558,2500.8458,2.9652,15.9802,0.9735,1.4826,4.8658,Selected PATH_A with highest valid ARPS score (1.4280) satisfying all retinal preservation constraints.,True,True,True
aptos_2082,1,1,0.99664116,1,0.9970601,1,0.9969599,PATH_A,1.4783,False,11.8335,1315.8883,2.9652,10.259,0.9646,1.4826,5.3035,Selected PATH_A with highest valid ARPS score (1.4783) satisfying all retinal preservation constraints.,True,True,True
aptos_2043,0,0,0.010137501,0,0.012228506,0,0.026939677,PATH_B,0.4038,False,19.845,422.9012,1.4826,22.3855,0.8907,0.0,2.0389,Selected PATH_B with highest valid ARPS score (0.4038) satisfying all retinal preservation constraints.,True,True,True
aptos_1780,0,0,0.0020658623,0,0.001343822,0,0.009226807,PATH_A,1.3915,False,20.3582,2043.8595,2.9652,19.556,0.9677,1.4826,1.3962,Selected PATH_A with highest valid ARPS score (1.3915) satisfying all retinal preservation constraints.,True,True,True
aptos_0198,1,1,0.9943189,1,0.99655485,1,0.9948666,PATH_C,0.9295,False,12.1894,1446.2173,2.9652,8.0491,0.973,1.4826,-0.6752,Selected PATH_C with highest valid ARPS score (0.9295) satisfying all retinal preservation constraints.,True,True,True
aptos_3219,0,0,0.005687655,0,0.0012103216,0,0.011415083,PATH_B,0.6391,False,19.5891,296.988,0.0,19.3576,0.8598,-1.4826,4.3043,Selected PATH_B with highest valid ARPS score (0.6391) satisfying all retinal preservation constraints.,True,True,True
aptos_3492,0,0,0.0060948404,0,0.014220402,0,0.028914483,PATH_A,1.1162,False,15.4648,3102.5613,2.9652,13.7658,0.9643,1.4826,0.2454,Selected PATH_A with highest valid ARPS score (1.1162) satisfying all retinal preservation constraints.,True,True,True
aptos_0457,0,0,0.00647011,0,0.016852884,0,0.024691494,PATH_B,0.3793,False,16.8474,549.9581,1.4826,14.3493,0.9119,0.0,0.0501,Selected PATH_B with highest valid ARPS score (0.3793) satisfying all retinal preservation constraints.,True,True,True
aptos_0185,0,0,0.0029165954,0,0.0015907753,0,0.010241402,PATH_A,1.4158,False,15.8934,2500.9599,2.9652,17.5022,0.9782,1.4826,3.5706,Selected PATH_A with highest valid ARPS score (1.4158) satisfying all retinal preservation constraints.,True,True,True
aptos_3524,1,1,0.990408,1,0.9971283,1,0.9959223,PATH_A,1.4196,False,16.2765,3025.8727,2.9652,14.5757,0.9482,1.4826,3.3672,Selected PATH_A with highest valid ARPS score (1.4196) satisfying all retinal preservation constraints.,True,True,True
aptos_2204,0,0,0.004899899,0,0.006423801,0,0.01368546,PATH_C,0.8664,False,15.5685,2989.8027,2.9652,7.0939,0.9729,1.4826,-0.9747,Selected PATH_C with highest valid ARPS score (0.8664) satisfying all retinal preservation constraints.,True,True,True
aptos_3287,1,1,0.99544024,1,0.9961468,1,0.9959473,PATH_A,1.4357,False,24.2867,4782.7047,2.9652,15.5329,0.9817,1.4826,7.6695,Selected PATH_A with highest valid ARPS score (1.4357) satisfying all retinal preservation constraints.,True,True,True
aptos_1201,1,1,0.99074847,1,0.99656135,1,0.994079,PATH_C,1.4113,False,12.4475,1221.5353,2.9652,7.8654,0.972,1.4826,-1.236,Selected PATH_C with highest valid ARPS score (1.4113) satisfying all retinal preservation constraints.,True,True,True
aptos_0806,1,1,0.995726,1,0.99629694,1,0.99632156,PATH_A,1.4242,False,24.8852,3168.3884,2.9652,14.7113,0.9835,1.4826,5.6125,Selected PATH_A with highest valid ARPS score (1.4242) satisfying all retinal preservation constraints.,True,True,True
aptos_3248,0,0,0.0045307516,0,0.01062605,0,0.011262208,PATH_C,0.9979,False,15.518,3662.4347,2.9652,7.7653,0.9755,1.4826,-2.8457,Selected PATH_C with highest valid ARPS score (0.9979) satisfying all retinal preservation constraints.,True,True,True
aptos_2580,0,0,0.011083403,0,0.013677694,0,0.029911105,PATH_A,1.2483,False,15.9322,3690.0658,2.9652,13.6237,0.9788,1.4826,1.9422,Selected PATH_A with highest valid ARPS score (1.2483) satisfying all retinal preservation constraints.,True,True,True
aptos_2340,1,1,0.99504954,1,0.9967667,1,0.99605715,PATH_A,1.4023,False,20.9858,2464.4792,2.9652,23.7129,0.9518,1.4826,5.5722,Selected PATH_A with highest valid ARPS score (1.4023) satisfying all retinal preservation constraints.,True,True,True
aptos_3087,0,0,0.0019821227,0,0.001262523,0,0.009611939,PATH_A,1.3668,False,32.2172,1960.2957,2.9652,23.9896,0.9809,1.4826,-2.9944,Selected PATH_A with highest valid ARPS score (1.3668) satisfying all retinal preservation constraints.,True,True,True
aptos_0368,1,1,0.99025726,1,0.99599105,1,0.9954764,PATH_A,1.4502,False,15.1268,1557.1764,2.9652,13.8121,0.9715,1.4826,5.5932,Selected PATH_A with highest valid ARPS score (1.4502) satisfying all retinal preservation constraints.,True,True,True
aptos_0286,0,0,0.0029162907,0,0.014036763,0,0.034247067,PATH_A,1.1238,False,18.0458,4180.3778,2.9652,14.399,0.9693,1.4826,1.5264,Selected PATH_A with highest valid ARPS score (1.1238) satisfying all retinal preservation constraints.,True,True,True
aptos_1017,1,1,0.9939194,1,0.99611855,1,0.9963446,PATH_A,1.4322,False,15.3492,2429.0597,2.9652,13.9927,0.9707,1.4826,4.1902,Selected PATH_A with highest valid ARPS score (1.4322) satisfying all retinal preservation constraints.,True,True,True
aptos_1744,1,1,0.9870984,1,0.98922604,1,0.99528897,PATH_A,1.0934,False,34.6006,4899.176,2.9652,30.623,0.9738,1.4826,-0.949,Selected PATH_A with highest valid ARPS score (1.0934) satisfying all retinal preservation constraints.,True,True,True
aptos_1446,1,1,0.9949673,1,0.99698323,1,0.9962237,PATH_A,1.4014,False,17.9101,2248.7919,2.9652,19.4541,0.9677,1.4826,2.8643,Selected PATH_A with highest valid ARPS score (1.4014) satisfying all retinal preservation constraints.,True,True,True
aptos_2806,0,0,0.007797923,0,0.0069953837,0,0.014161545,PATH_C,0.9479,False,15.1642,2835.3675,2.9652,8.9581,0.9668,1.4826,-2.1148,Selected PATH_C with highest valid ARPS score (0.9479) satisfying all retinal preservation constraints.,True,True,True
aptos_2357,1,1,0.98289067,1,0.9764814,1,0.9942159,PATH_A,1.3804,False,23.2758,2517.6051,2.9652,27.2753,0.9763,1.4826,3.829,Selected PATH_A with highest valid ARPS score (1.3804) satisfying all retinal preservation constraints.,True,True,True
aptos_1277,0,0,0.0068746917,0,0.0014587076,0,0.015005814,PATH_B,0.6328,False,18.6538,347.5959,0.0,27.1283,0.8706,-1.4826,3.6562,Selected PATH_B with highest valid ARPS score (0.6328) satisfying all retinal preservation constraints.,True,True,True
aptos_2363,1,1,0.9894462,1,0.9959816,1,0.99602556,PATH_A,1.319,False,16.3907,2207.0193,2.9652,14.1426,0.9754,1.4826,2.7739,Selected PATH_A with highest valid ARPS score (1.3190) satisfying all retinal preservation constraints.,True,True,True
aptos_3476,0,0,0.021822652,0,0.04727361,0,0.2060553,PATH_A,1.3283,False,31.9638,3213.851,2.9652,37.4963,0.9731,1.4826,1.9736,Selected PATH_A with highest valid ARPS score (1.3283) satisfying all retinal preservation constraints.,True,True,True
aptos_2281,0,0,0.0065727937,0,0.002117767,0,0.01728572,PATH_B,0.4461,False,21.4297,467.0132,1.4826,29.2343,0.8788,0.0,1.1742,Selected PATH_B with highest valid ARPS score (0.4461) satisfying all retinal preservation constraints.,True,True,True
aptos_2976,0,0,0.08887333,0,0.021550799,0,0.02582727,PATH_B,0.5286,False,27.2472,802.5349,1.4826,20.2957,0.9219,0.0,2.75,Selected PATH_B with highest valid ARPS score (0.5286) satisfying all retinal preservation constraints.,True,True,True
aptos_0456,1,1,0.9902261,1,0.99611664,1,0.99390644,PATH_A,1.4387,False,14.0517,2008.2859,2.9652,14.0276,0.9786,1.4826,4.3538,Selected PATH_A with highest valid ARPS score (1.4387) satisfying all retinal preservation constraints.,True,True,True
aptos_2228,0,0,0.004135659,0,0.001707018,0,0.008743112,PATH_B,0.4729,False,23.9901,1133.1109,1.4826,23.5608,0.9271,0.0,-0.2666,Selected PATH_B with highest valid ARPS score (0.4729) satisfying all retinal preservation constraints.,True,True,True
aptos_3547,1,1,0.9936166,1,0.99576,1,0.9962599,PATH_A,1.4364,False,15.6467,2317.2719,2.9652,12.4662,0.9784,1.4826,4.2047,Selected PATH_A with highest valid ARPS score (1.4364) satisfying all retinal preservation constraints.,True,True,True
aptos_2995,1,1,0.99095774,1,0.9924891,1,0.99338406,PATH_A,1.5414,False,17.2411,1117.7651,1.4826,22.4062,0.9771,0.0,4.0599,Selected PATH_A with highest valid ARPS score (1.5414) satisfying all retinal preservation constraints.,True,True,True
aptos_3252,0,0,0.0048394464,0,0.0012058986,0,0.006456644,PATH_A,1.386,False,20.871,2734.5836,2.9652,21.7121,0.9729,1.4826,1.4843,Selected PATH_A with highest valid ARPS score (1.3860) satisfying all retinal preservation constraints.,True,True,True
aptos_0722,1,1,0.99288553,1,0.9972262,1,0.99492586,PATH_C,1.3867,False,15.5319,1643.0477,2.9652,6.8394,0.9719,1.4826,2.946,Selected PATH_C with highest valid ARPS score (1.3867) satisfying all retinal preservation constraints.,True,True,True
aptos_2663,1,1,0.9922134,1,0.99651223,1,0.9959235,PATH_A,1.443,False,16.1077,3197.7789,2.9652,11.1052,0.9803,1.4826,4.5917,Selected PATH_A with highest valid ARPS score (1.4430) satisfying all retinal preservation constraints.,True,True,True
aptos_3238,1,0,0.028630685,0,0.024527539,0,0.019572271,PATH_B,0.4051,False,16.3987,585.959,1.4826,15.2229,0.9266,0.0,-0.5543,Selected PATH_B with highest valid ARPS score (0.4051) satisfying all retinal preservation constraints.,False,False,False
aptos_2963,1,1,0.99203306,1,0.9972761,1,0.9962643,PATH_A,1.4255,False,17.9709,1727.5633,2.9652,15.3223,0.9632,1.4826,4.6158,Selected PATH_A with highest valid ARPS score (1.4255) satisfying all retinal preservation constraints.,True,True,True
aptos_0950,0,0,0.0052103046,0,0.0013364173,0,0.0068989233,PATH_A,1.429,False,17.088,3691.2103,2.9652,17.1679,0.9848,1.4826,5.1608,Selected PATH_A with highest valid ARPS score (1.4290) satisfying all retinal preservation constraints.,True,True,True
aptos_3447,1,1,0.98653597,1,0.99581724,1,0.99549884,PATH_C,1.1589,False,16.1591,1502.5839,2.9652,8.4769,0.9667,1.4826,0.4928,Selected PATH_C with highest valid ARPS score (1.1589) satisfying all retinal preservation constraints.,True,True,True
aptos_1523,1,1,0.98944724,1,0.9950552,1,0.99501437,PATH_A,1.4109,False,18.1686,2391.5294,2.9652,19.6098,0.9663,1.4826,4.3299,Selected PATH_A with highest valid ARPS score (1.4109) satisfying all retinal preservation constraints.,True,True,True
aptos_2584,0,0,0.40309915,1,0.992035,1,0.899526,PATH_A,1.4177,False,18.6328,2918.7256,2.9652,15.5302,0.9739,1.4826,3.7154,Selected PATH_A with highest valid ARPS score (1.4177) satisfying all retinal preservation constraints.,True,False,False
aptos_0335,0,1,0.9834992,1,0.877653,1,0.9696237,PATH_A,1.3712,False,32.803,2701.5892,2.9652,25.5843,0.9804,1.4826,0.7448,Selected PATH_A with highest valid ARPS score (1.3712) satisfying all retinal preservation constraints.,False,False,False
aptos_2946,1,1,0.9907644,1,0.9859629,1,0.99540085,PATH_A,1.3809,False,25.3394,3144.9868,2.9652,23.9793,0.9552,1.4826,2.4601,Selected PATH_A with highest valid ARPS score (1.3809) satisfying all retinal preservation constraints.,True,True,True
aptos_2440,1,0,0.030699067,0,0.17867827,0,0.064147554,PATH_A,1.5062,False,26.6956,1340.3581,1.4826,30.7544,0.9631,0.0,4.0646,Selected PATH_A with highest valid ARPS score (1.5062) satisfying all retinal preservation constraints.,False,False,False
aptos_1950,0,0,0.0021467907,0,0.0014175464,0,0.013606326,PATH_C,0.7229,False,18.2312,925.4194,1.4826,8.7042,0.9645,0.0,-1.5609,Selected PATH_C with highest valid ARPS score (0.7229) satisfying all retinal preservation constraints.,True,True,True
aptos_2474,1,1,0.9914892,1,0.99692374,1,0.9963021,PATH_A,1.3971,False,20.8959,2200.5613,2.9652,19.5358,0.9741,1.4826,2.4974,Selected PATH_A with highest valid ARPS score (1.3971) satisfying all retinal preservation constraints.,True,True,True
aptos_0385,1,1,0.9948146,1,0.9969187,1,0.99655116,PATH_A,1.4232,False,17.9371,2404.3368,2.9652,13.5071,0.959,1.4826,3.6865,Selected PATH_A with highest valid ARPS score (1.4232) satisfying all retinal preservation constraints.,True,True,True
aptos_2045,1,1,0.99363285,1,0.9964619,1,0.99592906,PATH_A,1.4175,False,17.2671,3014.9809,2.9652,14.4424,0.9585,1.4826,3.1346,Selected PATH_A with highest valid ARPS score (1.4175) satisfying all retinal preservation constraints.,True,True,True
aptos_2476,0,0,0.0050586807,0,0.005647355,0,0.021114346,PATH_B,0.3867,False,20.8741,611.9042,1.4826,18.3518,0.9054,0.0,-0.4982,Selected PATH_B with highest valid ARPS score (0.3867) satisfying all retinal preservation constraints.,True,True,True
aptos_0593,1,1,0.9920706,1,0.99695265,1,0.9965389,PATH_A,1.4377,False,19.7632,2851.8664,2.9652,14.6916,0.9664,1.4826,6.3113,Selected PATH_A with highest valid ARPS score (1.4377) satisfying all retinal preservation constraints.,True,True,True
aptos_0030,0,0,0.0038685824,0,0.008954718,0,0.015339737,PATH_C,0.9011,False,15.8229,2842.9754,2.9652,7.5227,0.975,1.4826,1.188,Selected PATH_C with highest valid ARPS score (0.9011) satisfying all retinal preservation constraints.,True,True,True
aptos_3121,0,0,0.014083793,0,0.013221328,0,0.02776093,PATH_C,0.9048,False,16.3859,3339.8045,2.9652,8.9049,0.9746,1.4826,0.7335,Selected PATH_C with highest valid ARPS score (0.9048) satisfying all retinal preservation constraints.,True,True,True
aptos_2454,0,0,0.043482065,0,0.026238251,0,0.015879408,PATH_C,1.1074,False,13.2028,3303.4368,2.9652,7.7538,0.9713,1.4826,-3.5853,Selected PATH_C with highest valid ARPS score (1.1074) satisfying all retinal preservation constraints.,True,True,True
aptos_1690,0,0,0.024644144,0,0.018530505,0,0.041172907,PATH_A,1.3771,False,27.1786,3634.0659,2.9652,24.8379,0.983,1.4826,1.7059,Selected PATH_A with highest valid ARPS score (1.3771) satisfying all retinal preservation constraints.,True,True,True
aptos_0521,0,1,0.98054916,1,0.99546754,1,0.99468404,PATH_A,1.4138,False,18.0089,2096.0042,2.9652,18.2394,0.9747,1.4826,4.0919,Selected PATH_A with highest valid ARPS score (1.4138) satisfying all retinal preservation constraints.,False,False,False
aptos_3512,0,0,0.005138626,0,0.008916262,0,0.0133063095,PATH_C,0.9968,False,15.8999,3470.6359,2.9652,7.7067,0.975,1.4826,-4.1185,Selected PATH_C with highest valid ARPS score (0.9968) satisfying all retinal preservation constraints.,True,True,True
aptos_2162,0,0,0.019326046,0,0.019362029,0,0.01636438,PATH_C,1.0679,False,14.0036,3266.7128,2.9652,7.7791,0.9693,1.4826,-2.9957,Selected PATH_C with highest valid ARPS score (1.0679) satisfying all retinal preservation constraints.,True,True,True
aptos_0245,1,1,0.99300647,1,0.9960252,1,0.99669766,PATH_A,1.4537,False,15.353,2415.5135,2.9652,11.4256,0.9806,1.4826,5.3792,Selected PATH_A with highest valid ARPS score (1.4537) satisfying all retinal preservation constraints.,True,True,True
aptos_3376,1,1,0.9954397,1,0.9972029,1,0.9924402,PATH_A,1.454,False,15.3464,2132.6721,2.9652,11.7935,0.9738,1.4826,5.5186,Selected PATH_A with highest valid ARPS score (1.4540) satisfying all retinal preservation constraints.,True,True,True
aptos_3318,1,1,0.9907945,1,0.99725765,1,0.9946332,PATH_A,1.4941,False,11.3708,2332.6044,2.9652,10.1282,0.9644,1.4826,5.6983,Selected PATH_A with highest valid ARPS score (1.4941) satisfying all retinal preservation constraints.,True,True,True
aptos_1661,0,0,0.0036942202,0,0.0061863875,0,0.019415924,PATH_B,0.409,False,17.4794,693.3571,1.4826,15.2601,0.9215,0.0,0.5913,Selected PATH_B with highest valid ARPS score (0.4090) satisfying all retinal preservation constraints.,True,True,True
aptos_1061,0,0,0.0079336725,0,0.014757378,0,0.015833804,PATH_B,0.3998,False,20.2267,563.9247,1.4826,18.5476,0.9156,0.0,-0.2151,Selected PATH_B with highest valid ARPS score (0.3998) satisfying all retinal preservation constraints.,True,True,True
aptos_2126,1,1,0.99429893,1,0.9973035,1,0.99675107,PATH_A,1.4584,False,14.1015,1619.3553,2.9652,11.8236,0.9796,1.4826,5.3477,Selected PATH_A with highest valid ARPS score (1.4584) satisfying all retinal preservation constraints.,True,True,True
aptos_1859,0,0,0.01742343,0,0.016218562,0,0.015901718,PATH_B,0.4245,False,17.5991,594.3988,1.4826,18.2427,0.9273,0.0,-0.1725,Selected PATH_B with highest valid ARPS score (0.4245) satisfying all retinal preservation constraints.,True,True,True
aptos_2819,0,0,0.0071948166,0,0.0014636988,0,0.017733699,PATH_A,1.4102,False,19.6414,1603.4875,2.9652,20.4462,0.9788,1.4826,4.7913,Selected PATH_A with highest valid ARPS score (1.4102) satisfying all retinal preservation constraints.,True,True,True
aptos_1818,1,1,0.991712,1,0.99587965,1,0.9958406,PATH_A,1.4095,False,16.7918,2752.0866,2.9652,16.5936,0.9781,1.4826,2.586,Selected PATH_A with highest valid ARPS score (1.4095) satisfying all retinal preservation constraints.,True,True,True
aptos_3403,0,0,0.007163433,0,0.0077325706,0,0.044141598,PATH_A,1.3952,False,24.6505,2958.7075,2.9652,20.9928,0.9832,1.4826,3.3008,Selected PATH_A with highest valid ARPS score (1.3952) satisfying all retinal preservation constraints.,True,True,True
aptos_1585,0,0,0.015405287,0,0.01605217,0,0.05223277,PATH_A,1.3988,False,20.0482,1552.3551,2.9652,25.7249,0.9643,1.4826,5.4872,Selected PATH_A with highest valid ARPS score (1.3988) satisfying all retinal preservation constraints.,True,True,True
aptos_3465,1,1,0.98933125,1,0.99468493,1,0.9957307,PATH_A,1.4167,False,22.2887,3433.7679,2.9652,16.3937,0.9766,1.4826,4.6547,Selected PATH_A with highest valid ARPS score (1.4167) satisfying all retinal preservation constraints.,True,True,True
aptos_0345,1,1,0.99094087,1,0.9969408,1,0.9959073,PATH_A,1.4035,False,19.1908,1901.1116,2.9652,20.3833,0.9707,1.4826,3.7768,Selected PATH_A with highest valid ARPS score (1.4035) satisfying all retinal preservation constraints.,True,True,True
aptos_1118,0,0,0.001917021,0,0.0013102662,0,0.009461399,PATH_A,1.4056,False,25.1557,1656.5555,2.9652,15.9748,0.9777,1.4826,2.5798,Selected PATH_A with highest valid ARPS score (1.4056) satisfying all retinal preservation constraints.,True,True,True
aptos_0041,1,1,0.98533905,1,0.9157865,1,0.9902019,PATH_A,1.5481,False,17.5047,1116.7216,1.4826,21.7599,0.9511,0.0,4.9108,Selected PATH_A with highest valid ARPS score (1.5481) satisfying all retinal preservation constraints.,True,True,True
aptos_2124,0,0,0.0052504167,0,0.010543761,0,0.015582075,PATH_C,0.9686,False,15.3939,3482.2854,2.9652,7.9161,0.9747,1.4826,-0.0664,Selected PATH_C with highest valid ARPS score (0.9686) satisfying all retinal preservation constraints.,True,True,True
aptos_3421,0,0,0.0135281645,0,0.014370626,0,0.011586289,PATH_C,1.0323,False,15.1869,3688.7201,2.9652,8.1648,0.9795,1.4826,-2.6959,Selected PATH_C with highest valid ARPS score (1.0323) satisfying all retinal preservation constraints.,True,True,True
aptos_2594,1,1,0.9955375,1,0.9973098,1,0.99637103,PATH_A,1.4621,False,15.2581,2440.6612,2.9652,10.6931,0.9626,1.4826,5.9055,Selected PATH_A with highest valid ARPS score (1.4621) satisfying all retinal preservation constraints.,True,True,True
